[{"id": 0, "clone_class": "vSWBpyr.java", "pairs": [{"type": 1, "id": "Xhlm"}], "metadata": {"mass": 4, "length": 28, "sloc": 7}, "location": {"file": "c:/temp/cloneProject/ParBUUwI/vSWBpyr.java", "row": 17, "column": 15, "offset": [12, 58]}, "fragment": "if (isEmpty(var)) { System.out.println(\"hello world\");}"}, {"id": 1, "clone_class": "vSWBpyr.java", "pairs": [{"type": 3, "id": "Mlfnbr"}], "metadata": {"mass": 4, "length": 21, "sloc": 13}, "location": {"file": "c:/temp/cloneProject/ParBUUwI/vSWBpyr.java", "row": 12, "column": 14, "offset": [22, 87]}, "fragment": "if (isEmpty(var)) { System.out.println(\"hello world\");}"}]