[{"id": 0, "clone_class": "BbwdRJ.java", "pairs": [{"type": 2, "id": "QPk"}], "metadata": {"mass": 2, "length": 23, "sloc": 16}, "location": {"file": "c:/temp/cloneProject/PcBhE/BbwdRJ.java", "row": 17, "column": 10, "offset": [13, 87]}, "fragment": "if (isEmpty(var)) { System.out.println(\"hello world\");}"}, {"id": 1, "clone_class": "BbwdRJ.java", "pairs": [{"type": 1, "id": "ZOmjoG"}], "metadata": {"mass": 1, "length": 21, "sloc": 9}, "location": {"file": "c:/temp/cloneProject/PcBhE/BbwdRJ.java", "row": 2, "column": 10, "offset": [50, 99]}, "fragment": "if (isEmpty(var)) { System.out.println(\"hello world\");}"}, {"id": 2, "clone_class": "BbwdRJ.java", "pairs": [{"type": 2, "id": "UHtPw"}], "metadata": {"mass": 1, "length": 28, "sloc": 17}, "location": {"file": "c:/temp/cloneProject/PcBhE/BbwdRJ.java", "row": 1, "column": 19, "offset": [42, 53]}, "fragment": "if (isEmpty(var)) { System.out.println(\"hello world\");}"}, {"id": 3, "clone_class": "BbwdRJ.java", "pairs": [{"type": 3, "id": "fDN"}], "metadata": {"mass": 1, "length": 24, "sloc": 16}, "location": {"file": "c:/temp/cloneProject/PcBhE/BbwdRJ.java", "row": 0, "column": 18, "offset": [11, 97]}, "fragment": "if (isEmpty(var)) { System.out.println(\"hello world\");}"}, {"id": 4, "clone_class": "BbwdRJ.java", "pairs": [{"type": 2, "id": "JZmjJs"}], "metadata": {"mass": 3, "length": 28, "sloc": 7}, "location": {"file": "c:/temp/cloneProject/PcBhE/BbwdRJ.java", "row": 1, "column": 15, "offset": [33, 97]}, "fragment": "if (isEmpty(var)) { System.out.println(\"hello world\");}"}]