[{"id": 0, "clone_class": "QcHpceD.java", "pairs": [{"type": 3, "id": "HQfD"}], "metadata": {"mass": 1, "length": 22, "sloc": 20}, "location": {"file": "c:/temp/cloneProject/YDupGmhUS/QcHpceD.java", "row": 1, "column": 6, "offset": [40, 77]}, "fragment": "if (isEmpty(var)) { System.out.println(\"hello world\");}"}, {"id": 1, "clone_class": "QcHpceD.java", "pairs": [{"type": 2, "id": "BTedjAqw"}], "metadata": {"mass": 1, "length": 23, "sloc": 7}, "location": {"file": "c:/temp/cloneProject/YDupGmhUS/QcHpceD.java", "row": 8, "column": 18, "offset": [8, 66]}, "fragment": "if (isEmpty(var)) { System.out.println(\"hello world\");}"}, {"id": 2, "clone_class": "QcHpceD.java", "pairs": [{"type": 2, "id": "OfTdr"}], "metadata": {"mass": 5, "length": 22, "sloc": 13}, "location": {"file": "c:/temp/cloneProject/YDupGmhUS/QcHpceD.java", "row": 2, "column": 6, "offset": [27, 91]}, "fragment": "if (isEmpty(var)) { System.out.println(\"hello world\");}"}]