[{"id": 0, "clone_class": "PgOWFY.java", "pairs": [{"type": 3, "id": "pmfa"}], "metadata": {"mass": 1, "length": 26, "sloc": 11}, "location": {"file": "c:/temp/cloneProject/oUCs/PgOWFY.java", "row": 5, "column": 1, "offset": [3, 53]}, "fragment": "if (isEmpty(var)) { System.out.println(\"hello world\");}"}, {"id": 1, "clone_class": "PgOWFY.java", "pairs": [{"type": 1, "id": "WsIyVG"}], "metadata": {"mass": 3, "length": 22, "sloc": 15}, "location": {"file": "c:/temp/cloneProject/oUCs/PgOWFY.java", "row": 1, "column": 11, "offset": [5, 96]}, "fragment": "if (isEmpty(var)) { System.out.println(\"hello world\");}"}, {"id": 2, "clone_class": "PgOWFY.java", "pairs": [{"type": 1, "id": "dlLJsb"}], "metadata": {"mass": 4, "length": 25, "sloc": 8}, "location": {"file": "c:/temp/cloneProject/oUCs/PgOWFY.java", "row": 25, "column": 10, "offset": [5, 64]}, "fragment": "if (isEmpty(var)) { System.out.println(\"hello world\");}"}]