[{"id": 0, "clone_class": "QZSt.java", "pairs": [{"type": 3, "id": "xqwOkqk"}], "metadata": {"mass": 3, "length": 21, "sloc": 14}, "location": {"file": "c:/temp/cloneProject/FTTOnoFY/QZSt.java", "row": 18, "column": 0, "offset": [43, 95]}, "fragment": "if (isEmpty(var)) { System.out.println(\"hello world\");}"}, {"id": 1, "clone_class": "QZSt.java", "pairs": [{"type": 3, "id": "SKXfAFTtC"}], "metadata": {"mass": 6, "length": 25, "sloc": 15}, "location": {"file": "c:/temp/cloneProject/FTTOnoFY/QZSt.java", "row": 4, "column": 19, "offset": [4, 91]}, "fragment": "if (isEmpty(var)) { System.out.println(\"hello world\");}"}, {"id": 2, "clone_class": "QZSt.java", "pairs": [{"type": 3, "id": "dLXP"}], "metadata": {"mass": 3, "length": 26, "sloc": 14}, "location": {"file": "c:/temp/cloneProject/FTTOnoFY/QZSt.java", "row": 10, "column": 19, "offset": [43, 69]}, "fragment": "if (isEmpty(var)) { System.out.println(\"hello world\");}"}, {"id": 3, "clone_class": "QZSt.java", "pairs": [{"type": 1, "id": "LsztlIhA"}], "metadata": {"mass": 1, "length": 24, "sloc": 9}, "location": {"file": "c:/temp/cloneProject/FTTOnoFY/QZSt.java", "row": 1, "column": 10, "offset": [7, 63]}, "fragment": "if (isEmpty(var)) { System.out.println(\"hello world\");}"}]