[{"id": 0, "clone_class": "KvHreDv.java", "pairs": [{"type": 3, "id": "HgBs"}], "metadata": {"mass": 5, "length": 21, "sloc": 8}, "location": {"file": "c:/temp/cloneProject/VpmGVTlV/KvHreDv.java", "row": 0, "column": 19, "offset": [6, 73]}, "fragment": "if (isEmpty(var)) { System.out.println(\"hello world\");}"}, {"id": 1, "clone_class": "KvHreDv.java", "pairs": [{"type": 1, "id": "kEzHk"}], "metadata": {"mass": 1, "length": 24, "sloc": 10}, "location": {"file": "c:/temp/cloneProject/VpmGVTlV/KvHreDv.java", "row": 10, "column": 15, "offset": [4, 87]}, "fragment": "if (isEmpty(var)) { System.out.println(\"hello world\");}"}, {"id": 2, "clone_class": "KvHreDv.java", "pairs": [{"type": 3, "id": "HweNYAemj"}], "metadata": {"mass": 6, "length": 21, "sloc": 20}, "location": {"file": "c:/temp/cloneProject/VpmGVTlV/KvHreDv.java", "row": 19, "column": 2, "offset": [35, 93]}, "fragment": "if (isEmpty(var)) { System.out.println(\"hello world\");}"}, {"id": 3, "clone_class": "KvHreDv.java", "pairs": [{"type": 2, "id": "WtyPzdq"}], "metadata": {"mass": 6, "length": 22, "sloc": 9}, "location": {"file": "c:/temp/cloneProject/VpmGVTlV/KvHreDv.java", "row": 21, "column": 19, "offset": [27, 52]}, "fragment": "if (isEmpty(var)) { System.out.println(\"hello world\");}"}, {"id": 4, "clone_class": "KvHreDv.java", "pairs": [{"type": 3, "id": "xXhotNK"}], "metadata": {"mass": 2, "length": 21, "sloc": 10}, "location": {"file": "c:/temp/cloneProject/VpmGVTlV/KvHreDv.java", "row": 10, "column": 14, "offset": [32, 75]}, "fragment": "if (isEmpty(var)) { System.out.println(\"hello world\");}"}]