[{"id": 0, "clone_class": "wCEruesp.java", "pairs": [{"type": 1, "id": "CmYZ"}], "metadata": {"mass": 4, "length": 22, "sloc": 11}, "location": {"file": "c:/temp/cloneProject/hxohWrhy/wCEruesp.java", "row": 5, "column": 0, "offset": [42, 56]}, "fragment": "if (isEmpty(var)) { System.out.println(\"hello world\");}"}, {"id": 1, "clone_class": "wCEruesp.java", "pairs": [{"type": 3, "id": "YeAufFqR"}], "metadata": {"mass": 3, "length": 25, "sloc": 17}, "location": {"file": "c:/temp/cloneProject/hxohWrhy/wCEruesp.java", "row": 11, "column": 5, "offset": [42, 75]}, "fragment": "if (isEmpty(var)) { System.out.println(\"hello world\");}"}, {"id": 2, "clone_class": "wCEruesp.java", "pairs": [{"type": 3, "id": "CGXW"}], "metadata": {"mass": 4, "length": 26, "sloc": 12}, "location": {"file": "c:/temp/cloneProject/hxohWrhy/wCEruesp.java", "row": 4, "column": 13, "offset": [3, 93]}, "fragment": "if (isEmpty(var)) { System.out.println(\"hello world\");}"}]