[{"id": 0, "clone_class": "hptC.java", "pairs": [{"type": 1, "id": "yHQJnrzqF"}], "metadata": {"mass": 5, "length": 22, "sloc": 20}, "location": {"file": "c:/temp/cloneProject/nkEAQmX/hptC.java", "row": 12, "column": 0, "offset": [6, 76]}, "fragment": "if (isEmpty(var)) { System.out.println(\"hello world\");}"}, {"id": 1, "clone_class": "hptC.java", "pairs": [{"type": 3, "id": "hQDXs"}], "metadata": {"mass": 4, "length": 28, "sloc": 10}, "location": {"file": "c:/temp/cloneProject/nkEAQmX/hptC.java", "row": 15, "column": 9, "offset": [12, 59]}, "fragment": "if (isEmpty(var)) { System.out.println(\"hello world\");}"}]