[{"id": 0, "clone_class": "ZmgncA.java", "pairs": [{"type": 1, "id": "QCy"}], "metadata": {"mass": 6, "length": 22, "sloc": 14}, "location": {"file": "c:/temp/cloneProject/weurSaeS/ZmgncA.java", "row": 10, "column": 10, "offset": [36, 84]}, "fragment": "if (isEmpty(var)) { System.out.println(\"hello world\");}"}, {"id": 1, "clone_class": "ZmgncA.java", "pairs": [{"type": 2, "id": "eWeZzbZ"}], "metadata": {"mass": 6, "length": 22, "sloc": 7}, "location": {"file": "c:/temp/cloneProject/weurSaeS/ZmgncA.java", "row": 19, "column": 14, "offset": [44, 97]}, "fragment": "if (isEmpty(var)) { System.out.println(\"hello world\");}"}, {"id": 2, "clone_class": "ZmgncA.java", "pairs": [{"type": 1, "id": "ANEXvV"}], "metadata": {"mass": 6, "length": 25, "sloc": 11}, "location": {"file": "c:/temp/cloneProject/weurSaeS/ZmgncA.java", "row": 2, "column": 12, "offset": [47, 95]}, "fragment": "if (isEmpty(var)) { System.out.println(\"hello world\");}"}, {"id": 3, "clone_class": "ZmgncA.java", "pairs": [{"type": 3, "id": "swUhjPG"}], "metadata": {"mass": 4, "length": 25, "sloc": 9}, "location": {"file": "c:/temp/cloneProject/weurSaeS/ZmgncA.java", "row": 7, "column": 8, "offset": [46, 99]}, "fragment": "if (isEmpty(var)) { System.out.println(\"hello world\");}"}]