[{"id": 0, "clone_class": "NDHqWoeE.java", "pairs": [{"type": 2, "id": "GMWxWZFgV"}], "metadata": {"mass": 1, "length": 25, "sloc": 15}, "location": {"file": "c:/temp/cloneProject/EJrJfLR/NDHqWoeE.java", "row": 23, "column": 6, "offset": [47, 64]}, "fragment": "if (isEmpty(var)) { System.out.println(\"hello world\");}"}, {"id": 1, "clone_class": "NDHqWoeE.java", "pairs": [{"type": 2, "id": "pdSTEJ"}], "metadata": {"mass": 6, "length": 26, "sloc": 17}, "location": {"file": "c:/temp/cloneProject/EJrJfLR/NDHqWoeE.java", "row": 25, "column": 6, "offset": [31, 77]}, "fragment": "if (isEmpty(var)) { System.out.println(\"hello world\");}"}, {"id": 2, "clone_class": "NDHqWoeE.java", "pairs": [{"type": 1, "id": "bMmGdmU"}], "metadata": {"mass": 2, "length": 27, "sloc": 19}, "location": {"file": "c:/temp/cloneProject/EJrJfLR/NDHqWoeE.java", "row": 22, "column": 14, "offset": [19, 82]}, "fragment": "if (isEmpty(var)) { System.out.println(\"hello world\");}"}, {"id": 3, "clone_class": "NDHqWoeE.java", "pairs": [{"type": 3, "id": "EJNld"}], "metadata": {"mass": 4, "length": 26, "sloc": 8}, "location": {"file": "c:/temp/cloneProject/EJrJfLR/NDHqWoeE.java", "row": 25, "column": 11, "offset": [23, 74]}, "fragment": "if (isEmpty(var)) { System.out.println(\"hello world\");}"}]