[{"id": 0, "clone_class": "zgyMjG.java", "pairs": [{"type": 2, "id": "FwICMDnn"}], "metadata": {"mass": 2, "length": 22, "sloc": 13}, "location": {"file": "c:/temp/cloneProject/WLkzGBs/zgyMjG.java", "row": 0, "column": 14, "offset": [9, 61]}, "fragment": "if (isEmpty(var)) { System.out.println(\"hello world\");}"}, {"id": 1, "clone_class": "zgyMjG.java", "pairs": [{"type": 2, "id": "DkCWmsMsq"}], "metadata": {"mass": 2, "length": 27, "sloc": 11}, "location": {"file": "c:/temp/cloneProject/WLkzGBs/zgyMjG.java", "row": 6, "column": 8, "offset": [28, 87]}, "fragment": "if (isEmpty(var)) { System.out.println(\"hello world\");}"}, {"id": 2, "clone_class": "zgyMjG.java", "pairs": [{"type": 1, "id": "zKevrH"}], "metadata": {"mass": 1, "length": 21, "sloc": 18}, "location": {"file": "c:/temp/cloneProject/WLkzGBs/zgyMjG.java", "row": 15, "column": 6, "offset": [12, 83]}, "fragment": "if (isEmpty(var)) { System.out.println(\"hello world\");}"}]