[{"id": 0, "clone_class": "KWVM.java", "pairs": [{"type": 1, "id": "BANLVLzS"}], "metadata": {"mass": 3, "length": 21, "sloc": 8}, "location": {"file": "c:/temp/cloneProject/gSKb/KWVM.java", "row": 1, "column": 8, "offset": [19, 96]}, "fragment": "if (isEmpty(var)) { System.out.println(\"hello world\");}"}, {"id": 1, "clone_class": "KWVM.java", "pairs": [{"type": 1, "id": "HswZF"}], "metadata": {"mass": 5, "length": 26, "sloc": 8}, "location": {"file": "c:/temp/cloneProject/gSKb/KWVM.java", "row": 11, "column": 1, "offset": [16, 83]}, "fragment": "if (isEmpty(var)) { System.out.println(\"hello world\");}"}, {"id": 2, "clone_class": "KWVM.java", "pairs": [{"type": 3, "id": "EIc"}], "metadata": {"mass": 5, "length": 26, "sloc": 12}, "location": {"file": "c:/temp/cloneProject/gSKb/KWVM.java", "row": 25, "column": 6, "offset": [50, 63]}, "fragment": "if (isEmpty(var)) { System.out.println(\"hello world\");}"}, {"id": 3, "clone_class": "KWVM.java", "pairs": [{"type": 3, "id": "yXA"}], "metadata": {"mass": 5, "length": 22, "sloc": 16}, "location": {"file": "c:/temp/cloneProject/gSKb/KWVM.java", "row": 20, "column": 7, "offset": [24, 61]}, "fragment": "if (isEmpty(var)) { System.out.println(\"hello world\");}"}, {"id": 4, "clone_class": "KWVM.java", "pairs": [{"type": 2, "id": "Yqrdy"}], "metadata": {"mass": 5, "length": 26, "sloc": 18}, "location": {"file": "c:/temp/cloneProject/gSKb/KWVM.java", "row": 21, "column": 14, "offset": [37, 53]}, "fragment": "if (isEmpty(var)) { System.out.println(\"hello world\");}"}]