[{"id": 0, "clone_class": "kofm.java", "pairs": [{"type": 2, "id": "uZzZO"}], "metadata": {"mass": 3, "length": 26, "sloc": 19}, "location": {"file": "c:/temp/cloneProject/mgbKVdP/kofm.java", "row": 7, "column": 18, "offset": [29, 93]}, "fragment": "if (isEmpty(var)) { System.out.println(\"hello world\");}"}, {"id": 1, "clone_class": "kofm.java", "pairs": [{"type": 3, "id": "wgnMlZgf"}], "metadata": {"mass": 3, "length": 28, "sloc": 19}, "location": {"file": "c:/temp/cloneProject/mgbKVdP/kofm.java", "row": 2, "column": 11, "offset": [46, 61]}, "fragment": "if (isEmpty(var)) { System.out.println(\"hello world\");}"}]