[{"id": 0, "clone_class": "XjDBoT.java", "pairs": [{"type": 3, "id": "hngmGmYa"}], "metadata": {"mass": 1, "length": 21, "sloc": 14}, "location": {"file": "c:/temp/cloneProject/YDamgyM/XjDBoT.java", "row": 12, "column": 8, "offset": [34, 57]}, "fragment": "if (isEmpty(var)) { System.out.println(\"hello world\");}"}, {"id": 1, "clone_class": "XjDBoT.java", "pairs": [{"type": 2, "id": "UTE"}], "metadata": {"mass": 5, "length": 27, "sloc": 15}, "location": {"file": "c:/temp/cloneProject/YDamgyM/XjDBoT.java", "row": 9, "column": 7, "offset": [21, 58]}, "fragment": "if (isEmpty(var)) { System.out.println(\"hello world\");}"}]