[{"id": 0, "clone_class": "mdYalkHs.java", "pairs": [{"type": 1, "id": "znCAsopQY"}], "metadata": {"mass": 3, "length": 22, "sloc": 18}, "location": {"file": "c:/temp/cloneProject/lQUUV/mdYalkHs.java", "row": 11, "column": 1, "offset": [17, 73]}, "fragment": "if (isEmpty(var)) { System.out.println(\"hello world\");}"}, {"id": 1, "clone_class": "mdYalkHs.java", "pairs": [{"type": 2, "id": "veWqqNsS"}], "metadata": {"mass": 3, "length": 24, "sloc": 10}, "location": {"file": "c:/temp/cloneProject/lQUUV/mdYalkHs.java", "row": 13, "column": 2, "offset": [22, 56]}, "fragment": "if (isEmpty(var)) { System.out.println(\"hello world\");}"}, {"id": 2, "clone_class": "mdYalkHs.java", "pairs": [{"type": 3, "id": "xldW"}], "metadata": {"mass": 1, "length": 27, "sloc": 9}, "location": {"file": "c:/temp/cloneProject/lQUUV/mdYalkHs.java", "row": 10, "column": 9, "offset": [12, 79]}, "fragment": "if (isEmpty(var)) { System.out.println(\"hello world\");}"}]