[{"src":"|project://smallsql0.21_src/src/smallsql/database/Utils.java|(11150,303,<317,4>,<322,5>)","metadata":{"length":6,"sloc":6,"mass":32},"fragment":"static boolean string2boolean( String val){\r\n        try{\r\n            return Double.parseDouble( val ) != 0;\r\n        }catch(NumberFormatException e){/*ignore it if it not a number*/}\r\n        return \"true\".equalsIgnoreCase( val ) || \"yes\".equalsIgnoreCase( val ) || \"t\".equalsIgnoreCase( val );\r\n    }","location":{"offset":[11150,303],"column":4,"row":317,"file":"smallsql0.21_src/src/smallsql/database/Utils.java"},"clone_class":"edda5219-e929-41da-ae4a-c1a6a44b1a5d","pairs":[{"type":1,"id":"b070f064-335e-4ec3-8c24-70828d52d63b"}],"id":"ae9aca78-0868-4451-bee3-c8cd0da2c169"},{"src":"|project://smallsql0.21_src/src/smallsql/junit/BasicTestCase.java|(6282,388,<188,4>,<196,5>)","metadata":{"length":9,"sloc":6,"mass":32},"fragment":"/**\r\n     * Identical to the Implementation from Utils.string2boolean\r\n     */\r\n    private boolean string2boolean( String val){\r\n        try{\r\n            return Double.parseDouble( val ) != 0;\r\n        }catch(NumberFormatException e){/*ignore it if it not a number*/}\r\n        return \"true\".equalsIgnoreCase( val ) || \"yes\".equalsIgnoreCase( val ) || \"t\".equalsIgnoreCase( val );\r\n    }","location":{"offset":[6282,388],"column":4,"row":188,"file":"smallsql0.21_src/src/smallsql/junit/BasicTestCase.java"},"clone_class":"edda5219-e929-41da-ae4a-c1a6a44b1a5d","pairs":[{"type":1,"id":"ae9aca78-0868-4451-bee3-c8cd0da2c169"}],"id":"b070f064-335e-4ec3-8c24-70828d52d63b"}]