[{"src":"|project://smallsql0.21_src/src/smallsql/database/SSResultSet.java|(10087,312,<289,4>,<297,5>)","metadata":{"length":9,"sloc":9,"mass":35},"fragment":"public Object getObject(int columnIndex) throws SQLException {\r\n        try{\r\n            Object obj = getValue(columnIndex).getApiObject();\r\n            wasNull = obj == null;\r\n            return obj;\r\n        }catch(Exception e){\r\n            throw SmallSQLException.createFromException( e );\r\n        }\r\n    }","location":{"offset":[10087,312],"column":4,"row":289,"file":"smallsql0.21_src/src/smallsql/database/SSResultSet.java"},"clone_class":"a8f46b6e-41d6-448d-b11f-7306c4bca980","pairs":[{"type":2,"id":"f9184815-5974-43fb-9c12-2a1fc158898a"},{"type":2,"id":"b35bd230-cf1e-4da2-849e-32282fb9f178"}],"id":"31d58b10-194b-4850-9e87-c956b0facce5"},{"src":"|project://smallsql0.21_src/src/smallsql/database/SSCallableStatement.java|(6929,289,<193,4>,<201,5>)","metadata":{"length":9,"sloc":9,"mass":35},"fragment":"public Object getObject(int i) throws SQLException {\r\n        try{\r\n            Object obj = getValue(i).getObject();\r\n            wasNull = obj == null;\r\n            return obj;\r\n        }catch(Exception e){\r\n            throw SmallSQLException.createFromException( e );\r\n        }\r\n    }","location":{"offset":[6929,289],"column":4,"row":193,"file":"smallsql0.21_src/src/smallsql/database/SSCallableStatement.java"},"clone_class":"a8f46b6e-41d6-448d-b11f-7306c4bca980","pairs":[{"type":2,"id":"31d58b10-194b-4850-9e87-c956b0facce5"},{"type":2,"id":"b35bd230-cf1e-4da2-849e-32282fb9f178"}],"id":"f9184815-5974-43fb-9c12-2a1fc158898a"},{"src":"|project://smallsql0.21_src/src/smallsql/database/SSCallableStatement.java|(3242,289,<84,4>,<92,5>)","metadata":{"length":9,"sloc":9,"mass":35},"fragment":"public String getString(int i) throws SQLException {\r\n        try{\r\n            String obj = getValue(i).getString();\r\n            wasNull = obj == null;\r\n            return obj;\r\n        }catch(Exception e){\r\n            throw SmallSQLException.createFromException( e );\r\n        }\r\n    }","location":{"offset":[3242,289],"column":4,"row":84,"file":"smallsql0.21_src/src/smallsql/database/SSCallableStatement.java"},"clone_class":"a8f46b6e-41d6-448d-b11f-7306c4bca980","pairs":[{"type":2,"id":"31d58b10-194b-4850-9e87-c956b0facce5"},{"type":2,"id":"f9184815-5974-43fb-9c12-2a1fc158898a"}],"id":"b35bd230-cf1e-4da2-849e-32282fb9f178"}]