[{"src":"|project://smallsql0.21_src/src/smallsql/junit/BenchTest.java|(30540,237,<733,4>,<739,5>)","metadata":{"length":7,"sloc":7,"mass":30},"fragment":"static void dropTestTable(Connection con){\r\n        try{\r\n            Statement st = con.createStatement();\r\n            st.execute(\"drop table \" + tableName);\r\n            st.close();\r\n        }catch(Exception e){/* ignore it */}\r\n    }","location":{"offset":[30540,237],"column":4,"row":733,"file":"smallsql0.21_src/src/smallsql/junit/BenchTest.java"},"clone_class":"65e59ecb-293c-47e8-81d8-6567560e152c","pairs":[{"type":2,"id":"3a56c92d-0736-467a-a387-39cb56e1124e"}],"id":"c05bae28-1c42-498e-ae01-b8ffd69866f4"},{"src":"|project://smallsql0.21_src/src/smallsql/junit/BenchTest.java|(30292,240,<725,4>,<731,5>)","metadata":{"length":7,"sloc":7,"mass":30},"fragment":"static void deleteTestTable(Connection con){\r\n        try{\r\n            Statement st = con.createStatement();\r\n            st.execute(\"DELETE FROM \" + tableName);\r\n            st.close();\r\n        }catch(Exception e){/* ignore it */}\r\n    }","location":{"offset":[30292,240],"column":4,"row":725,"file":"smallsql0.21_src/src/smallsql/junit/BenchTest.java"},"clone_class":"65e59ecb-293c-47e8-81d8-6567560e152c","pairs":[{"type":2,"id":"c05bae28-1c42-498e-ae01-b8ffd69866f4"}],"id":"3a56c92d-0736-467a-a387-39cb56e1124e"}]