[{"src":"|project://smallsql0.21_src/src/smallsql/junit/TestScrollable.java|(2921,1045,<76,1>,<94,2>)","metadata":{"length":19,"sloc":17,"mass":74},"fragment":"public void testNextWithWhere() throws Exception{\r\n\t\tConnection con = AllTests.getConnection();\r\n\t\ttry{\t\t\t\r\n\t\t\tcon.createStatement().execute(\"Create Table Scrollable (i counter, v varchar(20))\");\r\n\t\t\tassertRowCount( 0, \"Select * from Scrollable\");\r\n\r\n\t\t\tcon.createStatement().execute(\"Insert Into Scrollable(v) Values('qwert')\");\r\n\t\t\tassertRowCount( 1, \"Select * from Scrollable\");\r\n\t\t\tassertRowCount( 0, \"Select * from Scrollable Where 1=0\");\r\n\r\n            Statement st = con.createStatement(ResultSet.TYPE_SCROLL_SENSITIVE, ResultSet.CONCUR_UPDATABLE);\r\n            testNextWithWhereAssert( st.executeQuery(\"Select * from Scrollable Where 1=0\") );\r\n            testNextWithWhereAssert( st.executeQuery(\"Select * from Scrollable Where 1=0 Order By v\") );\r\n            testNextWithWhereAssert( st.executeQuery(\"Select v from Scrollable Where 1=0 Group By v\") );\r\n            testNextWithWhereAssert( st.executeQuery(\"Select v from Scrollable Where 1=0 Group By v Order By v\") );\r\n\t\t}finally{\r\n            dropTable( con, \"Scrollable\");\r\n\t\t}\r\n\t}","location":{"offset":[2921,1045],"column":1,"row":76,"file":"smallsql0.21_src/src/smallsql/junit/TestScrollable.java"},"clone_class":"3bacafa4-8251-47ae-a48c-c65c8f31d57d","pairs":[{"type":2,"id":"594e8dae-1223-4353-abb3-9d65e4a7c930"},{"type":2,"id":"8bc704e2-cdf0-4195-a64f-ff111dda40c9"}],"id":"ad36a068-d0da-49fa-9580-f52a56c49c39"},{"src":"|project://smallsql0.21_src/src/smallsql/junit/TestScrollable.java|(4338,1050,<108,1>,<126,2>)","metadata":{"length":19,"sloc":17,"mass":74},"fragment":"public void testFirstWithWhere() throws Exception{\r\n\t\tConnection con = AllTests.getConnection();\r\n\t\ttry{\t\t\t\r\n\t\t\tcon.createStatement().execute(\"Create Table Scrollable (i counter, v varchar(20))\");\r\n\t\t\tassertRowCount( 0, \"Select * from Scrollable\");\r\n\r\n\t\t\tcon.createStatement().execute(\"Insert Into Scrollable(v) Values('qwert')\");\r\n\t\t\tassertRowCount( 1, \"Select * from Scrollable\");\r\n\t\t\tassertRowCount( 0, \"Select * from Scrollable Where 1=0\");\r\n\r\n            Statement st = con.createStatement(ResultSet.TYPE_SCROLL_SENSITIVE, ResultSet.CONCUR_UPDATABLE);\r\n            testFirstWithWhereAssert( st.executeQuery(\"Select * from Scrollable Where 1=0\") );\r\n            testFirstWithWhereAssert( st.executeQuery(\"Select * from Scrollable Where 1=0 Order By v\") );\r\n            testFirstWithWhereAssert( st.executeQuery(\"Select v from Scrollable Where 1=0 Group By v\") );\r\n            testFirstWithWhereAssert( st.executeQuery(\"Select v from Scrollable Where 1=0 Group By v Order By v\") );\r\n\t\t}finally{\r\n            dropTable( con, \"Scrollable\");\r\n\t\t}\r\n\t}","location":{"offset":[4338,1050],"column":1,"row":108,"file":"smallsql0.21_src/src/smallsql/junit/TestScrollable.java"},"clone_class":"3bacafa4-8251-47ae-a48c-c65c8f31d57d","pairs":[{"type":2,"id":"ad36a068-d0da-49fa-9580-f52a56c49c39"},{"type":2,"id":"8bc704e2-cdf0-4195-a64f-ff111dda40c9"}],"id":"594e8dae-1223-4353-abb3-9d65e4a7c930"},{"src":"|project://smallsql0.21_src/src/smallsql/junit/TestScrollable.java|(1466,1036,<43,1>,<61,2>)","metadata":{"length":19,"sloc":17,"mass":74},"fragment":"public void testLastWithWhere() throws Exception{\r\n\t\tConnection con = AllTests.getConnection();\r\n\t\ttry{\t\t\t\r\n\t\t\tcon.createStatement().execute(\"Create Table Scrollable (i counter, v varchar(20))\");\r\n\t\t\tassertRowCount( 0, \"Select * from Scrollable\");\r\n\r\n\t\t\tcon.createStatement().execute(\"Insert Into Scrollable(v) Values('qwert')\");\r\n\t\t\tassertRowCount( 1, \"Select * from Scrollable\");\r\n\t\t\tassertRowCount( 0, \"Select * from Scrollable Where 1=0\");\r\n\r\n\t\t\tStatement st = con.createStatement(ResultSet.TYPE_SCROLL_SENSITIVE, ResultSet.CONCUR_UPDATABLE);\r\n            testLastWithWhereAssert( st.executeQuery(\"Select * from Scrollable Where 1=0\") );\r\n            testLastWithWhereAssert( st.executeQuery(\"Select * from Scrollable Where 1=0 Order By v\") );\r\n            testLastWithWhereAssert( st.executeQuery(\"Select v from Scrollable Where 1=0 Order By v\") );\r\n            testLastWithWhereAssert( st.executeQuery(\"Select v from Scrollable Where 1=0 Group By v Order By v\") );\r\n\t\t}finally{\r\n            dropTable( con, \"Scrollable\");\r\n\t\t}\r\n\t}","location":{"offset":[1466,1036],"column":1,"row":43,"file":"smallsql0.21_src/src/smallsql/junit/TestScrollable.java"},"clone_class":"3bacafa4-8251-47ae-a48c-c65c8f31d57d","pairs":[{"type":2,"id":"ad36a068-d0da-49fa-9580-f52a56c49c39"},{"type":2,"id":"594e8dae-1223-4353-abb3-9d65e4a7c930"}],"id":"8bc704e2-cdf0-4195-a64f-ff111dda40c9"}]