[{"src":"|project://smallsql0.21_src/src/smallsql/database/SSDatabaseMetaData.java|(29731,334,<857,3>,<857,337>)","metadata":{"length":1,"sloc":1,"mass":41},"fragment":"{SQLTokenizer.getKeyWord(SQLTokenizer.TIME),   \t \t Utils.getShort(SQLTokenizer.getSQLDataType( SQLTokenizer.TIME) ), \t  \t\t  Utils.getInteger(8),\t    \t\"'\",  \"'\",  null, \t\t\t\tUtils.getShort(typeNullable), Boolean.FALSE, Utils.getShort(typeSearchable), null, \t\t\tBoolean.FALSE, Boolean.FALSE, null, null, \t\t\t\t null, \t\t\t\t  null, null, null}","location":{"offset":[29731,334],"column":3,"row":857,"file":"smallsql0.21_src/src/smallsql/database/SSDatabaseMetaData.java"},"clone_class":"ca305a8c-0ef8-47e8-a89e-5cd0de0f3398","pairs":[{"type":2,"id":"5782e3d2-1266-48df-9c79-ee3b23b22bfd"},{"type":2,"id":"2689c1e8-c507-4a58-9d1a-05fd33e27e7c"},{"type":2,"id":"c2f513a3-8005-4d0c-b616-9498d8273caa"},{"type":2,"id":"259defc7-d2cb-4290-bf5a-80dc93a0dbe3"},{"type":2,"id":"a4bb547b-3c37-4e33-8599-cd91355a7583"},{"type":2,"id":"39c9be7c-5fc1-4177-9d27-110a88fca5ef"},{"type":2,"id":"a71b8576-dd23-4d8b-84cd-8c7240476cb9"}],"id":"dca8e794-c072-45cd-9ea6-cd5c11ec0a79"},{"src":"|project://smallsql0.21_src/src/smallsql/database/SSDatabaseMetaData.java|(31827,342,<863,3>,<863,345>)","metadata":{"length":1,"sloc":1,"mass":41},"fragment":"{SQLTokenizer.getKeyWord(SQLTokenizer.NCLOB),     \t\t Utils.getShort(SQLTokenizer.getSQLDataType( SQLTokenizer.NCLOB) ),     \t  Utils.getInteger(2147483647),\t\"'\",  \"'\",  null, \t\t \t\tUtils.getShort(typeNullable), Boolean.FALSE, Utils.getShort(typeSearchable), null, \t\t\tBoolean.FALSE, Boolean.FALSE, null, null, \t\t\t\t null, \t\t\t\t  null, null, null}","location":{"offset":[31827,342],"column":3,"row":863,"file":"smallsql0.21_src/src/smallsql/database/SSDatabaseMetaData.java"},"clone_class":"ca305a8c-0ef8-47e8-a89e-5cd0de0f3398","pairs":[{"type":2,"id":"dca8e794-c072-45cd-9ea6-cd5c11ec0a79"},{"type":2,"id":"2689c1e8-c507-4a58-9d1a-05fd33e27e7c"},{"type":2,"id":"c2f513a3-8005-4d0c-b616-9498d8273caa"},{"type":2,"id":"259defc7-d2cb-4290-bf5a-80dc93a0dbe3"},{"type":2,"id":"a4bb547b-3c37-4e33-8599-cd91355a7583"},{"type":2,"id":"39c9be7c-5fc1-4177-9d27-110a88fca5ef"},{"type":2,"id":"a71b8576-dd23-4d8b-84cd-8c7240476cb9"}],"id":"5782e3d2-1266-48df-9c79-ee3b23b22bfd"},{"src":"|project://smallsql0.21_src/src/smallsql/database/SSDatabaseMetaData.java|(29390,335,<856,3>,<856,338>)","metadata":{"length":1,"sloc":1,"mass":41},"fragment":"{SQLTokenizer.getKeyWord(SQLTokenizer.DATE),   \t \t Utils.getShort(SQLTokenizer.getSQLDataType( SQLTokenizer.DATE) ), \t  \t\t  Utils.getInteger(10),\t    \t\"'\",  \"'\",  null, \t\t\t\tUtils.getShort(typeNullable), Boolean.FALSE, Utils.getShort(typeSearchable), null, \t\t\tBoolean.FALSE, Boolean.FALSE, null, null, \t\t\t\t null, \t\t\t\t  null, null, null}","location":{"offset":[29390,335],"column":3,"row":856,"file":"smallsql0.21_src/src/smallsql/database/SSDatabaseMetaData.java"},"clone_class":"ca305a8c-0ef8-47e8-a89e-5cd0de0f3398","pairs":[{"type":2,"id":"dca8e794-c072-45cd-9ea6-cd5c11ec0a79"},{"type":2,"id":"5782e3d2-1266-48df-9c79-ee3b23b22bfd"},{"type":2,"id":"c2f513a3-8005-4d0c-b616-9498d8273caa"},{"type":2,"id":"259defc7-d2cb-4290-bf5a-80dc93a0dbe3"},{"type":2,"id":"a4bb547b-3c37-4e33-8599-cd91355a7583"},{"type":2,"id":"39c9be7c-5fc1-4177-9d27-110a88fca5ef"},{"type":2,"id":"a71b8576-dd23-4d8b-84cd-8c7240476cb9"}],"id":"2689c1e8-c507-4a58-9d1a-05fd33e27e7c"},{"src":"|project://smallsql0.21_src/src/smallsql/database/SSDatabaseMetaData.java|(23493,348,<840,3>,<840,351>)","metadata":{"length":1,"sloc":1,"mass":41},"fragment":"{SQLTokenizer.getKeyWord(SQLTokenizer.LONGVARCHAR),     Utils.getShort(SQLTokenizer.getSQLDataType( SQLTokenizer.LONGVARCHAR) ),     Utils.getInteger(2147483647),\t\"'\",  \"'\",  null, \t\t \t\tUtils.getShort(typeNullable), Boolean.FALSE, Utils.getShort(typeSearchable), null, \t\t\tBoolean.FALSE, Boolean.FALSE, null, null, \t\t\t\t null, \t\t\t\t  null, null, null}","location":{"offset":[23493,348],"column":3,"row":840,"file":"smallsql0.21_src/src/smallsql/database/SSDatabaseMetaData.java"},"clone_class":"ca305a8c-0ef8-47e8-a89e-5cd0de0f3398","pairs":[{"type":2,"id":"dca8e794-c072-45cd-9ea6-cd5c11ec0a79"},{"type":2,"id":"5782e3d2-1266-48df-9c79-ee3b23b22bfd"},{"type":2,"id":"2689c1e8-c507-4a58-9d1a-05fd33e27e7c"},{"type":2,"id":"259defc7-d2cb-4290-bf5a-80dc93a0dbe3"},{"type":2,"id":"a4bb547b-3c37-4e33-8599-cd91355a7583"},{"type":2,"id":"39c9be7c-5fc1-4177-9d27-110a88fca5ef"},{"type":2,"id":"a71b8576-dd23-4d8b-84cd-8c7240476cb9"}],"id":"c2f513a3-8005-4d0c-b616-9498d8273caa"},{"src":"|project://smallsql0.21_src/src/smallsql/database/SSDatabaseMetaData.java|(30435,344,<859,3>,<859,347>)","metadata":{"length":1,"sloc":1,"mass":41},"fragment":"{SQLTokenizer.getKeyWord(SQLTokenizer.SMALLDATETIME),   Utils.getShort(SQLTokenizer.getSQLDataType( SQLTokenizer.SMALLDATETIME) ),   Utils.getInteger(16),\t    \t\"'\",  \"'\",  null, \t\t\t\tUtils.getShort(typeNullable), Boolean.FALSE, Utils.getShort(typeSearchable), null, \t\t\tBoolean.FALSE, Boolean.FALSE, null, null, \t\t\t\t null, \t\t\t\t  null, null, null}","location":{"offset":[30435,344],"column":3,"row":859,"file":"smallsql0.21_src/src/smallsql/database/SSDatabaseMetaData.java"},"clone_class":"ca305a8c-0ef8-47e8-a89e-5cd0de0f3398","pairs":[{"type":2,"id":"dca8e794-c072-45cd-9ea6-cd5c11ec0a79"},{"type":2,"id":"5782e3d2-1266-48df-9c79-ee3b23b22bfd"},{"type":2,"id":"2689c1e8-c507-4a58-9d1a-05fd33e27e7c"},{"type":2,"id":"c2f513a3-8005-4d0c-b616-9498d8273caa"},{"type":2,"id":"a4bb547b-3c37-4e33-8599-cd91355a7583"},{"type":2,"id":"39c9be7c-5fc1-4177-9d27-110a88fca5ef"},{"type":2,"id":"a71b8576-dd23-4d8b-84cd-8c7240476cb9"}],"id":"259defc7-d2cb-4290-bf5a-80dc93a0dbe3"},{"src":"|project://smallsql0.21_src/src/smallsql/database/SSDatabaseMetaData.java|(20932,370,<833,3>,<833,373>)","metadata":{"length":1,"sloc":1,"mass":41},"fragment":"{SQLTokenizer.getKeyWord(SQLTokenizer.UNIQUEIDENTIFIER),Utils.getShort(SQLTokenizer.getSQLDataType( SQLTokenizer.UNIQUEIDENTIFIER)), Utils.getInteger(36),      \t\"'\",  \"'\",  null, \t\t\t\tUtils.getShort(typeNullable), Boolean.FALSE, Utils.getShort(typeSearchable), null,          Boolean.FALSE, Boolean.FALSE, null, null,                null,                null, null, null}","location":{"offset":[20932,370],"column":3,"row":833,"file":"smallsql0.21_src/src/smallsql/database/SSDatabaseMetaData.java"},"clone_class":"ca305a8c-0ef8-47e8-a89e-5cd0de0f3398","pairs":[{"type":2,"id":"dca8e794-c072-45cd-9ea6-cd5c11ec0a79"},{"type":2,"id":"5782e3d2-1266-48df-9c79-ee3b23b22bfd"},{"type":2,"id":"2689c1e8-c507-4a58-9d1a-05fd33e27e7c"},{"type":2,"id":"c2f513a3-8005-4d0c-b616-9498d8273caa"},{"type":2,"id":"259defc7-d2cb-4290-bf5a-80dc93a0dbe3"},{"type":2,"id":"39c9be7c-5fc1-4177-9d27-110a88fca5ef"},{"type":2,"id":"a71b8576-dd23-4d8b-84cd-8c7240476cb9"}],"id":"a4bb547b-3c37-4e33-8599-cd91355a7583"},{"src":"|project://smallsql0.21_src/src/smallsql/database/SSDatabaseMetaData.java|(31480,341,<862,3>,<862,344>)","metadata":{"length":1,"sloc":1,"mass":41},"fragment":"{SQLTokenizer.getKeyWord(SQLTokenizer.CLOB),     \t\t Utils.getShort(SQLTokenizer.getSQLDataType( SQLTokenizer.CLOB) ),     \t\t  Utils.getInteger(2147483647),\t\"'\",  \"'\",  null, \t\t \t\tUtils.getShort(typeNullable), Boolean.FALSE, Utils.getShort(typeSearchable), null, \t\t\tBoolean.FALSE, Boolean.FALSE, null, null, \t\t\t\t null, \t\t\t\t  null, null, null}","location":{"offset":[31480,341],"column":3,"row":862,"file":"smallsql0.21_src/src/smallsql/database/SSDatabaseMetaData.java"},"clone_class":"ca305a8c-0ef8-47e8-a89e-5cd0de0f3398","pairs":[{"type":2,"id":"dca8e794-c072-45cd-9ea6-cd5c11ec0a79"},{"type":2,"id":"5782e3d2-1266-48df-9c79-ee3b23b22bfd"},{"type":2,"id":"2689c1e8-c507-4a58-9d1a-05fd33e27e7c"},{"type":2,"id":"c2f513a3-8005-4d0c-b616-9498d8273caa"},{"type":2,"id":"259defc7-d2cb-4290-bf5a-80dc93a0dbe3"},{"type":2,"id":"a4bb547b-3c37-4e33-8599-cd91355a7583"},{"type":2,"id":"a71b8576-dd23-4d8b-84cd-8c7240476cb9"}],"id":"39c9be7c-5fc1-4177-9d27-110a88fca5ef"},{"src":"|project://smallsql0.21_src/src/smallsql/database/SSDatabaseMetaData.java|(23847,348,<841,3>,<841,351>)","metadata":{"length":1,"sloc":1,"mass":41},"fragment":"{SQLTokenizer.getKeyWord(SQLTokenizer.LONGNVARCHAR),    Utils.getShort(SQLTokenizer.getSQLDataType( SQLTokenizer.LONGNVARCHAR) ),    Utils.getInteger(2147483647),\t\"'\",  \"'\",  null, \t\t \t\tUtils.getShort(typeNullable), Boolean.FALSE, Utils.getShort(typeSearchable), null, \t\t\tBoolean.FALSE, Boolean.FALSE, null, null, \t\t\t\t null, \t\t\t\t  null, null, null}","location":{"offset":[23847,348],"column":3,"row":841,"file":"smallsql0.21_src/src/smallsql/database/SSDatabaseMetaData.java"},"clone_class":"ca305a8c-0ef8-47e8-a89e-5cd0de0f3398","pairs":[{"type":2,"id":"dca8e794-c072-45cd-9ea6-cd5c11ec0a79"},{"type":2,"id":"5782e3d2-1266-48df-9c79-ee3b23b22bfd"},{"type":2,"id":"2689c1e8-c507-4a58-9d1a-05fd33e27e7c"},{"type":2,"id":"c2f513a3-8005-4d0c-b616-9498d8273caa"},{"type":2,"id":"259defc7-d2cb-4290-bf5a-80dc93a0dbe3"},{"type":2,"id":"a4bb547b-3c37-4e33-8599-cd91355a7583"},{"type":2,"id":"39c9be7c-5fc1-4177-9d27-110a88fca5ef"}],"id":"a71b8576-dd23-4d8b-84cd-8c7240476cb9"}]