[{"src":"|project://smallsql0.21_src/src/smallsql/database/Utils.java|(4960,249,<160,4>,<167,5>)","metadata":{"length":8,"sloc":8,"mass":50},"fragment":"static int bytes2int( byte[] bytes ){\r\n        int result = 0;\r\n        int length = Math.min( 4, bytes.length);\r\n        for(int i=0; i<length; i++){\r\n            result = (result << 8) | (bytes[i] & 0xFF);\r\n        }\r\n        return result;\r\n    }","location":{"offset":[4960,249],"column":4,"row":160,"file":"smallsql0.21_src/src/smallsql/database/Utils.java"},"clone_class":"ebf872b9-6630-498f-9742-0bad12e82239","pairs":[{"type":2,"id":"04ec0d0d-efdc-46df-8978-109515b6e260"}],"id":"6a6ae8da-d5a2-4c65-912d-ae246288374f"},{"src":"|project://smallsql0.21_src/src/smallsql/database/Utils.java|(4700,252,<151,4>,<158,5>)","metadata":{"length":8,"sloc":8,"mass":50},"fragment":"static long bytes2long( byte[] bytes ){\r\n        long result = 0;\r\n        int length = Math.min( 8, bytes.length);\r\n        for(int i=0; i<length; i++){\r\n            result = (result << 8) | (bytes[i] & 0xFF);\r\n        }\r\n        return result;\r\n    }","location":{"offset":[4700,252],"column":4,"row":151,"file":"smallsql0.21_src/src/smallsql/database/Utils.java"},"clone_class":"ebf872b9-6630-498f-9742-0bad12e82239","pairs":[{"type":2,"id":"6a6ae8da-d5a2-4c65-912d-ae246288374f"}],"id":"04ec0d0d-efdc-46df-8978-109515b6e260"}]