[{"src":"|project://smallsql0.21_src/src/smallsql/database/ExpressionFunctionConvert.java|(4040,291,<139,31>,<149,4>)","metadata":{"length":11,"sloc":10,"mass":46},"fragment":"{\r\n\t\t\t\tbyte[] bytes = param1.getBytes();\r\n\t\t\t\tint length = datatype.getPrecision();\r\n\t\t\t\tif(length < bytes.length){\r\n\t\t\t\t\tbyte[] buffer = new byte[length];\r\n\t\t\t\t\tSystem.arraycopy(bytes, 0, buffer, 0, Math.min(bytes.length,length) );\r\n\t\t\t\t\treturn buffer;\r\n\t\t\t\t}\r\n\t\t\t\treturn bytes;\r\n\t\t\t\t\r\n\t\t\t}","location":{"offset":[4040,291],"column":31,"row":139,"file":"smallsql0.21_src/src/smallsql/database/ExpressionFunctionConvert.java"},"clone_class":"68f7a1e0-52ec-4c1c-9e7a-a6b78425e330","pairs":[{"type":2,"id":"fabf2914-6223-430a-9a98-9e20081e3c43"}],"id":"e1ad7a15-64c8-4699-b457-fe8e9e108408"},{"src":"|project://smallsql0.21_src/src/smallsql/database/ExpressionFunctionConvert.java|(4361,292,<150,28>,<160,4>)","metadata":{"length":11,"sloc":10,"mass":46},"fragment":"{\r\n\t\t\t\tbyte[] bytes = param1.getBytes();\r\n\t\t\t\tint length = datatype.getPrecision();\r\n\t\t\t\tif(length != bytes.length){\r\n\t\t\t\t\tbyte[] buffer = new byte[length];\r\n\t\t\t\t\tSystem.arraycopy(bytes, 0, buffer, 0, Math.min(bytes.length,length) );\r\n\t\t\t\t\treturn buffer;\r\n\t\t\t\t}\r\n\t\t\t\treturn bytes;\r\n\t\t\t\t\r\n\t\t\t}","location":{"offset":[4361,292],"column":28,"row":150,"file":"smallsql0.21_src/src/smallsql/database/ExpressionFunctionConvert.java"},"clone_class":"68f7a1e0-52ec-4c1c-9e7a-a6b78425e330","pairs":[{"type":2,"id":"e1ad7a15-64c8-4699-b457-fe8e9e108408"}],"id":"fabf2914-6223-430a-9a98-9e20081e3c43"}]