[{"src":"|project://smallsql0.21_src/src/smallsql/database/SSResultSet.java|(5793,342,<168,4>,<177,5>)","metadata":{"length":10,"sloc":10,"mass":40},"fragment":"public Date getDate(int columnIndex) throws SQLException {\r\n        try{\r\n\t\t\tExpression expr = getValue(columnIndex);\r\n            wasNull = expr.isNull();\r\n\t\t\tif(wasNull) return null;\r\n\t\t\treturn DateTime.getDate( expr.getLong() );\r\n        }catch(Exception e){\r\n            throw SmallSQLException.createFromException( e );\r\n        }\r\n    }","location":{"offset":[5793,342],"column":4,"row":168,"file":"smallsql0.21_src/src/smallsql/database/SSResultSet.java"},"clone_class":"ca80d58c-1fe9-4f63-84a6-dee733e39697","pairs":[{"type":2,"id":"fa726683-7333-4d38-923d-e2c872964b37"},{"type":2,"id":"53248b36-edb6-4618-b606-f0727b537d7a"},{"type":2,"id":"c88e4636-c314-4727-b87c-f3bea48b697b"},{"type":2,"id":"8f94ca74-e46d-4d65-b3c4-aaa80bc129d2"},{"type":2,"id":"ae0e2194-4e8d-4e67-9416-4f77abf5242a"}],"id":"7bd8cae4-3e04-41ef-bebe-93e98d75e61e"},{"src":"|project://smallsql0.21_src/src/smallsql/database/SSCallableStatement.java|(6231,322,<173,4>,<182,5>)","metadata":{"length":10,"sloc":10,"mass":40},"fragment":"public Time getTime(int i) throws SQLException {\r\n        try{\r\n\t\t\tExpression expr = getValue(i);\r\n            wasNull = expr.isNull();\r\n\t\t\tif(wasNull) return null;\r\n\t\t\treturn DateTime.getTime( expr.getLong() );\r\n        }catch(Exception e){\r\n            throw SmallSQLException.createFromException( e );\r\n        }\r\n    }","location":{"offset":[6231,322],"column":4,"row":173,"file":"smallsql0.21_src/src/smallsql/database/SSCallableStatement.java"},"clone_class":"ca80d58c-1fe9-4f63-84a6-dee733e39697","pairs":[{"type":2,"id":"7bd8cae4-3e04-41ef-bebe-93e98d75e61e"},{"type":2,"id":"53248b36-edb6-4618-b606-f0727b537d7a"},{"type":2,"id":"c88e4636-c314-4727-b87c-f3bea48b697b"},{"type":2,"id":"8f94ca74-e46d-4d65-b3c4-aaa80bc129d2"},{"type":2,"id":"ae0e2194-4e8d-4e67-9416-4f77abf5242a"}],"id":"fa726683-7333-4d38-923d-e2c872964b37"},{"src":"|project://smallsql0.21_src/src/smallsql/database/SSResultSet.java|(6501,357,<190,4>,<199,5>)","metadata":{"length":10,"sloc":10,"mass":40},"fragment":"public Timestamp getTimestamp(int columnIndex) throws SQLException {\r\n        try{\r\n\t\t\tExpression expr = getValue(columnIndex);\r\n            wasNull = expr.isNull();\r\n\t\t\tif(wasNull) return null;\r\n\t\t\treturn DateTime.getTimestamp( expr.getLong() );\r\n        }catch(Exception e){\r\n            throw SmallSQLException.createFromException( e );\r\n        }\r\n    }","location":{"offset":[6501,357],"column":4,"row":190,"file":"smallsql0.21_src/src/smallsql/database/SSResultSet.java"},"clone_class":"ca80d58c-1fe9-4f63-84a6-dee733e39697","pairs":[{"type":2,"id":"7bd8cae4-3e04-41ef-bebe-93e98d75e61e"},{"type":2,"id":"fa726683-7333-4d38-923d-e2c872964b37"},{"type":2,"id":"c88e4636-c314-4727-b87c-f3bea48b697b"},{"type":2,"id":"8f94ca74-e46d-4d65-b3c4-aaa80bc129d2"},{"type":2,"id":"ae0e2194-4e8d-4e67-9416-4f77abf5242a"}],"id":"53248b36-edb6-4618-b606-f0727b537d7a"},{"src":"|project://smallsql0.21_src/src/smallsql/database/SSCallableStatement.java|(6559,364,<183,4>,<192,5>)","metadata":{"length":10,"sloc":10,"mass":40},"fragment":"public Timestamp getTimestamp(int i) throws SQLException {\r\n        try{\r\n            Expression expr = getValue(i);\r\n            wasNull = expr.isNull();\r\n            if(wasNull) return null;\r\n            return DateTime.getTimestamp( expr.getLong() );\r\n        }catch(Exception e){\r\n            throw SmallSQLException.createFromException( e );\r\n        }\r\n    }","location":{"offset":[6559,364],"column":4,"row":183,"file":"smallsql0.21_src/src/smallsql/database/SSCallableStatement.java"},"clone_class":"ca80d58c-1fe9-4f63-84a6-dee733e39697","pairs":[{"type":2,"id":"7bd8cae4-3e04-41ef-bebe-93e98d75e61e"},{"type":2,"id":"fa726683-7333-4d38-923d-e2c872964b37"},{"type":2,"id":"53248b36-edb6-4618-b606-f0727b537d7a"},{"type":2,"id":"8f94ca74-e46d-4d65-b3c4-aaa80bc129d2"},{"type":2,"id":"ae0e2194-4e8d-4e67-9416-4f77abf5242a"}],"id":"c88e4636-c314-4727-b87c-f3bea48b697b"},{"src":"|project://smallsql0.21_src/src/smallsql/database/SSResultSet.java|(6153,342,<180,4>,<189,5>)","metadata":{"length":10,"sloc":10,"mass":40},"fragment":"public Time getTime(int columnIndex) throws SQLException {\r\n        try{\r\n\t\t\tExpression expr = getValue(columnIndex);\r\n            wasNull = expr.isNull();\r\n\t\t\tif(wasNull) return null;\r\n\t\t\treturn DateTime.getTime( expr.getLong() );\r\n        }catch(Exception e){\r\n            throw SmallSQLException.createFromException( e );\r\n        }\r\n    }","location":{"offset":[6153,342],"column":4,"row":180,"file":"smallsql0.21_src/src/smallsql/database/SSResultSet.java"},"clone_class":"ca80d58c-1fe9-4f63-84a6-dee733e39697","pairs":[{"type":2,"id":"7bd8cae4-3e04-41ef-bebe-93e98d75e61e"},{"type":2,"id":"fa726683-7333-4d38-923d-e2c872964b37"},{"type":2,"id":"53248b36-edb6-4618-b606-f0727b537d7a"},{"type":2,"id":"c88e4636-c314-4727-b87c-f3bea48b697b"},{"type":2,"id":"ae0e2194-4e8d-4e67-9416-4f77abf5242a"}],"id":"8f94ca74-e46d-4d65-b3c4-aaa80bc129d2"},{"src":"|project://smallsql0.21_src/src/smallsql/database/SSCallableStatement.java|(5903,322,<163,4>,<172,5>)","metadata":{"length":10,"sloc":10,"mass":40},"fragment":"public Date getDate(int i) throws SQLException {\r\n        try{\r\n\t\t\tExpression expr = getValue(i);\r\n            wasNull = expr.isNull();\r\n\t\t\tif(wasNull) return null;\r\n\t\t\treturn DateTime.getDate( expr.getLong() );\r\n        }catch(Exception e){\r\n            throw SmallSQLException.createFromException( e );\r\n        }\r\n    }","location":{"offset":[5903,322],"column":4,"row":163,"file":"smallsql0.21_src/src/smallsql/database/SSCallableStatement.java"},"clone_class":"ca80d58c-1fe9-4f63-84a6-dee733e39697","pairs":[{"type":2,"id":"7bd8cae4-3e04-41ef-bebe-93e98d75e61e"},{"type":2,"id":"fa726683-7333-4d38-923d-e2c872964b37"},{"type":2,"id":"53248b36-edb6-4618-b606-f0727b537d7a"},{"type":2,"id":"c88e4636-c314-4727-b87c-f3bea48b697b"},{"type":2,"id":"8f94ca74-e46d-4d65-b3c4-aaa80bc129d2"}],"id":"ae0e2194-4e8d-4e67-9416-4f77abf5242a"}]