[{"src":"|project://smallsql0.21_src/src/smallsql/database/IndexScrollStatus.java|(3062,385,<89,5>,<99,6>)","metadata":{"length":11,"sloc":11,"mass":47},"fragment":"if(status.nodeValue != null){\r\n\t\t\t\t\t\tif(status.nodeValue instanceof IndexNode){\r\n\t\t\t\t\t\t\tlevel++;\r\n\t\t\t\t\t\t\tnodeStack.push(\r\n\t\t\t\t\t\t\t\tnew IndexNodeScrollStatus( \t(IndexNode)status.nodeValue, \r\n\t\t\t\t\t\t\t\t\t\t\t\t\t\t(expressions.get(level).getAlias() != SQLTokenizer.DESC_STR), \r\n\t\t\t\t\t\t\t\t\t\t\t\t\t\tscroll, level));\r\n\t\t\t\t\t\t\tcontinue;\r\n\t\t\t\t\t\t}else\r\n\t\t\t\t\t\t\treturn getReturnValue(status.nodeValue);\r\n\t\t\t\t\t}","location":{"offset":[3062,385],"column":5,"row":89,"file":"smallsql0.21_src/src/smallsql/database/IndexScrollStatus.java"},"clone_class":"73e31fce-d0aa-4b43-ba97-cfadc34aa63f","pairs":[{"type":1,"id":"bf8c4f70-d054-4904-a08f-aaa74e314937"}],"id":"21182c88-19a0-4548-b8fc-48c177c6eb3f"},{"src":"|project://smallsql0.21_src/src/smallsql/database/IndexScrollStatus.java|(4100,428,<120,5>,<131,41>)","metadata":{"length":12,"sloc":11,"mass":47},"fragment":"if(status.nodeValue != null){\r\n\t\t\t\t\t\tif(status.nodeValue instanceof IndexNode){\r\n\t\t\t\t\t\t\tlevel++;\r\n\t\t\t\t\t\t\tnodeStack.push(\r\n\t\t\t\t\t\t\t\tnew IndexNodeScrollStatus( \t(IndexNode)status.nodeValue, \r\n\t\t\t\t\t\t\t\t\t\t\t\t\t\t(expressions.get(level).getAlias() != SQLTokenizer.DESC_STR), \r\n\t\t\t\t\t\t\t\t\t\t\t\t\t\tscroll, level));\r\n\t\t\t\t\t\t\tcontinue;\r\n\t\t\t\t\t\t}else\r\n\t\t\t\t\t\t\treturn getReturnValue(status.nodeValue);\r\n\t\t\t\t\t}\r\n\t\t\t\t\t//There is no RowOffset in this node","location":{"offset":[4100,428],"column":5,"row":120,"file":"smallsql0.21_src/src/smallsql/database/IndexScrollStatus.java"},"clone_class":"73e31fce-d0aa-4b43-ba97-cfadc34aa63f","pairs":[{"type":1,"id":"21182c88-19a0-4548-b8fc-48c177c6eb3f"}],"id":"bf8c4f70-d054-4904-a08f-aaa74e314937"}]