[{"src":"|project://smallsql0.21_src/src/smallsql/database/ExpressionFunctionCase.java|(4293,188,<185,1>,<191,2>)","metadata":{"length":7,"sloc":7,"mass":36},"fragment":"final int getPrecision(){\r\n\t\tint precision = 0;\r\n\t\tfor(int i=results.size()-1; i>=0; i--){\r\n\t\t\tprecision = Math.max(precision, results.get(i).getPrecision());\r\n\t\t}\r\n\t\treturn precision;\r\n\t}","location":{"offset":[4293,188],"column":1,"row":185,"file":"smallsql0.21_src/src/smallsql/database/ExpressionFunctionCase.java"},"clone_class":"1f82ddaa-7e17-448f-975c-49ed80e8f8c9","pairs":[{"type":2,"id":"433a802c-4360-47e0-954d-298528590eeb"}],"id":"32e74118-51fd-4149-8bfa-2175b5887b53"},{"src":"|project://smallsql0.21_src/src/smallsql/database/ExpressionFunctionCase.java|(4489,180,<194,1>,<200,2>)","metadata":{"length":7,"sloc":7,"mass":36},"fragment":"final int getScale(){\r\n\t\tint precision = 0;\r\n\t\tfor(int i=results.size()-1; i>=0; i--){\r\n\t\t\tprecision = Math.max(precision, results.get(i).getScale());\r\n\t\t}\r\n\t\treturn precision;\r\n\t}","location":{"offset":[4489,180],"column":1,"row":194,"file":"smallsql0.21_src/src/smallsql/database/ExpressionFunctionCase.java"},"clone_class":"1f82ddaa-7e17-448f-975c-49ed80e8f8c9","pairs":[{"type":2,"id":"32e74118-51fd-4149-8bfa-2175b5887b53"}],"id":"433a802c-4360-47e0-954d-298528590eeb"}]