[{"src":"|project://smallsql0.21_src/src/smallsql/database/SSDatabaseMetaData.java|(23142,345,<839,3>,<839,348>)","metadata":{"length":1,"sloc":1,"mass":41},"fragment":"{SQLTokenizer.getKeyWord(SQLTokenizer.BINARY),   \t \t Utils.getShort(SQLTokenizer.getSQLDataType( SQLTokenizer.BINARY) ),   \t  \t  Utils.getInteger(65535),\t    \"0x\", null, \"length\", \t\t\tUtils.getShort(typeNullable), Boolean.FALSE, Utils.getShort(typeSearchable), null, \t\t\tBoolean.FALSE, Boolean.FALSE, null, null, \t\t\t\t null, \t\t\t\t  null, null, null}","location":{"offset":[23142,345],"column":3,"row":839,"file":"smallsql0.21_src/src/smallsql/database/SSDatabaseMetaData.java"},"clone_class":"fa48df82-670e-4b7e-8649-ee95ffd55992","pairs":[{"type":2,"id":"9ac09c4a-2b57-46f3-b3b0-c27b4abcf50a"}],"id":"89794054-8071-47b8-9280-7d681d44379c"},{"src":"|project://smallsql0.21_src/src/smallsql/database/SSDatabaseMetaData.java|(22787,349,<838,3>,<838,352>)","metadata":{"length":1,"sloc":1,"mass":41},"fragment":"{SQLTokenizer.getKeyWord(SQLTokenizer.VARBINARY),   \t Utils.getShort(SQLTokenizer.getSQLDataType( SQLTokenizer.VARBINARY) ),   \t  Utils.getInteger(65535),\t    \"0x\", null, \"max length\", \t\tUtils.getShort(typeNullable), Boolean.FALSE, Utils.getShort(typeSearchable), null, \t\t\tBoolean.FALSE, Boolean.FALSE, null, null, \t\t\t\t null, \t\t\t\t  null, null, null}","location":{"offset":[22787,349],"column":3,"row":838,"file":"smallsql0.21_src/src/smallsql/database/SSDatabaseMetaData.java"},"clone_class":"fa48df82-670e-4b7e-8649-ee95ffd55992","pairs":[{"type":2,"id":"89794054-8071-47b8-9280-7d681d44379c"}],"id":"9ac09c4a-2b57-46f3-b3b0-c27b4abcf50a"}]