[{"src":"|project://smallsql0.21_src/src/smallsql/junit/TestOrderBy.java|(5016,182,<160,2>,<165,3>)","metadata":{"length":6,"sloc":6,"mass":31},"fragment":"while(rs.next()){\r\n\t\t\tString newValue = rs.getString(\"v\");\r\n\t\t\tassertTrue( oldValue + \"<\" + newValue, oldValue.compareTo( newValue ) < 0 );\r\n\t\t\toldValue = newValue;\r\n\t\t\tcount++;\r\n\t\t}","location":{"offset":[5016,182],"column":2,"row":160,"file":"smallsql0.21_src/src/smallsql/junit/TestOrderBy.java"},"clone_class":"2543e887-045e-4ff0-a75e-a150e7fa25e8","pairs":[{"type":2,"id":"4823d25f-c7f9-4fa1-965e-92c871dd026c"},{"type":2,"id":"bd5d4f53-b17e-40c3-933b-09e771bf73d5"}],"id":"89286211-4f97-4073-92bc-c91bcf408bb1"},{"src":"|project://smallsql0.21_src/src/smallsql/junit/TestDBMetaData.java|(7491,200,<164,8>,<169,9>)","metadata":{"length":6,"sloc":6,"mass":31},"fragment":"while(rs.next()){\r\n            String type2 = rs.getString(\"TABLE_TYPE\");\r\n            assertTrue( type+\"-\"+type2, type.compareTo(type2)<0);\r\n            type = type2;\r\n            count++;\r\n        }","location":{"offset":[7491,200],"column":8,"row":164,"file":"smallsql0.21_src/src/smallsql/junit/TestDBMetaData.java"},"clone_class":"2543e887-045e-4ff0-a75e-a150e7fa25e8","pairs":[{"type":2,"id":"89286211-4f97-4073-92bc-c91bcf408bb1"},{"type":2,"id":"bd5d4f53-b17e-40c3-933b-09e771bf73d5"}],"id":"4823d25f-c7f9-4fa1-965e-92c871dd026c"},{"src":"|project://smallsql0.21_src/src/smallsql/junit/TestOrderBy.java|(4329,182,<132,2>,<137,3>)","metadata":{"length":6,"sloc":6,"mass":31},"fragment":"while(rs.next()){\r\n\t\t\tString newValue = rs.getString(\"c\");\r\n\t\t\tassertTrue( oldValue + \"<\" + newValue, oldValue.compareTo( newValue ) < 0 );\r\n\t\t\toldValue = newValue;\r\n\t\t\tcount++;\r\n\t\t}","location":{"offset":[4329,182],"column":2,"row":132,"file":"smallsql0.21_src/src/smallsql/junit/TestOrderBy.java"},"clone_class":"2543e887-045e-4ff0-a75e-a150e7fa25e8","pairs":[{"type":2,"id":"89286211-4f97-4073-92bc-c91bcf408bb1"},{"type":2,"id":"4823d25f-c7f9-4fa1-965e-92c871dd026c"}],"id":"bd5d4f53-b17e-40c3-933b-09e771bf73d5"}]