[{"src":"|project://smallsql0.21_src/src/smallsql/database/SSDatabaseMetaData.java|(22433,348,<837,3>,<837,351>)","metadata":{"length":1,"sloc":1,"mass":41},"fragment":"{SQLTokenizer.getKeyWord(SQLTokenizer.LONGVARBINARY),   Utils.getShort(SQLTokenizer.getSQLDataType( SQLTokenizer.LONGVARBINARY) ),   Utils.getInteger(2147483647),\t\"0x\", null, null, \t\t \t\tUtils.getShort(typeNullable), Boolean.FALSE, Utils.getShort(typeSearchable), null, \t\t\tBoolean.FALSE, Boolean.FALSE, null, null, \t\t\t\t null, \t\t\t\t  null, null, null}","location":{"offset":[22433,348],"column":3,"row":837,"file":"smallsql0.21_src/src/smallsql/database/SSDatabaseMetaData.java"},"clone_class":"b146c76f-0bac-46d7-a767-d8c89edacf7c","pairs":[{"type":2,"id":"b4148f20-c69d-4582-beed-3921fca97127"}],"id":"d6ee2cd7-65fb-423d-98bb-c1a8969c957f"},{"src":"|project://smallsql0.21_src/src/smallsql/database/SSDatabaseMetaData.java|(31137,337,<861,3>,<861,340>)","metadata":{"length":1,"sloc":1,"mass":41},"fragment":"{SQLTokenizer.getKeyWord(SQLTokenizer.BLOB),   \t\t Utils.getShort(SQLTokenizer.getSQLDataType( SQLTokenizer.BLOB) ),   \t\t  Utils.getInteger(2147483647),\t\"0x\", null, null, \t\t \t\tUtils.getShort(typeNullable), Boolean.FALSE, Utils.getShort(typeSearchable), null, \t\t\tBoolean.FALSE, Boolean.FALSE, null, null, \t\t\t\t null, \t\t\t\t  null, null, null}","location":{"offset":[31137,337],"column":3,"row":861,"file":"smallsql0.21_src/src/smallsql/database/SSDatabaseMetaData.java"},"clone_class":"b146c76f-0bac-46d7-a767-d8c89edacf7c","pairs":[{"type":2,"id":"d6ee2cd7-65fb-423d-98bb-c1a8969c957f"}],"id":"b4148f20-c69d-4582-beed-3921fca97127"}]