[{"src":"|project://smallsql0.21_src/src/smallsql/database/Table.java|(12314,314,<357,6>,<364,7>)","metadata":{"length":8,"sloc":7,"mass":36},"fragment":"// first check if another connection has a lock before creating a table lock\r\n\t\t\t\t\t\tif(locks.size() > 0){\r\n\t\t\t\t\t\t\tIterator values = locks.values().iterator();\r\n\t\t\t\t\t\t\twhile(values.hasNext()){\r\n\t\t\t\t\t\t\t\tTableStorePage lock = (TableStorePage)values.next();\r\n\t\t\t\t\t\t\t\tif(lock.con != con) return null;\r\n\t\t\t\t\t\t\t}\r\n\t\t\t\t\t\t}","location":{"offset":[12314,314],"column":6,"row":357,"file":"smallsql0.21_src/src/smallsql/database/Table.java"},"clone_class":"5f6f4be9-cec9-4120-be56-8d5c78613902","pairs":[{"type":2,"id":"c355eacf-732b-4313-89b5-4b4cc0dba6a9"},{"type":2,"id":"13156762-235c-42a3-9d1b-6738f7a02527"}],"id":"7b4e29ec-d20f-4704-9be8-5ae833220ffb"},{"src":"|project://smallsql0.21_src/src/smallsql/database/Table.java|(12895,245,<370,6>,<376,7>)","metadata":{"length":7,"sloc":7,"mass":36},"fragment":"if(serializeConnections.size() > 0){\r\n\t\t\t\t\t\t\tIterator values = locks.values().iterator();\r\n\t\t\t\t\t\t\twhile(values.hasNext()){\r\n\t\t\t\t\t\t\t\tTableStorePage lock = (TableStorePage)values.next();\r\n\t\t\t\t\t\t\t\tif(lock.con != con) return null;\r\n\t\t\t\t\t\t\t}\r\n\t\t\t\t\t\t}","location":{"offset":[12895,245],"column":6,"row":370,"file":"smallsql0.21_src/src/smallsql/database/Table.java"},"clone_class":"5f6f4be9-cec9-4120-be56-8d5c78613902","pairs":[{"type":2,"id":"7b4e29ec-d20f-4704-9be8-5ae833220ffb"},{"type":1,"id":"13156762-235c-42a3-9d1b-6738f7a02527"}],"id":"c355eacf-732b-4313-89b5-4b4cc0dba6a9"},{"src":"|project://smallsql0.21_src/src/smallsql/database/Table.java|(13602,350,<388,20>,<394,21>)","metadata":{"length":7,"sloc":7,"mass":36},"fragment":"if(serializeConnections.size() > 0){\r\n                        Iterator values = locks.values().iterator();\r\n                        while(values.hasNext()){\r\n                            TableStorePage lock = (TableStorePage)values.next();\r\n                            if(lock.con != con) return null;\r\n                        }\r\n                    }","location":{"offset":[13602,350],"column":20,"row":388,"file":"smallsql0.21_src/src/smallsql/database/Table.java"},"clone_class":"5f6f4be9-cec9-4120-be56-8d5c78613902","pairs":[{"type":2,"id":"7b4e29ec-d20f-4704-9be8-5ae833220ffb"},{"type":1,"id":"c355eacf-732b-4313-89b5-4b4cc0dba6a9"}],"id":"13156762-235c-42a3-9d1b-6738f7a02527"}]