[{"src":"|project://smallsql0.21_src/src/smallsql/junit/TestOrderBy.java|(13282,638,<493,1>,<516,2>)","metadata":{"length":24,"sloc":20,"mass":107},"fragment":"public void testOrderBy_real() throws Exception{\r\n\t\tinit();\r\n\t\tConnection con = AllTests.getConnection();\r\n\t\tStatement st = con.createStatement();\r\n\t\tResultSet rs;\r\n\t\tFloat oldValue;\r\n\t\t\r\n\t\trs = st.executeQuery(\"SELECT * FROM \" + table1 + \" ORDER  by r\");\r\n\t\t\r\n\t\tassertTrue( rs.next() );\r\n\t\t\r\n\t\toldValue = (Float)rs.getObject(\"r\");\r\n\t\tassertNull(oldValue);\r\n\t\tassertTrue( rs.next() );\r\n\t\toldValue = (Float)rs.getObject(\"r\");\r\n\t\t\r\n\t\tint count = 1;\r\n\t\twhile(rs.next()){\r\n\t\t\tassertTrue( oldValue.compareTo( (Float)rs.getObject(\"r\") ) < 0 );\r\n\t\t\toldValue = (Float)rs.getObject(\"r\");\r\n\t\t\tcount++;\r\n\t\t}\r\n\t\tassertEquals( valueCount, count );\r\n\t}","location":{"offset":[13282,638],"column":1,"row":493,"file":"smallsql0.21_src/src/smallsql/junit/TestOrderBy.java"},"clone_class":"b634d65b-36ef-4606-b35e-a8ecf8edc04f","pairs":[{"type":2,"id":"fa425413-83cb-482f-9aef-feeda4224cca"},{"type":2,"id":"9590494c-e53c-4406-b420-a5ce3082f03a"},{"type":2,"id":"8888e6c8-1c34-435c-973c-0b66f3efa7af"},{"type":2,"id":"06b89150-2655-4f2e-9947-61b31c782488"}],"id":"6267168b-9cb1-481e-bdf2-f6dff428aac5"},{"src":"|project://smallsql0.21_src/src/smallsql/junit/TestOrderBy.java|(12629,645,<467,1>,<490,2>)","metadata":{"length":24,"sloc":20,"mass":107},"fragment":"public void testOrderBy_double() throws Exception{\r\n\t\tinit();\r\n\t\tConnection con = AllTests.getConnection();\r\n\t\tStatement st = con.createStatement();\r\n\t\tResultSet rs;\r\n\t\tDouble oldValue;\r\n\t\t\r\n\t\trs = st.executeQuery(\"SELECT * FROM \" + table1 + \" ORDER  by d\");\r\n\t\t\r\n\t\tassertTrue( rs.next() );\r\n\t\t\r\n\t\toldValue = (Double)rs.getObject(\"d\");\r\n\t\tassertNull(oldValue);\r\n\t\tassertTrue( rs.next() );\r\n\t\toldValue = (Double)rs.getObject(\"d\");\r\n\t\t\r\n\t\tint count = 1;\r\n\t\twhile(rs.next()){\r\n\t\t\tassertTrue( oldValue.compareTo( (Double)rs.getObject(\"d\") ) < 0 );\r\n\t\t\toldValue = (Double)rs.getObject(\"d\");\r\n\t\t\tcount++;\r\n\t\t}\r\n\t\tassertEquals( valueCount, count );\r\n\t}","location":{"offset":[12629,645],"column":1,"row":467,"file":"smallsql0.21_src/src/smallsql/junit/TestOrderBy.java"},"clone_class":"b634d65b-36ef-4606-b35e-a8ecf8edc04f","pairs":[{"type":2,"id":"6267168b-9cb1-481e-bdf2-f6dff428aac5"},{"type":2,"id":"9590494c-e53c-4406-b420-a5ce3082f03a"},{"type":2,"id":"8888e6c8-1c34-435c-973c-0b66f3efa7af"},{"type":2,"id":"06b89150-2655-4f2e-9947-61b31c782488"}],"id":"fa425413-83cb-482f-9aef-feeda4224cca"},{"src":"|project://smallsql0.21_src/src/smallsql/junit/TestOrderBy.java|(13928,633,<519,1>,<542,2>)","metadata":{"length":24,"sloc":20,"mass":107},"fragment":"public void test_bigint() throws Exception{\r\n\t\tinit();\r\n\t\tConnection con = AllTests.getConnection();\r\n\t\tStatement st = con.createStatement();\r\n\t\tResultSet rs;\r\n\t\tLong oldValue;\r\n\t\t\r\n\t\trs = st.executeQuery(\"SELECT * FROM \" + table1 + \" ORDER  by bi\");\r\n\t\t\r\n\t\tassertTrue( rs.next() );\r\n\t\t\r\n\t\toldValue = (Long)rs.getObject(\"bi\");\r\n\t\tassertNull(oldValue);\r\n\t\tassertTrue( rs.next() );\r\n\t\toldValue = (Long)rs.getObject(\"bi\");\r\n\t\t\r\n\t\tint count = 1;\r\n\t\twhile(rs.next()){\r\n\t\t\tassertTrue( oldValue.compareTo( (Long)rs.getObject(\"bi\") ) < 0 );\r\n\t\t\toldValue = (Long)rs.getObject(\"bi\");\r\n\t\t\tcount++;\r\n\t\t}\r\n\t\tassertEquals( valueCount, count );\r\n\t}","location":{"offset":[13928,633],"column":1,"row":519,"file":"smallsql0.21_src/src/smallsql/junit/TestOrderBy.java"},"clone_class":"b634d65b-36ef-4606-b35e-a8ecf8edc04f","pairs":[{"type":2,"id":"6267168b-9cb1-481e-bdf2-f6dff428aac5"},{"type":2,"id":"fa425413-83cb-482f-9aef-feeda4224cca"},{"type":2,"id":"8888e6c8-1c34-435c-973c-0b66f3efa7af"},{"type":2,"id":"06b89150-2655-4f2e-9947-61b31c782488"}],"id":"9590494c-e53c-4406-b420-a5ce3082f03a"},{"src":"|project://smallsql0.21_src/src/smallsql/junit/TestOrderBy.java|(9182,647,<329,1>,<352,2>)","metadata":{"length":24,"sloc":20,"mass":107},"fragment":"public void testOrderBy_int() throws Exception{\r\n\t\tinit();\r\n\t\tConnection con = AllTests.getConnection();\r\n\t\tStatement st = con.createStatement();\r\n\t\tResultSet rs;\r\n\t\tInteger oldValue;\r\n\t\t\r\n\t\trs = st.executeQuery(\"SELECT * FROM \" + table1 + \" ORDER  by i\");\r\n\t\t\r\n\t\tassertTrue( rs.next() );\r\n\t\t\r\n\t\toldValue = (Integer)rs.getObject(\"i\");\r\n\t\tassertNull(oldValue);\r\n\t\tassertTrue( rs.next() );\r\n\t\toldValue = (Integer)rs.getObject(\"i\");\r\n\t\t\r\n\t\tint count = 1;\r\n\t\twhile(rs.next()){\r\n\t\t\tassertTrue( oldValue.compareTo( (Integer)rs.getObject(\"i\") ) < 0 );\r\n\t\t\toldValue = (Integer)rs.getObject(\"i\");\r\n\t\t\tcount++;\r\n\t\t}\r\n\t\tassertEquals( valueCount, count );\r\n\t}","location":{"offset":[9182,647],"column":1,"row":329,"file":"smallsql0.21_src/src/smallsql/junit/TestOrderBy.java"},"clone_class":"b634d65b-36ef-4606-b35e-a8ecf8edc04f","pairs":[{"type":2,"id":"6267168b-9cb1-481e-bdf2-f6dff428aac5"},{"type":2,"id":"fa425413-83cb-482f-9aef-feeda4224cca"},{"type":2,"id":"9590494c-e53c-4406-b420-a5ce3082f03a"},{"type":2,"id":"06b89150-2655-4f2e-9947-61b31c782488"}],"id":"8888e6c8-1c34-435c-973c-0b66f3efa7af"},{"src":"|project://smallsql0.21_src/src/smallsql/junit/TestOrderBy.java|(11277,655,<414,1>,<437,2>)","metadata":{"length":24,"sloc":20,"mass":107},"fragment":"public void testOrderBy_int_asc() throws Exception{\r\n\t\tinit();\r\n\t\tConnection con = AllTests.getConnection();\r\n\t\tStatement st = con.createStatement();\r\n\t\tResultSet rs;\r\n\t\tInteger oldValue;\r\n\t\t\r\n\t\trs = st.executeQuery(\"SELECT * FROM \" + table1 + \" ORDER  by i Asc\");\r\n\t\t\r\n\t\tassertTrue( rs.next() );\r\n\t\t\r\n\t\toldValue = (Integer)rs.getObject(\"i\");\r\n\t\tassertNull(oldValue);\r\n\t\tassertTrue( rs.next() );\r\n\t\toldValue = (Integer)rs.getObject(\"i\");\r\n\t\t\r\n\t\tint count = 1;\r\n\t\twhile(rs.next()){\r\n\t\t\tassertTrue( oldValue.compareTo( (Integer)rs.getObject(\"i\") ) < 0 );\r\n\t\t\toldValue = (Integer)rs.getObject(\"i\");\r\n\t\t\tcount++;\r\n\t\t}\r\n\t\tassertEquals( valueCount, count );\r\n\t}","location":{"offset":[11277,655],"column":1,"row":414,"file":"smallsql0.21_src/src/smallsql/junit/TestOrderBy.java"},"clone_class":"b634d65b-36ef-4606-b35e-a8ecf8edc04f","pairs":[{"type":2,"id":"6267168b-9cb1-481e-bdf2-f6dff428aac5"},{"type":2,"id":"fa425413-83cb-482f-9aef-feeda4224cca"},{"type":2,"id":"9590494c-e53c-4406-b420-a5ce3082f03a"},{"type":2,"id":"8888e6c8-1c34-435c-973c-0b66f3efa7af"}],"id":"06b89150-2655-4f2e-9947-61b31c782488"}]