[{"src":"|project://smallsql0.21_src/src/smallsql/database/SQLParser.java|(79764,229,<1988,4>,<1988,233>)","metadata":{"length":1,"sloc":1,"mass":32},"fragment":"private static final int[] MISSING_OPTIONS_DATATYPE = { SQLTokenizer.DEFAULT, SQLTokenizer.IDENTITY, SQLTokenizer.NOT, SQLTokenizer.NULL, SQLTokenizer.PRIMARY, SQLTokenizer.UNIQUE, SQLTokenizer.COMMA, SQLTokenizer.PARENTHESIS_R};","location":{"offset":[79764,229],"column":4,"row":1988,"file":"smallsql0.21_src/src/smallsql/database/SQLParser.java"},"clone_class":"4bf08cd6-3597-4aaf-8b5d-039a75fdb1f1","pairs":[{"type":2,"id":"b7b92619-0963-4c11-9425-98bf65d07ed1"}],"id":"d5e35399-7584-4bd1-aed0-956c7c7767dd"},{"src":"|project://smallsql0.21_src/src/smallsql/database/SQLParser.java|(75683,224,<1957,4>,<1957,228>)","metadata":{"length":1,"sloc":1,"mass":32},"fragment":"private static final int[] COMMANDS_CREATE = {SQLTokenizer.DATABASE, SQLTokenizer.TABLE, SQLTokenizer.VIEW, SQLTokenizer.INDEX, SQLTokenizer.PROCEDURE, SQLTokenizer.UNIQUE, SQLTokenizer.CLUSTERED, SQLTokenizer.NONCLUSTERED};","location":{"offset":[75683,224],"column":4,"row":1957,"file":"smallsql0.21_src/src/smallsql/database/SQLParser.java"},"clone_class":"4bf08cd6-3597-4aaf-8b5d-039a75fdb1f1","pairs":[{"type":2,"id":"d5e35399-7584-4bd1-aed0-956c7c7767dd"}],"id":"b7b92619-0963-4c11-9425-98bf65d07ed1"}]