[{"src":"|project://smallsql0.21_src/src/smallsql/database/language/Language.java|(12108,343,<292,33>,<306,2>)","metadata":{"length":15,"sloc":13,"mass":62},"fragment":"{\r\n\t\tSet inserted = new HashSet(); // for duplicates checking\r\n\t\t\r\n\t\tfor (int i = 0; i < entries.length; i++) {\r\n\t\t\tString key = entries[i][0];\r\n\t\t\t\r\n\t\t\tif (! inserted.add(key)) {\r\n\t\t\t\tthrow new IllegalArgumentException(\"Duplicate key: \" + key);\r\n\t\t\t}\r\n\t\t\telse {\r\n\t\t\t\tString value = entries[i][1];\r\n\t\t\t\tmessages.put(key, value);\r\n\t\t\t}\r\n\t\t}\r\n\t}","location":{"offset":[12108,343],"column":33,"row":292,"file":"smallsql0.21_src/src/smallsql/database/language/Language.java"},"clone_class":"7e5c35e8-747b-4314-b84d-5ad6df4712b2","pairs":[{"type":2,"id":"58f07383-c666-4b84-a572-e133f749a540"}],"id":"7cd72b9c-d2b9-436a-a8cb-c7bf35fdd2ec"},{"src":"|project://smallsql0.21_src/src/smallsql/database/language/Language.java|(12780,353,<318,35>,<332,2>)","metadata":{"length":15,"sloc":13,"mass":62},"fragment":"{\r\n\t\tSet inserted = new HashSet(); // for duplicates checking\r\n\t\t\r\n\t\tfor (int i = 0; i < SQL_STATES.length; i++) {\r\n\t\t\tString key = SQL_STATES[i][0];\r\n\t\t\t\r\n\t\t\tif (! inserted.add(key)) {\r\n\t\t\t\tthrow new IllegalArgumentException(\"Duplicate key: \" + key);\r\n\t\t\t}\r\n\t\t\telse {\r\n\t\t\t\tString value = SQL_STATES[i][1];\r\n\t\t\t\tsqlStates.put(key, value);\r\n\t\t\t}\r\n\t\t}\r\n\t}","location":{"offset":[12780,353],"column":35,"row":318,"file":"smallsql0.21_src/src/smallsql/database/language/Language.java"},"clone_class":"7e5c35e8-747b-4314-b84d-5ad6df4712b2","pairs":[{"type":2,"id":"7cd72b9c-d2b9-436a-a8cb-c7bf35fdd2ec"}],"id":"58f07383-c666-4b84-a572-e133f749a540"}]