[{"src":"|project://smallsql0.21_src/src/smallsql/junit/TestJoins.java|(10437,251,<204,4>,<210,5>)","metadata":{"length":7,"sloc":7,"mass":43},"fragment":"private static TestValue a(String dataType, Object small, Object large){\r\n        TestValue value = new TestValue();\r\n        value.dataType  = dataType;\r\n        value.small     = small;\r\n        value.large     = large;\r\n        return value;\r\n    }","location":{"offset":[10437,251],"column":4,"row":204,"file":"smallsql0.21_src/src/smallsql/junit/TestJoins.java"},"clone_class":"ad87b2cb-b826-4120-a4f4-da18387f96a2","pairs":[{"type":1,"id":"1eb83b54-1d9e-4c8b-af87-26e1707cb80b"}],"id":"dd77d538-599c-4232-9b33-2558098c5e82"},{"src":"|project://smallsql0.21_src/src/smallsql/junit/TestOperatoren.java|(11745,251,<267,4>,<273,5>)","metadata":{"length":7,"sloc":7,"mass":43},"fragment":"private static TestValue a(String dataType, Object small, Object large){\r\n        TestValue value = new TestValue();\r\n        value.dataType  = dataType;\r\n        value.small     = small;\r\n        value.large     = large;\r\n        return value;\r\n    }","location":{"offset":[11745,251],"column":4,"row":267,"file":"smallsql0.21_src/src/smallsql/junit/TestOperatoren.java"},"clone_class":"ad87b2cb-b826-4120-a4f4-da18387f96a2","pairs":[{"type":1,"id":"dd77d538-599c-4232-9b33-2558098c5e82"}],"id":"1eb83b54-1d9e-4c8b-af87-26e1707cb80b"}]