[{"src":"|project://smallsql0.21_src/src/smallsql/junit/TestExceptions.java|(3485,269,<76,4>,<83,5>)","metadata":{"length":8,"sloc":8,"mass":34},"fragment":"private void init() throws Exception{\r\n    \tif(init) return;\r\n\t\tConnection con = AllTests.getConnection();\r\n\t\tStatement st = con.createStatement();\r\n\t\tdropTable( con, \"exceptions\");\r\n\t\tst.execute(\"Create Table exceptions (c varchar(30), i int)\");\r\n\t\tinit = true;\r\n    }","location":{"offset":[3485,269],"column":4,"row":76,"file":"smallsql0.21_src/src/smallsql/junit/TestExceptions.java"},"clone_class":"060d6fe6-1281-49b8-970d-3c318412f973","pairs":[{"type":2,"id":"46c811d9-6fac-4aab-a833-59a94a052f3c"}],"id":"fbc9694a-c972-46f3-9435-2e3005c61917"},{"src":"|project://smallsql0.21_src/src/smallsql/junit/TestStatement.java|(1512,274,<48,4>,<55,5>)","metadata":{"length":8,"sloc":8,"mass":34},"fragment":"protected void setUp() throws Exception{\r\n    \tif(init) return;\r\n\t\tConnection con = AllTests.getConnection();\r\n\t\tStatement st = con.createStatement();\r\n\t\tdropTable( con, \"statement\");\r\n\t\tst.execute(\"Create Table statement (c varchar(30), i counter)\");\r\n\t\tinit = true;\r\n    }","location":{"offset":[1512,274],"column":4,"row":48,"file":"smallsql0.21_src/src/smallsql/junit/TestStatement.java"},"clone_class":"060d6fe6-1281-49b8-970d-3c318412f973","pairs":[{"type":2,"id":"fbc9694a-c972-46f3-9435-2e3005c61917"}],"id":"46c811d9-6fac-4aab-a833-59a94a052f3c"}]