[{"src":"|project://smallsql0.21_src/src/smallsql/junit/TestDBMetaData.java|(4208,115,<94,8>,<94,123>)","metadata":{"length":1,"sloc":1,"mass":30},"fragment":"int[] colTypes = {Types.NULL, Types.NULL, Types.NULL, Types.NULL, Types.NULL, Types.NULL, Types.NULL, Types.NULL };","location":{"offset":[4208,115],"column":8,"row":94,"file":"smallsql0.21_src/src/smallsql/junit/TestDBMetaData.java"},"clone_class":"1db7ac59-fd59-46e6-87ec-08d355386861","pairs":[{"type":2,"id":"2310b530-1374-4ad9-ae43-d908f52387f9"}],"id":"a2e55ac7-ea77-4691-8794-c8bd6a005915"},{"src":"|project://smallsql0.21_src/src/smallsql/junit/TestDBMetaData.java|(12939,138,<264,8>,<264,146>)","metadata":{"length":1,"sloc":1,"mass":30},"fragment":"int[] colTypes = {Types.SMALLINT, Types.VARCHAR, Types.INTEGER, Types.VARCHAR, Types.INTEGER, Types.NULL, Types.SMALLINT, Types.SMALLINT};","location":{"offset":[12939,138],"column":8,"row":264,"file":"smallsql0.21_src/src/smallsql/junit/TestDBMetaData.java"},"clone_class":"1db7ac59-fd59-46e6-87ec-08d355386861","pairs":[{"type":2,"id":"a2e55ac7-ea77-4691-8794-c8bd6a005915"}],"id":"2310b530-1374-4ad9-ae43-d908f52387f9"}]