[{"src":"|project://smallsql0.21_src/src/smallsql/database/SSCallableStatement.java|(7224,359,<202,4>,<211,5>)","metadata":{"length":10,"sloc":10,"mass":40},"fragment":"public BigDecimal getBigDecimal(int i) throws SQLException {\r\n        try{\r\n            MutableNumeric obj = getValue(i).getNumeric();\r\n            wasNull = obj == null;\r\n            if(wasNull) return null;\r\n            return obj.toBigDecimal();\r\n        }catch(Exception e){\r\n            throw SmallSQLException.createFromException( e );\r\n        }\r\n    }","location":{"offset":[7224,359],"column":4,"row":202,"file":"smallsql0.21_src/src/smallsql/database/SSCallableStatement.java"},"clone_class":"e3b5593c-0511-4c32-874c-cd45613d2af9","pairs":[{"type":2,"id":"4ac044d2-3376-49f6-aa10-29a7274a5b7d"}],"id":"c5288d72-9461-4f5b-b200-787f0ddf02ba"},{"src":"|project://smallsql0.21_src/src/smallsql/database/SSResultSet.java|(11116,379,<319,4>,<328,5>)","metadata":{"length":10,"sloc":10,"mass":40},"fragment":"public BigDecimal getBigDecimal(int columnIndex) throws SQLException {\r\n        try{\r\n            MutableNumeric obj = getValue(columnIndex).getNumeric();\r\n            wasNull = obj == null;\r\n            if(wasNull) return null;\r\n            return obj.toBigDecimal();\r\n        }catch(Exception e){\r\n            throw SmallSQLException.createFromException( e );\r\n        }\r\n    }","location":{"offset":[11116,379],"column":4,"row":319,"file":"smallsql0.21_src/src/smallsql/database/SSResultSet.java"},"clone_class":"e3b5593c-0511-4c32-874c-cd45613d2af9","pairs":[{"type":2,"id":"c5288d72-9461-4f5b-b200-787f0ddf02ba"}],"id":"4ac044d2-3376-49f6-aa10-29a7274a5b7d"}]