[{"src":"|project://smallsql0.21_src/src/smallsql/junit/BenchTest.java|(13127,561,<321,12>,<333,13>)","metadata":{"length":13,"sloc":12,"mass":49},"fragment":"if (count != rowCount){\r\n                // There are not the correct count of rows.\r\n                if (count == 0){\r\n                    createTestDataWithClassicInsert( con );\r\n                    rs = st1.executeQuery( \"SELECT count(*) FROM \" + tableName);\r\n                    rs.next();\r\n                    count = rs.getInt(1);\r\n                }\r\n                if (count != rowCount){\r\n                    System.out.println( \"  Failed: Only \" + (rowCount-count) + \" rows were found.\");\r\n                    return;\r\n                }\r\n            }","location":{"offset":[13127,561],"column":12,"row":321,"file":"smallsql0.21_src/src/smallsql/junit/BenchTest.java"},"clone_class":"244f0f9c-be95-4581-9f5c-780699f2d923","pairs":[{"type":2,"id":"a119893b-e7bb-4891-b606-2dfd838109e8"}],"id":"c305c15b-2c74-4031-a29a-9c138cc8b5fd"},{"src":"|project://smallsql0.21_src/src/smallsql/junit/BenchTest.java|(8192,563,<207,12>,<219,13>)","metadata":{"length":13,"sloc":12,"mass":49},"fragment":"if (count != rowCount){\r\n                // There are not the correct count of rows.\r\n                if (count == 0){\r\n                    createTestDataWithClassicInsert( con );\r\n                    rs = st1.executeQuery( \"SELECT count(*) FROM \" + tableName);\r\n                    rs.next();\r\n                    count = rs.getInt(1);\r\n                }\r\n                if (count != rowCount){\r\n                    System.out.println( \"  Failed: Only \" + (rowCount-count) + \" rows were deleted.\");\r\n                    return;\r\n                }\r\n            }","location":{"offset":[8192,563],"column":12,"row":207,"file":"smallsql0.21_src/src/smallsql/junit/BenchTest.java"},"clone_class":"244f0f9c-be95-4581-9f5c-780699f2d923","pairs":[{"type":2,"id":"c305c15b-2c74-4031-a29a-9c138cc8b5fd"}],"id":"a119893b-e7bb-4891-b606-2dfd838109e8"}]