[{"src":"|project://smallsql0.21_src/src/smallsql/database/SSPreparedStatement.java|(8312,261,<247,5>,<254,4>)","metadata":{"length":8,"sloc":8,"mass":37},"fragment":"catch (SQLException ex) {\r\n\t\t\t\tresult[b] = EXECUTE_FAILED;\r\n\t\t\t\tif(failed == null){\r\n\t\t\t\t\tfailed = new BatchUpdateException(ex.getMessage(), ex.getSQLState(), ex.getErrorCode(), result);\r\n\t\t\t\t\tfailed.initCause(ex);\r\n\t\t\t\t}\r\n\t\t\t\tfailed.setNextException(ex);\r\n\t\t\t}","location":{"offset":[8312,261],"column":5,"row":247,"file":"smallsql0.21_src/src/smallsql/database/SSPreparedStatement.java"},"clone_class":"349641fd-daf9-41d0-b0a9-a3bf8710d05a","pairs":[{"type":2,"id":"e28124c6-e2a9-4488-adcc-c73dc7a98ec3"}],"id":"4770b24e-bc58-4a8a-ac6f-f4dec20bd9e6"},{"src":"|project://smallsql0.21_src/src/smallsql/database/SSStatement.java|(6966,346,<269,13>,<276,13>)","metadata":{"length":8,"sloc":8,"mass":37},"fragment":"catch(SQLException ex){\r\n                result[i] = EXECUTE_FAILED;\r\n                if(failed == null){\r\n                    failed = new BatchUpdateException(ex.getMessage(), ex.getSQLState(), ex.getErrorCode(), result);\r\n                    failed.initCause(ex);\r\n                }\r\n                failed.setNextException(ex);\r\n            }","location":{"offset":[6966,346],"column":13,"row":269,"file":"smallsql0.21_src/src/smallsql/database/SSStatement.java"},"clone_class":"349641fd-daf9-41d0-b0a9-a3bf8710d05a","pairs":[{"type":2,"id":"4770b24e-bc58-4a8a-ac6f-f4dec20bd9e6"}],"id":"e28124c6-e2a9-4488-adcc-c73dc7a98ec3"}]