[{"src":"|project://smallsql0.21_src/src/smallsql/database/Utils.java|(6330,321,<205,4>,<212,5>)","metadata":{"length":8,"sloc":8,"mass":62},"fragment":"static String bytes2hex( byte[] bytes ){\r\n        StringBuffer buf = new StringBuffer(bytes.length << 1);\r\n        for(int i=0; i<bytes.length; i++){\r\n            buf.append( digits[ (bytes[i] >> 4) & 0x0F ] );\r\n            buf.append( digits[ (bytes[i]     ) & 0x0F ] );\r\n        }\r\n        return buf.toString();\r\n    }","location":{"offset":[6330,321],"column":4,"row":205,"file":"smallsql0.21_src/src/smallsql/database/Utils.java"},"clone_class":"d59c5010-1a63-4833-b04f-278cf423a3a2","pairs":[{"type":1,"id":"5e8411f7-0ef5-4bc8-b98a-03f8468bcf4f"}],"id":"f37d293b-9eb4-43e2-b654-ed0393e387ef"},{"src":"|project://smallsql0.21_src/src/smallsql/junit/BasicTestCase.java|(3529,284,<102,1>,<109,2>)","metadata":{"length":8,"sloc":8,"mass":63},"fragment":"private static String bytes2hex( byte[] bytes ){\r\n\t\tStringBuffer buf = new StringBuffer(bytes.length << 1);\r\n\t\tfor(int i=0; i<bytes.length; i++){\r\n\t\t\tbuf.append( digits[ (bytes[i] >> 4) & 0x0F ] );\r\n\t\t\tbuf.append( digits[ (bytes[i]     ) & 0x0F ] );\r\n\t\t}\r\n\t\treturn buf.toString();\r\n\t}","location":{"offset":[3529,284],"column":1,"row":102,"file":"smallsql0.21_src/src/smallsql/junit/BasicTestCase.java"},"clone_class":"d59c5010-1a63-4833-b04f-278cf423a3a2","pairs":[{"type":1,"id":"f37d293b-9eb4-43e2-b654-ed0393e387ef"}],"id":"5e8411f7-0ef5-4bc8-b98a-03f8468bcf4f"}]