[{"src":"|project://smallsql0.21_src/src/smallsql/database/Index.java|(14315,322,<418,3>,<431,4>)","metadata":{"length":14,"sloc":14,"mass":39},"fragment":"if(node.isEmpty()){\r\n\t\t\t\tif(isLast){\r\n\t\t\t\t\tnode.addRemainderKey( rowOffset, key, i );\r\n\t\t\t\t\treturn null;\r\n\t\t\t\t}\r\n\t\t\t\treturn node.addRootValue( key, i );\r\n\t\t\t}else\r\n\t\t\tif(equals(node.getRemainderValue(), key, i)){\r\n\t\t\t\tif(isLast){\r\n\t\t\t\t\tnode.saveValue(rowOffset);\r\n\t\t\t\t\treturn null;\r\n\t\t\t\t}\r\n\t\t\t\treturn node.addRoot();\r\n\t\t\t}","location":{"offset":[14315,322],"column":3,"row":418,"file":"smallsql0.21_src/src/smallsql/database/Index.java"},"clone_class":"4d648425-a8f1-4a50-b9ad-3a48464cad2d","pairs":[{"type":2,"id":"1be89fc1-63be-4e75-aedf-1f32e3bb1ece"}],"id":"70b79244-3dc9-4980-8a5a-9450bee5638b"},{"src":"|project://smallsql0.21_src/src/smallsql/database/Index.java|(12875,332,<359,3>,<372,4>)","metadata":{"length":14,"sloc":14,"mass":39},"fragment":"if(node.isEmpty()){\r\n\t\t\t\tif(isLastValue){\r\n\t\t\t\t\tnode.addRemainderKey( rowOffset, key, i );\r\n\t\t\t\t\treturn null;\r\n\t\t\t\t}\r\n\t\t\t\treturn node.addRootValue( key, i);\r\n\t\t\t}else\r\n\t\t\tif(equals(node.getRemainderValue(), key, i)){\r\n\t\t\t\tif(isLastValue){\r\n\t\t\t\t\tnode.saveValue( rowOffset);\r\n\t\t\t\t\treturn null;\r\n\t\t\t\t}\r\n\t\t\t\treturn node.addRoot();\r\n\t\t\t}","location":{"offset":[12875,332],"column":3,"row":359,"file":"smallsql0.21_src/src/smallsql/database/Index.java"},"clone_class":"4d648425-a8f1-4a50-b9ad-3a48464cad2d","pairs":[{"type":2,"id":"70b79244-3dc9-4980-8a5a-9450bee5638b"}],"id":"1be89fc1-63be-4e75-aedf-1f32e3bb1ece"}]