[{"src":"|project://smallsql0.21_src/src/smallsql/database/Where.java|(2761,256,<108,1>,<115,2>)","metadata":{"length":8,"sloc":8,"mass":30},"fragment":"final boolean previous() throws Exception {\r\n        boolean oldIsCurrentRow = isCurrentRow;\r\n\t\tdo{\r\n\t\t\tisCurrentRow = rowSource.previous();\r\n\t\t}while(isCurrentRow && !isValidRow());\r\n\t\tif(oldIsCurrentRow || isCurrentRow) row--;\r\n\t\treturn isCurrentRow;\r\n\t}","location":{"offset":[2761,256],"column":1,"row":108,"file":"smallsql0.21_src/src/smallsql/database/Where.java"},"clone_class":"5900fd12-7316-4aa5-b34b-ac40db0f6e19","pairs":[{"type":2,"id":"247fc6a4-9bd4-47a3-ad72-5f19451df44a"}],"id":"da398d08-9617-4d93-a333-8c51ac41b9a6"},{"src":"|project://smallsql0.21_src/src/smallsql/database/Where.java|(3024,248,<118,1>,<125,2>)","metadata":{"length":8,"sloc":8,"mass":30},"fragment":"final boolean next() throws Exception {\r\n        boolean oldIsCurrentRow = isCurrentRow;\r\n\t\tdo{\r\n\t\t\tisCurrentRow = rowSource.next();\r\n\t\t}while(isCurrentRow && !isValidRow());\r\n\t\tif(oldIsCurrentRow || isCurrentRow) row++;\r\n\t\treturn isCurrentRow;\r\n\t}","location":{"offset":[3024,248],"column":1,"row":118,"file":"smallsql0.21_src/src/smallsql/database/Where.java"},"clone_class":"5900fd12-7316-4aa5-b34b-ac40db0f6e19","pairs":[{"type":2,"id":"da398d08-9617-4d93-a333-8c51ac41b9a6"}],"id":"247fc6a4-9bd4-47a3-ad72-5f19451df44a"}]