[{"src":"|project://smallsql0.21_src/src/smallsql/database/SSDatabaseMetaData.java|(24908,379,<844,3>,<844,382>)","metadata":{"length":1,"sloc":1,"mass":47},"fragment":"{SQLTokenizer.getKeyWord(SQLTokenizer.NUMERIC),         Utils.getShort(SQLTokenizer.getSQLDataType( SQLTokenizer.NUMERIC) ),         Utils.getInteger(38),     \tnull, null, \"precision,scale\", \tUtils.getShort(typeNullable), Boolean.FALSE, Utils.getShort(typeSearchable), Boolean.FALSE, Boolean.FALSE, Boolean.FALSE, null, Utils.getInteger(0), Utils.getInteger(38),null, null, null}","location":{"offset":[24908,379],"column":3,"row":844,"file":"smallsql0.21_src/src/smallsql/database/SSDatabaseMetaData.java"},"clone_class":"54ce6bda-382d-4e2e-b512-7bff97116631","pairs":[{"type":2,"id":"55de6927-f191-4a4e-86ae-f5d88b61f460"}],"id":"4bfb0bd5-f97e-4cdf-89a4-f453526f38a2"},{"src":"|project://smallsql0.21_src/src/smallsql/database/SSDatabaseMetaData.java|(25293,379,<845,3>,<845,382>)","metadata":{"length":1,"sloc":1,"mass":47},"fragment":"{SQLTokenizer.getKeyWord(SQLTokenizer.DECIMAL),         Utils.getShort(SQLTokenizer.getSQLDataType( SQLTokenizer.DECIMAL) ),         Utils.getInteger(38),     \tnull, null, \"precision,scale\", \tUtils.getShort(typeNullable), Boolean.FALSE, Utils.getShort(typeSearchable), Boolean.FALSE, Boolean.FALSE, Boolean.FALSE, null, Utils.getInteger(0), Utils.getInteger(38),null, null, null}","location":{"offset":[25293,379],"column":3,"row":845,"file":"smallsql0.21_src/src/smallsql/database/SSDatabaseMetaData.java"},"clone_class":"54ce6bda-382d-4e2e-b512-7bff97116631","pairs":[{"type":2,"id":"4bfb0bd5-f97e-4cdf-89a4-f453526f38a2"}],"id":"55de6927-f191-4a4e-86ae-f5d88b61f460"}]