[{"src":"|project://smallsql0.21_src/src/smallsql/junit/TestExceptionMethods.java|(5715,597,<165,4>,<179,5>)","metadata":{"length":15,"sloc":15,"mass":49},"fragment":"public void testDuplicatedColumnAlter() throws Exception{\r\n        Connection con = AllTests.getConnection();\r\n        try{\r\n            Statement st = con.createStatement();\r\n            st.execute(\"Create Table DuplicatedColumn(col INT)\");\r\n            try{\r\n                st.execute(\"ALTER TABLE DuplicatedColumn Add Col INT\");\r\n                fail(\"SQLException 'Duplicated Column' should be throw\");\r\n            }catch(SQLException e){\r\n                assertSQLException(\"01000\", 0, e);\r\n            }\r\n        }finally{\r\n            dropTable(con, \"DuplicatedColumn\");\r\n        }\r\n    }","location":{"offset":[5715,597],"column":4,"row":165,"file":"smallsql0.21_src/src/smallsql/junit/TestExceptionMethods.java"},"clone_class":"51c388ae-2747-4831-9b2b-83e856df15fc","pairs":[{"type":2,"id":"863e0706-b44b-4789-adf9-a4b09c069cb0"}],"id":"3f0044af-9789-4323-86df-e0a8d16613de"},{"src":"|project://smallsql0.21_src/src/smallsql/junit/TestExceptionMethods.java|(6322,607,<182,4>,<196,5>)","metadata":{"length":15,"sloc":15,"mass":49},"fragment":"public void testDuplicatedColumnInsert() throws Exception{\r\n        Connection con = AllTests.getConnection();\r\n        try{\r\n            Statement st = con.createStatement();\r\n            st.execute(\"Create Table DuplicatedColumn(col INT)\");\r\n            try{\r\n                st.execute(\"INSERT INTO DuplicatedColumn(col,Col) Values(1,2)\");\r\n                fail(\"SQLException 'Duplicated Column' should be throw\");\r\n            }catch(SQLException e){\r\n                assertSQLException(\"01000\", 0, e);\r\n            }\r\n        }finally{\r\n            dropTable(con, \"DuplicatedColumn\");\r\n        }\r\n    }","location":{"offset":[6322,607],"column":4,"row":182,"file":"smallsql0.21_src/src/smallsql/junit/TestExceptionMethods.java"},"clone_class":"51c388ae-2747-4831-9b2b-83e856df15fc","pairs":[{"type":2,"id":"3f0044af-9789-4323-86df-e0a8d16613de"}],"id":"863e0706-b44b-4789-adf9-a4b09c069cb0"}]