[{"src":"|project://smallsql0.21_src/src/smallsql/database/SSDatabaseMetaData.java|(21308,369,<834,3>,<834,372>)","metadata":{"length":1,"sloc":1,"mass":45},"fragment":"{SQLTokenizer.getKeyWord(SQLTokenizer.BIT),             Utils.getShort(SQLTokenizer.getSQLDataType( SQLTokenizer.BIT) ),             Utils.getInteger(1),      \tnull, null, null, \t\t\t\tUtils.getShort(typeNullable), Boolean.FALSE, Utils.getShort(typeSearchable), null,          Boolean.FALSE, Boolean.FALSE, null, Utils.getInteger(0), Utils.getInteger(0), null, null, null}","location":{"offset":[21308,369],"column":3,"row":834,"file":"smallsql0.21_src/src/smallsql/database/SSDatabaseMetaData.java"},"clone_class":"1d1bb46e-a98b-4006-9e61-ad14367d7b93","pairs":[{"type":2,"id":"a9937b8b-9659-4904-9155-2fecee50bf55"}],"id":"0b02577a-9627-451a-8efd-c0dadbc1673e"},{"src":"|project://smallsql0.21_src/src/smallsql/database/SSDatabaseMetaData.java|(29015,369,<855,3>,<855,372>)","metadata":{"length":1,"sloc":1,"mass":45},"fragment":"{SQLTokenizer.getKeyWord(SQLTokenizer.BOOLEAN),         Utils.getShort(SQLTokenizer.getSQLDataType( SQLTokenizer.BOOLEAN) ),         Utils.getInteger(1),      \tnull, null, null, \t\t\t\tUtils.getShort(typeNullable), Boolean.FALSE, Utils.getShort(typeSearchable), null,          Boolean.FALSE, Boolean.FALSE, null, Utils.getInteger(0), Utils.getInteger(0), null, null, null}","location":{"offset":[29015,369],"column":3,"row":855,"file":"smallsql0.21_src/src/smallsql/database/SSDatabaseMetaData.java"},"clone_class":"1d1bb46e-a98b-4006-9e61-ad14367d7b93","pairs":[{"type":2,"id":"0b02577a-9627-451a-8efd-c0dadbc1673e"}],"id":"a9937b8b-9659-4904-9155-2fecee50bf55"}]