[{"src":"|project://smallsql0.21_src/src/smallsql/database/Utils.java|(4081,184,<125,1>,<131,2>)","metadata":{"length":7,"sloc":7,"mass":30},"fragment":"static int long2int(long value){\r\n\t\tif(value > Integer.MAX_VALUE)\r\n\t\t\treturn Integer.MAX_VALUE;\r\n\t\tif(value < Integer.MIN_VALUE)\r\n\t\t\treturn Integer.MIN_VALUE;\r\n\t\treturn (int)value;\r\n\t}","location":{"offset":[4081,184],"column":1,"row":125,"file":"smallsql0.21_src/src/smallsql/database/Utils.java"},"clone_class":"cc2f3ad6-d049-4150-b303-f14f469fdc3b","pairs":[{"type":2,"id":"c3907e59-d5d7-41ff-8dcf-63b9d057939f"}],"id":"279e2c32-1c32-4e45-bb88-2e02242a9c27"},{"src":"|project://smallsql0.21_src/src/smallsql/database/Utils.java|(4271,179,<133,1>,<139,2>)","metadata":{"length":7,"sloc":7,"mass":30},"fragment":"static long double2long(double value){\r\n\t\tif(value > Long.MAX_VALUE)\r\n\t\t\treturn Long.MAX_VALUE;\r\n\t\tif(value < Long.MIN_VALUE)\r\n\t\t\treturn Long.MIN_VALUE;\r\n\t\treturn (long)value;\r\n\t}","location":{"offset":[4271,179],"column":1,"row":133,"file":"smallsql0.21_src/src/smallsql/database/Utils.java"},"clone_class":"cc2f3ad6-d049-4150-b303-f14f469fdc3b","pairs":[{"type":2,"id":"279e2c32-1c32-4e45-bb88-2e02242a9c27"}],"id":"c3907e59-d5d7-41ff-8dcf-63b9d057939f"}]