[{"src":"|project://smallsql0.21_src/src/smallsql/database/SSResultSet.java|(5480,307,<159,4>,<167,5>)","metadata":{"length":9,"sloc":9,"mass":35},"fragment":"public byte[] getBytes(int columnIndex) throws SQLException {\r\n        try{\r\n            byte[] obj = getValue(columnIndex).getBytes();\r\n            wasNull = obj == null;\r\n            return obj;\r\n        }catch(Exception e){\r\n            throw SmallSQLException.createFromException( e );\r\n        }\r\n    }","location":{"offset":[5480,307],"column":4,"row":159,"file":"smallsql0.21_src/src/smallsql/database/SSResultSet.java"},"clone_class":"16310b67-e028-4314-b49f-20203adf5da4","pairs":[{"type":2,"id":"6d44985e-b432-463c-ae39-987fe37afd01"}],"id":"68d57669-7f3f-4fae-bda8-29544f397adb"},{"src":"|project://smallsql0.21_src/src/smallsql/database/SSCallableStatement.java|(5610,287,<154,4>,<162,5>)","metadata":{"length":9,"sloc":9,"mass":35},"fragment":"public byte[] getBytes(int i) throws SQLException {\r\n        try{\r\n            byte[] obj = getValue(i).getBytes();\r\n            wasNull = obj == null;\r\n            return obj;\r\n        }catch(Exception e){\r\n            throw SmallSQLException.createFromException( e );\r\n        }\r\n    }","location":{"offset":[5610,287],"column":4,"row":154,"file":"smallsql0.21_src/src/smallsql/database/SSCallableStatement.java"},"clone_class":"16310b67-e028-4314-b49f-20203adf5da4","pairs":[{"type":2,"id":"68d57669-7f3f-4fae-bda8-29544f397adb"}],"id":"6d44985e-b432-463c-ae39-987fe37afd01"}]