[{"src":"|project://smallsql0.21_src/src/smallsql/database/ExpressionFunctionDayOfMonth.java|(0,1738,<1,0>,<54,3>)","metadata":{"length":54,"sloc":11,"mass":43},"fragment":"/* =============================================================\r\n * SmallSQL : a free Java DBMS library for the Java(tm) platform\r\n * =============================================================\r\n *\r\n * (C) Copyright 2004-2006, by Volker Berlin.\r\n *\r\n * Project Info:  http://www.smallsql.de/\r\n *\r\n * This library is free software; you can redistribute it and/or modify it \r\n * under the terms of the GNU Lesser General Public License as published by \r\n * the Free Software Foundation; either version 2.1 of the License, or \r\n * (at your option) any later version.\r\n *\r\n * This library is distributed in the hope that it will be useful, but \r\n * WITHOUT ANY WARRANTY; without even the implied warranty of MERCHANTABILITY \r\n * or FITNESS FOR A PARTICULAR PURPOSE. See the GNU Lesser General Public \r\n * License for more details.\r\n *\r\n * You should have received a copy of the GNU Lesser General Public\r\n * License along with this library; if not, write to the Free Software\r\n * Foundation, Inc., 51 Franklin Street, Fifth Floor, Boston, MA  02110-1301, \r\n * USA.  \r\n *\r\n * [Java is a trademark or registered trademark of Sun Microsystems, Inc. \r\n * in the United States and other countries.]\r\n *\r\n * ---------------\r\n * ExpressionFunctionDayOfMonth.java\r\n * ---------------\r\n * Author: Volker Berlin\r\n * \r\n * Created on 16.02.2006\r\n */\r\npackage smallsql.database;\r\n\r\n\r\n/**\r\n * @author Volker Berlin\r\n */\r\nfinal class ExpressionFunctionDayOfMonth extends ExpressionFunctionReturnInt {\r\n\r\n\t\r\n\tfinal int getFunction() {\r\n\t\treturn SQLTokenizer.DAYOFMONTH;\r\n\t}\r\n\t\r\n\r\n\tfinal int getInt() throws Exception {\r\n\t\tif(param1.isNull()) return 0;\r\n\t\tDateTime.Details details = new DateTime.Details(param1.getLong());\r\n\t\treturn details.day;\r\n\t}\r\n\r\n}\r\n","location":{"offset":[0,1738],"column":0,"row":1,"file":"smallsql0.21_src/src/smallsql/database/ExpressionFunctionDayOfMonth.java"},"clone_class":"bc2622c4-1ca5-40a1-a962-62b78cc4b10e","pairs":[{"type":2,"id":"cb2e3019-3a19-4356-8db9-65f1411bd798"},{"type":2,"id":"a7b7c8b1-6ed7-4c0e-aa3d-73505e007912"},{"type":2,"id":"739f7778-d774-4c69-8f0c-3a91c9581f02"}],"id":"7d6b71a9-6f3a-469d-9818-c3ff47fc83d9"},{"src":"|project://smallsql0.21_src/src/smallsql/database/ExpressionFunctionHour.java|(0,1721,<1,0>,<54,3>)","metadata":{"length":54,"sloc":11,"mass":43},"fragment":"/* =============================================================\r\n * SmallSQL : a free Java DBMS library for the Java(tm) platform\r\n * =============================================================\r\n *\r\n * (C) Copyright 2004-2006, by Volker Berlin.\r\n *\r\n * Project Info:  http://www.smallsql.de/\r\n *\r\n * This library is free software; you can redistribute it and/or modify it \r\n * under the terms of the GNU Lesser General Public License as published by \r\n * the Free Software Foundation; either version 2.1 of the License, or \r\n * (at your option) any later version.\r\n *\r\n * This library is distributed in the hope that it will be useful, but \r\n * WITHOUT ANY WARRANTY; without even the implied warranty of MERCHANTABILITY \r\n * or FITNESS FOR A PARTICULAR PURPOSE. See the GNU Lesser General Public \r\n * License for more details.\r\n *\r\n * You should have received a copy of the GNU Lesser General Public\r\n * License along with this library; if not, write to the Free Software\r\n * Foundation, Inc., 51 Franklin Street, Fifth Floor, Boston, MA  02110-1301, \r\n * USA.  \r\n *\r\n * [Java is a trademark or registered trademark of Sun Microsystems, Inc. \r\n * in the United States and other countries.]\r\n *\r\n * ---------------\r\n * ExpressionFunctionHour.java\r\n * ---------------\r\n * Author: Volker Berlin\r\n * \r\n * Created on 16.02.2006\r\n */\r\npackage smallsql.database;\r\n\r\n\r\n/**\r\n * @author Volker Berlin\r\n */\r\nfinal class ExpressionFunctionHour extends ExpressionFunctionReturnInt {\r\n\r\n\t\r\n\tfinal int getFunction() {\r\n\t\treturn SQLTokenizer.HOUR;\r\n\t}\r\n\t\r\n\r\n\tfinal int getInt() throws Exception {\r\n\t\tif(param1.isNull()) return 0;\r\n\t\tDateTime.Details details = new DateTime.Details(param1.getLong());\r\n\t\treturn details.hour;\r\n\t}\r\n\r\n}\r\n","location":{"offset":[0,1721],"column":0,"row":1,"file":"smallsql0.21_src/src/smallsql/database/ExpressionFunctionHour.java"},"clone_class":"bc2622c4-1ca5-40a1-a962-62b78cc4b10e","pairs":[{"type":2,"id":"7d6b71a9-6f3a-469d-9818-c3ff47fc83d9"},{"type":2,"id":"a7b7c8b1-6ed7-4c0e-aa3d-73505e007912"},{"type":2,"id":"739f7778-d774-4c69-8f0c-3a91c9581f02"}],"id":"cb2e3019-3a19-4356-8db9-65f1411bd798"},{"src":"|project://smallsql0.21_src/src/smallsql/database/ExpressionFunctionMinute.java|(0,1729,<1,0>,<54,3>)","metadata":{"length":54,"sloc":11,"mass":43},"fragment":"/* =============================================================\r\n * SmallSQL : a free Java DBMS library for the Java(tm) platform\r\n * =============================================================\r\n *\r\n * (C) Copyright 2004-2006, by Volker Berlin.\r\n *\r\n * Project Info:  http://www.smallsql.de/\r\n *\r\n * This library is free software; you can redistribute it and/or modify it \r\n * under the terms of the GNU Lesser General Public License as published by \r\n * the Free Software Foundation; either version 2.1 of the License, or \r\n * (at your option) any later version.\r\n *\r\n * This library is distributed in the hope that it will be useful, but \r\n * WITHOUT ANY WARRANTY; without even the implied warranty of MERCHANTABILITY \r\n * or FITNESS FOR A PARTICULAR PURPOSE. See the GNU Lesser General Public \r\n * License for more details.\r\n *\r\n * You should have received a copy of the GNU Lesser General Public\r\n * License along with this library; if not, write to the Free Software\r\n * Foundation, Inc., 51 Franklin Street, Fifth Floor, Boston, MA  02110-1301, \r\n * USA.  \r\n *\r\n * [Java is a trademark or registered trademark of Sun Microsystems, Inc. \r\n * in the United States and other countries.]\r\n *\r\n * ---------------\r\n * ExpressionFunctionMinute.java\r\n * ---------------\r\n * Author: Volker Berlin\r\n * \r\n * Created on 16.02.2006\r\n */\r\npackage smallsql.database;\r\n\r\n\r\n/**\r\n * @author Volker Berlin\r\n */\r\nfinal class ExpressionFunctionMinute extends ExpressionFunctionReturnInt {\r\n\r\n\t\r\n\tfinal int getFunction() {\r\n\t\treturn SQLTokenizer.MINUTE;\r\n\t}\r\n\t\r\n\r\n\tfinal int getInt() throws Exception {\r\n\t\tif(param1.isNull()) return 0;\r\n\t\tDateTime.Details details = new DateTime.Details(param1.getLong());\r\n\t\treturn details.minute;\r\n\t}\r\n\r\n}\r\n","location":{"offset":[0,1729],"column":0,"row":1,"file":"smallsql0.21_src/src/smallsql/database/ExpressionFunctionMinute.java"},"clone_class":"bc2622c4-1ca5-40a1-a962-62b78cc4b10e","pairs":[{"type":2,"id":"7d6b71a9-6f3a-469d-9818-c3ff47fc83d9"},{"type":2,"id":"cb2e3019-3a19-4356-8db9-65f1411bd798"},{"type":2,"id":"739f7778-d774-4c69-8f0c-3a91c9581f02"}],"id":"a7b7c8b1-6ed7-4c0e-aa3d-73505e007912"},{"src":"|project://smallsql0.21_src/src/smallsql/database/ExpressionFunctionYear.java|(0,1722,<1,0>,<54,3>)","metadata":{"length":54,"sloc":11,"mass":43},"fragment":"/* =============================================================\r\n * SmallSQL : a free Java DBMS library for the Java(tm) platform\r\n * =============================================================\r\n *\r\n * (C) Copyright 2004-2006, by Volker Berlin.\r\n *\r\n * Project Info:  http://www.smallsql.de/\r\n *\r\n * This library is free software; you can redistribute it and/or modify it \r\n * under the terms of the GNU Lesser General Public License as published by \r\n * the Free Software Foundation; either version 2.1 of the License, or \r\n * (at your option) any later version.\r\n *\r\n * This library is distributed in the hope that it will be useful, but \r\n * WITHOUT ANY WARRANTY; without even the implied warranty of MERCHANTABILITY \r\n * or FITNESS FOR A PARTICULAR PURPOSE. See the GNU Lesser General Public \r\n * License for more details.\r\n *\r\n * You should have received a copy of the GNU Lesser General Public\r\n * License along with this library; if not, write to the Free Software\r\n * Foundation, Inc., 51 Franklin Street, Fifth Floor, Boston, MA  02110-1301, \r\n * USA.  \r\n *\r\n * [Java is a trademark or registered trademark of Sun Microsystems, Inc. \r\n * in the United States and other countries.]\r\n *\r\n * ---------------\r\n * ExpressionFunctionMonth.java\r\n * ---------------\r\n * Author: Volker Berlin\r\n * \r\n * Created on 17.02.2006\r\n */\r\npackage smallsql.database;\r\n\r\n\r\n/**\r\n * @author Volker Berlin\r\n */\r\nfinal class ExpressionFunctionYear extends ExpressionFunctionReturnInt {\r\n\r\n\t\r\n\tfinal int getFunction() {\r\n\t\treturn SQLTokenizer.YEAR;\r\n\t}\r\n\t\r\n\r\n\tfinal int getInt() throws Exception {\r\n\t\tif(param1.isNull()) return 0;\r\n\t\tDateTime.Details details = new DateTime.Details(param1.getLong());\r\n\t\treturn details.year;\r\n\t}\r\n\r\n}\r\n","location":{"offset":[0,1722],"column":0,"row":1,"file":"smallsql0.21_src/src/smallsql/database/ExpressionFunctionYear.java"},"clone_class":"bc2622c4-1ca5-40a1-a962-62b78cc4b10e","pairs":[{"type":2,"id":"7d6b71a9-6f3a-469d-9818-c3ff47fc83d9"},{"type":2,"id":"cb2e3019-3a19-4356-8db9-65f1411bd798"},{"type":2,"id":"a7b7c8b1-6ed7-4c0e-aa3d-73505e007912"}],"id":"739f7778-d774-4c69-8f0c-3a91c9581f02"}]