[{"src":"|project://smallsql0.21_src/src/smallsql/database/SSResultSet.java|(3805,308,<113,4>,<121,5>)","metadata":{"length":9,"sloc":9,"mass":33},"fragment":"public int getInt(int columnIndex) throws SQLException {\r\n        try{\r\n            Expression expr = getValue(columnIndex);\r\n            wasNull = expr.isNull();\r\n            return expr.getInt();\r\n        }catch(Exception e){\r\n            throw SmallSQLException.createFromException( e );\r\n        }\r\n    }","location":{"offset":[3805,308],"column":4,"row":113,"file":"smallsql0.21_src/src/smallsql/database/SSResultSet.java"},"clone_class":"672e0add-20a8-4569-ba6e-d86b62698505","pairs":[{"type":2,"id":"a7687070-9cb3-4c75-8f04-6a3e9397eb46"},{"type":2,"id":"d4cc9f3d-5c33-4a5b-86c8-289454da9f11"},{"type":2,"id":"63848801-fce4-4ab5-88ad-11081ba0b6d7"},{"type":2,"id":"4772cace-d96b-4acd-bd99-9ec813ca6c5b"},{"type":2,"id":"754f6fba-4c3b-4e9d-96c3-ae0d14d7123a"},{"type":2,"id":"2ede6c30-1af2-483f-a755-93d1c84dd743"},{"type":2,"id":"862745d0-2b61-4de1-b0fc-72e6645e7326"},{"type":2,"id":"af52220b-6184-40fc-be20-0e53ce0e7082"},{"type":2,"id":"aab18079-cb83-4e34-b21c-a5a10e6c610e"}],"id":"2698a61a-203c-469d-85da-e1d1781ed339"},{"src":"|project://smallsql0.21_src/src/smallsql/database/SSCallableStatement.java|(4037,288,<108,4>,<116,5>)","metadata":{"length":9,"sloc":9,"mass":33},"fragment":"public int getInt(int i) throws SQLException {\r\n        try{\r\n            Expression expr = getValue(i);\r\n            wasNull = expr.isNull();\r\n            return expr.getInt();\r\n        }catch(Exception e){\r\n            throw SmallSQLException.createFromException( e );\r\n        }\r\n    }","location":{"offset":[4037,288],"column":4,"row":108,"file":"smallsql0.21_src/src/smallsql/database/SSCallableStatement.java"},"clone_class":"672e0add-20a8-4569-ba6e-d86b62698505","pairs":[{"type":2,"id":"2698a61a-203c-469d-85da-e1d1781ed339"},{"type":2,"id":"d4cc9f3d-5c33-4a5b-86c8-289454da9f11"},{"type":2,"id":"63848801-fce4-4ab5-88ad-11081ba0b6d7"},{"type":2,"id":"4772cace-d96b-4acd-bd99-9ec813ca6c5b"},{"type":2,"id":"754f6fba-4c3b-4e9d-96c3-ae0d14d7123a"},{"type":2,"id":"2ede6c30-1af2-483f-a755-93d1c84dd743"},{"type":2,"id":"862745d0-2b61-4de1-b0fc-72e6645e7326"},{"type":2,"id":"af52220b-6184-40fc-be20-0e53ce0e7082"},{"type":2,"id":"aab18079-cb83-4e34-b21c-a5a10e6c610e"}],"id":"a7687070-9cb3-4c75-8f04-6a3e9397eb46"},{"src":"|project://smallsql0.21_src/src/smallsql/database/SSCallableStatement.java|(4331,291,<117,4>,<125,5>)","metadata":{"length":9,"sloc":9,"mass":33},"fragment":"public long getLong(int i) throws SQLException {\r\n        try{\r\n            Expression expr = getValue(i);\r\n            wasNull = expr.isNull();\r\n            return expr.getLong();\r\n        }catch(Exception e){\r\n            throw SmallSQLException.createFromException( e );\r\n        }\r\n    }","location":{"offset":[4331,291],"column":4,"row":117,"file":"smallsql0.21_src/src/smallsql/database/SSCallableStatement.java"},"clone_class":"672e0add-20a8-4569-ba6e-d86b62698505","pairs":[{"type":2,"id":"2698a61a-203c-469d-85da-e1d1781ed339"},{"type":2,"id":"a7687070-9cb3-4c75-8f04-6a3e9397eb46"},{"type":2,"id":"63848801-fce4-4ab5-88ad-11081ba0b6d7"},{"type":2,"id":"4772cace-d96b-4acd-bd99-9ec813ca6c5b"},{"type":2,"id":"754f6fba-4c3b-4e9d-96c3-ae0d14d7123a"},{"type":2,"id":"2ede6c30-1af2-483f-a755-93d1c84dd743"},{"type":2,"id":"862745d0-2b61-4de1-b0fc-72e6645e7326"},{"type":2,"id":"af52220b-6184-40fc-be20-0e53ce0e7082"},{"type":2,"id":"aab18079-cb83-4e34-b21c-a5a10e6c610e"}],"id":"d4cc9f3d-5c33-4a5b-86c8-289454da9f11"},{"src":"|project://smallsql0.21_src/src/smallsql/database/SSResultSet.java|(4119,311,<122,4>,<130,5>)","metadata":{"length":9,"sloc":9,"mass":33},"fragment":"public long getLong(int columnIndex) throws SQLException {\r\n        try{\r\n            Expression expr = getValue(columnIndex);\r\n            wasNull = expr.isNull();\r\n            return expr.getLong();\r\n        }catch(Exception e){\r\n            throw SmallSQLException.createFromException( e );\r\n        }\r\n    }","location":{"offset":[4119,311],"column":4,"row":122,"file":"smallsql0.21_src/src/smallsql/database/SSResultSet.java"},"clone_class":"672e0add-20a8-4569-ba6e-d86b62698505","pairs":[{"type":2,"id":"2698a61a-203c-469d-85da-e1d1781ed339"},{"type":2,"id":"a7687070-9cb3-4c75-8f04-6a3e9397eb46"},{"type":2,"id":"d4cc9f3d-5c33-4a5b-86c8-289454da9f11"},{"type":2,"id":"4772cace-d96b-4acd-bd99-9ec813ca6c5b"},{"type":2,"id":"754f6fba-4c3b-4e9d-96c3-ae0d14d7123a"},{"type":2,"id":"2ede6c30-1af2-483f-a755-93d1c84dd743"},{"type":2,"id":"862745d0-2b61-4de1-b0fc-72e6645e7326"},{"type":2,"id":"af52220b-6184-40fc-be20-0e53ce0e7082"},{"type":2,"id":"aab18079-cb83-4e34-b21c-a5a10e6c610e"}],"id":"63848801-fce4-4ab5-88ad-11081ba0b6d7"},{"src":"|project://smallsql0.21_src/src/smallsql/database/SSResultSet.java|(3244,320,<98,4>,<106,5>)","metadata":{"length":9,"sloc":9,"mass":33},"fragment":"public boolean getBoolean(int columnIndex) throws SQLException {\r\n        try{\r\n            Expression expr = getValue(columnIndex);\r\n            wasNull = expr.isNull();\r\n            return expr.getBoolean();\r\n        }catch(Exception e){\r\n            throw SmallSQLException.createFromException( e );\r\n        }\r\n    }","location":{"offset":[3244,320],"column":4,"row":98,"file":"smallsql0.21_src/src/smallsql/database/SSResultSet.java"},"clone_class":"672e0add-20a8-4569-ba6e-d86b62698505","pairs":[{"type":2,"id":"2698a61a-203c-469d-85da-e1d1781ed339"},{"type":2,"id":"a7687070-9cb3-4c75-8f04-6a3e9397eb46"},{"type":2,"id":"d4cc9f3d-5c33-4a5b-86c8-289454da9f11"},{"type":2,"id":"63848801-fce4-4ab5-88ad-11081ba0b6d7"},{"type":2,"id":"754f6fba-4c3b-4e9d-96c3-ae0d14d7123a"},{"type":2,"id":"2ede6c30-1af2-483f-a755-93d1c84dd743"},{"type":2,"id":"862745d0-2b61-4de1-b0fc-72e6645e7326"},{"type":2,"id":"af52220b-6184-40fc-be20-0e53ce0e7082"},{"type":2,"id":"aab18079-cb83-4e34-b21c-a5a10e6c610e"}],"id":"4772cace-d96b-4acd-bd99-9ec813ca6c5b"},{"src":"|project://smallsql0.21_src/src/smallsql/database/SSResultSet.java|(4756,317,<140,4>,<148,5>)","metadata":{"length":9,"sloc":9,"mass":33},"fragment":"public double getDouble(int columnIndex) throws SQLException {\r\n        try{\r\n            Expression expr = getValue(columnIndex);\r\n            wasNull = expr.isNull();\r\n            return expr.getDouble();\r\n        }catch(Exception e){\r\n            throw SmallSQLException.createFromException( e );\r\n        }\r\n    }","location":{"offset":[4756,317],"column":4,"row":140,"file":"smallsql0.21_src/src/smallsql/database/SSResultSet.java"},"clone_class":"672e0add-20a8-4569-ba6e-d86b62698505","pairs":[{"type":2,"id":"2698a61a-203c-469d-85da-e1d1781ed339"},{"type":2,"id":"a7687070-9cb3-4c75-8f04-6a3e9397eb46"},{"type":2,"id":"d4cc9f3d-5c33-4a5b-86c8-289454da9f11"},{"type":2,"id":"63848801-fce4-4ab5-88ad-11081ba0b6d7"},{"type":2,"id":"4772cace-d96b-4acd-bd99-9ec813ca6c5b"},{"type":2,"id":"2ede6c30-1af2-483f-a755-93d1c84dd743"},{"type":2,"id":"862745d0-2b61-4de1-b0fc-72e6645e7326"},{"type":2,"id":"af52220b-6184-40fc-be20-0e53ce0e7082"},{"type":2,"id":"aab18079-cb83-4e34-b21c-a5a10e6c610e"}],"id":"754f6fba-4c3b-4e9d-96c3-ae0d14d7123a"},{"src":"|project://smallsql0.21_src/src/smallsql/database/SSCallableStatement.java|(4928,295,<135,4>,<143,5>)","metadata":{"length":9,"sloc":9,"mass":33},"fragment":"public double getDouble(int i) throws SQLException {\r\n        try{\r\n            Expression expr = getValue(i);\r\n            wasNull = expr.isNull();\r\n            return expr.getLong();\r\n        }catch(Exception e){\r\n            throw SmallSQLException.createFromException( e );\r\n        }\r\n    }","location":{"offset":[4928,295],"column":4,"row":135,"file":"smallsql0.21_src/src/smallsql/database/SSCallableStatement.java"},"clone_class":"672e0add-20a8-4569-ba6e-d86b62698505","pairs":[{"type":2,"id":"2698a61a-203c-469d-85da-e1d1781ed339"},{"type":2,"id":"a7687070-9cb3-4c75-8f04-6a3e9397eb46"},{"type":2,"id":"d4cc9f3d-5c33-4a5b-86c8-289454da9f11"},{"type":2,"id":"63848801-fce4-4ab5-88ad-11081ba0b6d7"},{"type":2,"id":"4772cace-d96b-4acd-bd99-9ec813ca6c5b"},{"type":2,"id":"754f6fba-4c3b-4e9d-96c3-ae0d14d7123a"},{"type":2,"id":"862745d0-2b61-4de1-b0fc-72e6645e7326"},{"type":2,"id":"af52220b-6184-40fc-be20-0e53ce0e7082"},{"type":2,"id":"aab18079-cb83-4e34-b21c-a5a10e6c610e"}],"id":"2ede6c30-1af2-483f-a755-93d1c84dd743"},{"src":"|project://smallsql0.21_src/src/smallsql/database/SSCallableStatement.java|(3537,300,<93,4>,<101,5>)","metadata":{"length":9,"sloc":9,"mass":33},"fragment":"public boolean getBoolean(int i) throws SQLException {\r\n        try{\r\n            Expression expr = getValue(i);\r\n            wasNull = expr.isNull();\r\n            return expr.getBoolean();\r\n        }catch(Exception e){\r\n            throw SmallSQLException.createFromException( e );\r\n        }\r\n    }","location":{"offset":[3537,300],"column":4,"row":93,"file":"smallsql0.21_src/src/smallsql/database/SSCallableStatement.java"},"clone_class":"672e0add-20a8-4569-ba6e-d86b62698505","pairs":[{"type":2,"id":"2698a61a-203c-469d-85da-e1d1781ed339"},{"type":2,"id":"a7687070-9cb3-4c75-8f04-6a3e9397eb46"},{"type":2,"id":"d4cc9f3d-5c33-4a5b-86c8-289454da9f11"},{"type":2,"id":"63848801-fce4-4ab5-88ad-11081ba0b6d7"},{"type":2,"id":"4772cace-d96b-4acd-bd99-9ec813ca6c5b"},{"type":2,"id":"754f6fba-4c3b-4e9d-96c3-ae0d14d7123a"},{"type":2,"id":"2ede6c30-1af2-483f-a755-93d1c84dd743"},{"type":2,"id":"af52220b-6184-40fc-be20-0e53ce0e7082"},{"type":2,"id":"aab18079-cb83-4e34-b21c-a5a10e6c610e"}],"id":"862745d0-2b61-4de1-b0fc-72e6645e7326"},{"src":"|project://smallsql0.21_src/src/smallsql/database/SSResultSet.java|(4436,314,<131,4>,<139,5>)","metadata":{"length":9,"sloc":9,"mass":33},"fragment":"public float getFloat(int columnIndex) throws SQLException {\r\n        try{\r\n            Expression expr = getValue(columnIndex);\r\n            wasNull = expr.isNull();\r\n            return expr.getFloat();\r\n        }catch(Exception e){\r\n            throw SmallSQLException.createFromException( e );\r\n        }\r\n    }","location":{"offset":[4436,314],"column":4,"row":131,"file":"smallsql0.21_src/src/smallsql/database/SSResultSet.java"},"clone_class":"672e0add-20a8-4569-ba6e-d86b62698505","pairs":[{"type":2,"id":"2698a61a-203c-469d-85da-e1d1781ed339"},{"type":2,"id":"a7687070-9cb3-4c75-8f04-6a3e9397eb46"},{"type":2,"id":"d4cc9f3d-5c33-4a5b-86c8-289454da9f11"},{"type":2,"id":"63848801-fce4-4ab5-88ad-11081ba0b6d7"},{"type":2,"id":"4772cace-d96b-4acd-bd99-9ec813ca6c5b"},{"type":2,"id":"754f6fba-4c3b-4e9d-96c3-ae0d14d7123a"},{"type":2,"id":"2ede6c30-1af2-483f-a755-93d1c84dd743"},{"type":2,"id":"862745d0-2b61-4de1-b0fc-72e6645e7326"},{"type":2,"id":"aab18079-cb83-4e34-b21c-a5a10e6c610e"}],"id":"af52220b-6184-40fc-be20-0e53ce0e7082"},{"src":"|project://smallsql0.21_src/src/smallsql/database/SSCallableStatement.java|(4628,294,<126,4>,<134,5>)","metadata":{"length":9,"sloc":9,"mass":33},"fragment":"public float getFloat(int i) throws SQLException {\r\n        try{\r\n            Expression expr = getValue(i);\r\n            wasNull = expr.isNull();\r\n            return expr.getFloat();\r\n        }catch(Exception e){\r\n            throw SmallSQLException.createFromException( e );\r\n        }\r\n    }","location":{"offset":[4628,294],"column":4,"row":126,"file":"smallsql0.21_src/src/smallsql/database/SSCallableStatement.java"},"clone_class":"672e0add-20a8-4569-ba6e-d86b62698505","pairs":[{"type":2,"id":"2698a61a-203c-469d-85da-e1d1781ed339"},{"type":2,"id":"a7687070-9cb3-4c75-8f04-6a3e9397eb46"},{"type":2,"id":"d4cc9f3d-5c33-4a5b-86c8-289454da9f11"},{"type":2,"id":"63848801-fce4-4ab5-88ad-11081ba0b6d7"},{"type":2,"id":"4772cace-d96b-4acd-bd99-9ec813ca6c5b"},{"type":2,"id":"754f6fba-4c3b-4e9d-96c3-ae0d14d7123a"},{"type":2,"id":"2ede6c30-1af2-483f-a755-93d1c84dd743"},{"type":2,"id":"862745d0-2b61-4de1-b0fc-72e6645e7326"},{"type":2,"id":"af52220b-6184-40fc-be20-0e53ce0e7082"}],"id":"aab18079-cb83-4e34-b21c-a5a10e6c610e"}]