[{"src":"|project://smallsql0.21_src/src/smallsql/database/SSDatabaseMetaData.java|(24201,347,<842,3>,<842,350>)","metadata":{"length":1,"sloc":1,"mass":41},"fragment":"{SQLTokenizer.getKeyWord(SQLTokenizer.CHAR),         \t Utils.getShort(SQLTokenizer.getSQLDataType( SQLTokenizer.CHAR) ),         \t  Utils.getInteger(65535),   \t\"'\",  \"'\",  \"length\", \t\t\tUtils.getShort(typeNullable), Boolean.FALSE, Utils.getShort(typeSearchable), null, \t\t\tBoolean.FALSE, Boolean.FALSE, null, null, \t\t\t\t null, \t\t\t\t  null, null, null}","location":{"offset":[24201,347],"column":3,"row":842,"file":"smallsql0.21_src/src/smallsql/database/SSDatabaseMetaData.java"},"clone_class":"b3be5a92-db01-4f0e-82de-26bff85e5264","pairs":[{"type":2,"id":"4ff413d3-1080-4479-af3d-35302c379b23"},{"type":2,"id":"420238c5-ad09-4977-bf39-63cc581200b7"},{"type":2,"id":"5ef18d10-3b6a-4518-9352-d5dc9a3f7766"}],"id":"ec544078-fd8d-450e-bb30-11336a20d839"},{"src":"|project://smallsql0.21_src/src/smallsql/database/SSDatabaseMetaData.java|(24554,348,<843,3>,<843,351>)","metadata":{"length":1,"sloc":1,"mass":41},"fragment":"{SQLTokenizer.getKeyWord(SQLTokenizer.NCHAR),         \t Utils.getShort(SQLTokenizer.getSQLDataType( SQLTokenizer.NCHAR) ),           Utils.getInteger(65535),   \t\"'\",  \"'\",  \"length\", \t\t\tUtils.getShort(typeNullable), Boolean.FALSE, Utils.getShort(typeSearchable), null, \t\t\tBoolean.FALSE, Boolean.FALSE, null, null, \t\t\t\t null, \t\t\t\t  null, null, null}","location":{"offset":[24554,348],"column":3,"row":843,"file":"smallsql0.21_src/src/smallsql/database/SSDatabaseMetaData.java"},"clone_class":"b3be5a92-db01-4f0e-82de-26bff85e5264","pairs":[{"type":2,"id":"ec544078-fd8d-450e-bb30-11336a20d839"},{"type":2,"id":"420238c5-ad09-4977-bf39-63cc581200b7"},{"type":2,"id":"5ef18d10-3b6a-4518-9352-d5dc9a3f7766"}],"id":"4ff413d3-1080-4479-af3d-35302c379b23"},{"src":"|project://smallsql0.21_src/src/smallsql/database/SSDatabaseMetaData.java|(28658,351,<854,3>,<854,354>)","metadata":{"length":1,"sloc":1,"mass":41},"fragment":"{SQLTokenizer.getKeyWord(SQLTokenizer.NVARCHAR),        Utils.getShort(SQLTokenizer.getSQLDataType( SQLTokenizer.NVARCHAR) ),        Utils.getInteger(65535),   \t\"'\",  \"'\",  \"max length\", \t\tUtils.getShort(typeNullable), Boolean.FALSE, Utils.getShort(typeSearchable), null, \t\t\tBoolean.FALSE, Boolean.FALSE, null, null, \t\t\t\t null, \t\t\t\t  null, null, null}","location":{"offset":[28658,351],"column":3,"row":854,"file":"smallsql0.21_src/src/smallsql/database/SSDatabaseMetaData.java"},"clone_class":"b3be5a92-db01-4f0e-82de-26bff85e5264","pairs":[{"type":2,"id":"ec544078-fd8d-450e-bb30-11336a20d839"},{"type":2,"id":"4ff413d3-1080-4479-af3d-35302c379b23"},{"type":2,"id":"5ef18d10-3b6a-4518-9352-d5dc9a3f7766"}],"id":"420238c5-ad09-4977-bf39-63cc581200b7"},{"src":"|project://smallsql0.21_src/src/smallsql/database/SSDatabaseMetaData.java|(28301,351,<853,3>,<853,354>)","metadata":{"length":1,"sloc":1,"mass":41},"fragment":"{SQLTokenizer.getKeyWord(SQLTokenizer.VARCHAR),         Utils.getShort(SQLTokenizer.getSQLDataType( SQLTokenizer.VARCHAR) ),         Utils.getInteger(65535),   \t\"'\",  \"'\",  \"max length\", \t\tUtils.getShort(typeNullable), Boolean.FALSE, Utils.getShort(typeSearchable), null, \t\t\tBoolean.FALSE, Boolean.FALSE, null, null, \t\t\t\t null, \t\t\t\t  null, null, null}","location":{"offset":[28301,351],"column":3,"row":853,"file":"smallsql0.21_src/src/smallsql/database/SSDatabaseMetaData.java"},"clone_class":"b3be5a92-db01-4f0e-82de-26bff85e5264","pairs":[{"type":2,"id":"ec544078-fd8d-450e-bb30-11336a20d839"},{"type":2,"id":"4ff413d3-1080-4479-af3d-35302c379b23"},{"type":2,"id":"420238c5-ad09-4977-bf39-63cc581200b7"}],"id":"5ef18d10-3b6a-4518-9352-d5dc9a3f7766"}]