[{"src":"|project://smallsql0.21_src/src/smallsql/junit/TestFunctions.java|(22524,301,<374,4>,<383,5>)","metadata":{"length":10,"sloc":9,"mass":34},"fragment":"public void tearDown(){\r\n        try{\r\n            Connection con = AllTests.getConnection();\r\n            Statement st = con.createStatement();\r\n            st.execute(\"drop table \" + table);\r\n            st.close();\r\n        }catch(Throwable e){\r\n            //e.printStackTrace();\r\n        }\r\n    }","location":{"offset":[22524,301],"column":4,"row":374,"file":"smallsql0.21_src/src/smallsql/junit/TestFunctions.java"},"clone_class":"9ac4b82a-ef26-4556-b62b-7eb5c9b78d82","pairs":[{"type":1,"id":"24f18fa2-2d91-4d23-a19c-d1feffc5389f"},{"type":1,"id":"da92300a-72c2-4073-84d8-4c54d9b03389"},{"type":1,"id":"822bd4c5-5956-4d3b-ba1c-2a672b91aeee"}],"id":"3c205258-28bf-4643-9590-30d9e72cbdec"},{"src":"|project://smallsql0.21_src/src/smallsql/junit/TestDataTypes.java|(3053,301,<68,4>,<77,5>)","metadata":{"length":10,"sloc":9,"mass":34},"fragment":"public void tearDown(){\r\n        try{\r\n            Connection con = AllTests.getConnection();\r\n            Statement st = con.createStatement();\r\n            st.execute(\"drop table \" + table);\r\n            st.close();\r\n        }catch(Throwable e){\r\n            //e.printStackTrace();\r\n        }\r\n    }","location":{"offset":[3053,301],"column":4,"row":68,"file":"smallsql0.21_src/src/smallsql/junit/TestDataTypes.java"},"clone_class":"9ac4b82a-ef26-4556-b62b-7eb5c9b78d82","pairs":[{"type":1,"id":"3c205258-28bf-4643-9590-30d9e72cbdec"},{"type":1,"id":"da92300a-72c2-4073-84d8-4c54d9b03389"},{"type":1,"id":"822bd4c5-5956-4d3b-ba1c-2a672b91aeee"}],"id":"24f18fa2-2d91-4d23-a19c-d1feffc5389f"},{"src":"|project://smallsql0.21_src/src/smallsql/junit/TestOperatoren.java|(5149,301,<95,4>,<104,5>)","metadata":{"length":10,"sloc":9,"mass":34},"fragment":"public void tearDown(){\r\n        try{\r\n            Connection con = AllTests.getConnection();\r\n            Statement st = con.createStatement();\r\n            st.execute(\"drop table \" + table);\r\n            st.close();\r\n        }catch(Throwable e){\r\n            //e.printStackTrace();\r\n        }\r\n    }","location":{"offset":[5149,301],"column":4,"row":95,"file":"smallsql0.21_src/src/smallsql/junit/TestOperatoren.java"},"clone_class":"9ac4b82a-ef26-4556-b62b-7eb5c9b78d82","pairs":[{"type":1,"id":"3c205258-28bf-4643-9590-30d9e72cbdec"},{"type":1,"id":"24f18fa2-2d91-4d23-a19c-d1feffc5389f"},{"type":1,"id":"822bd4c5-5956-4d3b-ba1c-2a672b91aeee"}],"id":"da92300a-72c2-4073-84d8-4c54d9b03389"},{"src":"|project://smallsql0.21_src/src/smallsql/junit/TestMoneyRounding.java|(1787,301,<53,4>,<62,5>)","metadata":{"length":10,"sloc":9,"mass":34},"fragment":"public void tearDown(){\r\n        try{\r\n            Connection con = AllTests.getConnection();\r\n            Statement st = con.createStatement();\r\n            st.execute(\"drop table \" + table);\r\n            st.close();\r\n        }catch(Throwable e){\r\n            //e.printStackTrace();\r\n        }\r\n    }","location":{"offset":[1787,301],"column":4,"row":53,"file":"smallsql0.21_src/src/smallsql/junit/TestMoneyRounding.java"},"clone_class":"9ac4b82a-ef26-4556-b62b-7eb5c9b78d82","pairs":[{"type":1,"id":"3c205258-28bf-4643-9590-30d9e72cbdec"},{"type":1,"id":"24f18fa2-2d91-4d23-a19c-d1feffc5389f"},{"type":1,"id":"da92300a-72c2-4073-84d8-4c54d9b03389"}],"id":"822bd4c5-5956-4d3b-ba1c-2a672b91aeee"}]