[{"src":"|project://smallsql0.21_src/src/smallsql/database/IndexNode.java|(6480,873,<229,1>,<244,2>)","metadata":{"length":16,"sloc":4,"mass":32},"fragment":"/**\r\n\t * Add a value on a tree node end without roll out the completly tree.\r\n\t * This reduce the size of the tree if there are large enties with a high significance.\r\n\t * for example: \r\n\t * If you have large strings which are different on the on the first 3 charchters. \r\n\t * Then you need only a tree size of 3. \r\n\t * @param digit \t The digit must be in the range 0 between 255.\r\n\t * @param rowOffset  The result value. This is the value that is saved in the tree.\r\n\t * @param value \t The key value.\r\n\t * @param digitCount The count of digits from value that need to indexing in the tree. \r\n\t * \t\t\t\t\t The range is from 1 to 3;  \r\n\t */\r\n\tfinal void addRemainderKey(long rowOffset, long remainderValue, int charCount) throws SQLException{\r\n\t\tsaveRemainderValue(remainderValue, charCount);\r\n\t\tvalue = (unique) ? (Object)new Long(rowOffset) : new LongTreeList(rowOffset);\r\n\t}","location":{"offset":[6480,873],"column":1,"row":229,"file":"smallsql0.21_src/src/smallsql/database/IndexNode.java"},"clone_class":"63dcfb89-245c-4f54-83f4-2e11d9203e59","pairs":[{"type":2,"id":"684014bd-73b3-4b9a-ac29-6b1a3e8d2904"}],"id":"d3066d43-1866-4945-8e25-d1df3d167cc1"},{"src":"|project://smallsql0.21_src/src/smallsql/database/IndexNode.java|(7362,230,<247,1>,<250,2>)","metadata":{"length":4,"sloc":4,"mass":33},"fragment":"final void addRemainderKey(long rowOffset, char[] remainderValue, int offset) throws SQLException{\r\n\t\tsaveRemainderValue(remainderValue, offset);\r\n\t\tvalue = (unique) ? (Object)new Long(rowOffset) : new LongTreeList(rowOffset);\r\n\t}","location":{"offset":[7362,230],"column":1,"row":247,"file":"smallsql0.21_src/src/smallsql/database/IndexNode.java"},"clone_class":"63dcfb89-245c-4f54-83f4-2e11d9203e59","pairs":[{"type":2,"id":"d3066d43-1866-4945-8e25-d1df3d167cc1"}],"id":"684014bd-73b3-4b9a-ac29-6b1a3e8d2904"}]