[{"src":"|project://smallsql0.21_src/src/smallsql/junit/TestDBMetaData.java|(4845,175,<104,8>,<104,183>)","metadata":{"length":1,"sloc":1,"mass":45},"fragment":"int[] colTypes = {Types.NULL, Types.NULL, Types.NULL, Types.NULL, Types.NULL, Types.NULL, Types.NULL, Types.NULL, Types.NULL, Types.NULL, Types.NULL, Types.NULL, Types.NULL };","location":{"offset":[4845,175],"column":8,"row":104,"file":"smallsql0.21_src/src/smallsql/junit/TestDBMetaData.java"},"clone_class":"36b19960-92f6-426a-b14c-c3522383df38","pairs":[{"type":2,"id":"b6fbcca6-6863-4e65-8d56-124ccd4c4dca"}],"id":"a36143b3-84b0-48d3-aad6-021151685ee8"},{"src":"|project://smallsql0.21_src/src/smallsql/junit/TestDBMetaData.java|(14141,198,<281,8>,<281,206>)","metadata":{"length":1,"sloc":1,"mass":45},"fragment":"int[] colTypes3 = {Types.VARCHAR, Types.NULL, Types.VARCHAR, Types.BOOLEAN, Types.NULL, Types.VARCHAR, Types.SMALLINT, Types.SMALLINT, Types.VARCHAR, Types.NULL, Types.NULL, Types.NULL, Types.NULL};","location":{"offset":[14141,198],"column":8,"row":281,"file":"smallsql0.21_src/src/smallsql/junit/TestDBMetaData.java"},"clone_class":"36b19960-92f6-426a-b14c-c3522383df38","pairs":[{"type":2,"id":"a36143b3-84b0-48d3-aad6-021151685ee8"}],"id":"b6fbcca6-6863-4e65-8d56-124ccd4c4dca"}]