[{"src":"|project://smallsql0.21_src/src/smallsql/database/ExpressionArithmetic.java|(8109,476,<248,8>,<256,9>)","metadata":{"length":9,"sloc":9,"mass":54},"fragment":"switch(operation){\r\n            case ADD: return left.getLong() + right.getLong();\r\n            case SUB: return left.getLong() - right.getLong();\r\n            case MUL: return left.getLong() * right.getLong();\r\n            case DIV: return left.getLong() / right.getLong();\r\n            case NEGATIVE:  return          - left.getLong();\r\n            case MOD:\t\treturn left.getLong() % right.getLong();\r\n            case BIT_NOT:   return          ~ right.getInt();\r\n        }","location":{"offset":[8109,476],"column":8,"row":248,"file":"smallsql0.21_src/src/smallsql/database/ExpressionArithmetic.java"},"clone_class":"b278a254-a963-42e3-b804-7113f901b93e","pairs":[{"type":2,"id":"4838fa51-4aac-4b4a-afd4-aa61ec5ff7b1"}],"id":"68e990c8-c554-4365-b029-27123132ef3b"},{"src":"|project://smallsql0.21_src/src/smallsql/database/ExpressionArithmetic.java|(6533,498,<206,8>,<214,9>)","metadata":{"length":9,"sloc":9,"mass":54},"fragment":"switch(operation){\r\n            case ADD:       return left.getInt() + right.getInt();\r\n            case SUB:       return left.getInt() - right.getInt();\r\n            case MUL:       return left.getInt() * right.getInt();\r\n            case DIV:       return left.getInt() / right.getInt();\r\n            case NEGATIVE:  return               - left.getInt();\r\n            case MOD:\t\treturn left.getInt() % right.getInt();\r\n            case BIT_NOT:   return               ~ left.getInt();\r\n        }","location":{"offset":[6533,498],"column":8,"row":206,"file":"smallsql0.21_src/src/smallsql/database/ExpressionArithmetic.java"},"clone_class":"b278a254-a963-42e3-b804-7113f901b93e","pairs":[{"type":2,"id":"68e990c8-c554-4365-b029-27123132ef3b"}],"id":"4838fa51-4aac-4b4a-afd4-aa61ec5ff7b1"}]