[{"src":"|project://smallsql0.21_src/src/smallsql/junit/TestFunctions.java|(23670,253,<406,4>,<412,5>)","metadata":{"length":7,"sloc":7,"mass":41},"fragment":"public static Test suite() throws Exception{\r\n        TestSuite theSuite = new TestSuite(\"Functions\");\r\n        for(int i=0; i<TESTS.length; i++){\r\n            theSuite.addTest(new TestFunctions( TESTS[i] ) );\r\n        }\r\n        return theSuite;\r\n    }","location":{"offset":[23670,253],"column":4,"row":406,"file":"smallsql0.21_src/src/smallsql/junit/TestFunctions.java"},"clone_class":"c0ab122c-cca2-479f-a318-c2378c7483d8","pairs":[{"type":2,"id":"c3078220-d8c1-4cda-89e0-c753bd858116"},{"type":2,"id":"8faebc44-2c24-4731-b09d-bc15e59abae5"},{"type":2,"id":"fb62ef7e-dd38-45de-9c74-9adcac850027"},{"type":2,"id":"3bab42a0-c07a-4039-80fc-8252a12c19ff"}],"id":"f4137769-3561-4398-9e1e-4c4702552295"},{"src":"|project://smallsql0.21_src/src/smallsql/junit/TestOperatoren.java|(11337,255,<253,4>,<259,5>)","metadata":{"length":7,"sloc":7,"mass":41},"fragment":"public static Test suite() throws Exception{\r\n        TestSuite theSuite = new TestSuite(\"Operatoren\");\r\n        for(int i=0; i<TESTS.length; i++){\r\n            theSuite.addTest(new TestOperatoren( TESTS[i] ) );\r\n        }\r\n        return theSuite;\r\n    }","location":{"offset":[11337,255],"column":4,"row":253,"file":"smallsql0.21_src/src/smallsql/junit/TestOperatoren.java"},"clone_class":"c0ab122c-cca2-479f-a318-c2378c7483d8","pairs":[{"type":2,"id":"f4137769-3561-4398-9e1e-4c4702552295"},{"type":2,"id":"8faebc44-2c24-4731-b09d-bc15e59abae5"},{"type":2,"id":"fb62ef7e-dd38-45de-9c74-9adcac850027"},{"type":2,"id":"3bab42a0-c07a-4039-80fc-8252a12c19ff"}],"id":"c3078220-d8c1-4cda-89e0-c753bd858116"},{"src":"|project://smallsql0.21_src/src/smallsql/junit/TestDataTypes.java|(13003,262,<327,4>,<333,5>)","metadata":{"length":7,"sloc":7,"mass":41},"fragment":"public static Test suite() throws Exception{\r\n        TestSuite theSuite = new TestSuite(\"Data Types\");\r\n        for(int i=0; i<DATATYPES.length; i++){\r\n            theSuite.addTest(new TestDataTypes( DATATYPES[i] ) );\r\n        }\r\n        return theSuite;\r\n    }","location":{"offset":[13003,262],"column":4,"row":327,"file":"smallsql0.21_src/src/smallsql/junit/TestDataTypes.java"},"clone_class":"c0ab122c-cca2-479f-a318-c2378c7483d8","pairs":[{"type":2,"id":"f4137769-3561-4398-9e1e-4c4702552295"},{"type":2,"id":"c3078220-d8c1-4cda-89e0-c753bd858116"},{"type":2,"id":"fb62ef7e-dd38-45de-9c74-9adcac850027"},{"type":2,"id":"3bab42a0-c07a-4039-80fc-8252a12c19ff"}],"id":"8faebc44-2c24-4731-b09d-bc15e59abae5"},{"src":"|project://smallsql0.21_src/src/smallsql/junit/TestExceptions.java|(4772,255,<114,4>,<120,5>)","metadata":{"length":7,"sloc":7,"mass":41},"fragment":"public static Test suite() throws Exception{\r\n        TestSuite theSuite = new TestSuite(\"Exceptions\");\r\n        for(int i=0; i<TESTS.length; i++){\r\n            theSuite.addTest(new TestExceptions( TESTS[i] ) );\r\n        }\r\n        return theSuite;\r\n    }","location":{"offset":[4772,255],"column":4,"row":114,"file":"smallsql0.21_src/src/smallsql/junit/TestExceptions.java"},"clone_class":"c0ab122c-cca2-479f-a318-c2378c7483d8","pairs":[{"type":2,"id":"f4137769-3561-4398-9e1e-4c4702552295"},{"type":2,"id":"c3078220-d8c1-4cda-89e0-c753bd858116"},{"type":2,"id":"8faebc44-2c24-4731-b09d-bc15e59abae5"},{"type":2,"id":"3bab42a0-c07a-4039-80fc-8252a12c19ff"}],"id":"fb62ef7e-dd38-45de-9c74-9adcac850027"},{"src":"|project://smallsql0.21_src/src/smallsql/junit/TestJoins.java|(10182,245,<195,4>,<201,5>)","metadata":{"length":7,"sloc":7,"mass":41},"fragment":"public static Test suite() throws Exception{\r\n        TestSuite theSuite = new TestSuite(\"Joins\");\r\n        for(int i=0; i<TESTS.length; i++){\r\n            theSuite.addTest(new TestJoins( TESTS[i] ) );\r\n        }\r\n        return theSuite;\r\n    }","location":{"offset":[10182,245],"column":4,"row":195,"file":"smallsql0.21_src/src/smallsql/junit/TestJoins.java"},"clone_class":"c0ab122c-cca2-479f-a318-c2378c7483d8","pairs":[{"type":2,"id":"f4137769-3561-4398-9e1e-4c4702552295"},{"type":2,"id":"c3078220-d8c1-4cda-89e0-c753bd858116"},{"type":2,"id":"8faebc44-2c24-4731-b09d-bc15e59abae5"},{"type":2,"id":"fb62ef7e-dd38-45de-9c74-9adcac850027"}],"id":"3bab42a0-c07a-4039-80fc-8252a12c19ff"}]