[{"src":"|project://smallsql0.21_src/src/smallsql/database/language/Language_de.java|(0,13393,<1,0>,<184,1>)","metadata":{"length":184,"sloc":122,"mass":365},"fragment":"/* =============================================================\r\n * SmallSQL : a free Java DBMS library for the Java(tm) platform\r\n * =============================================================\r\n *\r\n * (C) Copyright 2004-2007, by Volker Berlin.\r\n *\r\n * Project Info:  http://www.smallsql.de/\r\n *\r\n * This library is free software; you can redistribute it and/or modify it \r\n * under the terms of the GNU Lesser General Public License as published by \r\n * the Free Software Foundation; either version 2.1 of the License, or \r\n * (at your option) any later version.\r\n *\r\n * This library is distributed in the hope that it will be useful, but \r\n * WITHOUT ANY WARRANTY; without even the implied warranty of MERCHANTABILITY \r\n * or FITNESS FOR A PARTICULAR PURPOSE. See the GNU Lesser General Public \r\n * License for more details.\r\n *\r\n * You should have received a copy of the GNU Lesser General Public\r\n * License along with this library; if not, write to the Free Software\r\n * Foundation, Inc., 51 Franklin Street, Fifth Floor, Boston, MA  02110-1301, \r\n * USA.  \r\n *\r\n * [Java is a trademark or registered trademark of Sun Microsystems, Inc. \r\n * in the United States and other countries.]\r\n *\r\n * ---------------\r\n * Language_it.java\r\n * ---------------\r\n * Author: Volker Berlin\r\n * \r\n */\r\npackage smallsql.database.language;\r\n\r\n/**\r\n * Extended localization class for German language.\r\n */\r\npublic class Language_de extends Language {\r\n\tprotected Language_de() {\r\n\t\taddMessages(ENTRIES);\r\n\t}\r\n\t\r\n\tpublic String[][] getEntries() {\r\n\t\treturn ENTRIES;\r\n\t}\r\n\t\r\n\t//////////////////////////////////////////////////////////////////////\r\n\t// MESSAGES\r\n\t//////////////////////////////////////////////////////////////////////\r\n\t\r\n    private final String[][] ENTRIES = {\r\n            { UNSUPPORTED_OPERATION           , \"Nicht unterstützte Funktion: {0}\" },\r\n            { CANT_LOCK_FILE                  , \"Die Datei ''{0}'' kann nicht gelockt werden. Eine einzelne SmallSQL Datenbank kann nur für einen einzigen Prozess geöffnet werden.\" },\r\n\r\n            { DB_EXISTENT                     , \"Die Datenbank ''{0}'' existiert bereits.\" },\r\n            { DB_NONEXISTENT                  , \"Die Datenbank ''{0}'' existiert nicht.\" },\r\n            { DB_NOT_DIRECTORY                , \"Das Verzeichnis ''{0}'' ist keine SmallSQL Datenbank.\" },\r\n            { DB_NOTCONNECTED                 , \"Sie sind nicht mit einer Datenbank verbunden.\" },\r\n\r\n            { CONNECTION_CLOSED               , \"Die Verbindung ist bereits geschlossen.\" },\r\n\r\n            { VIEW_INSERT                     , \"INSERT wird nicht unterstützt für eine View.\" },\r\n            { VIEWDROP_NOT_VIEW               , \"DROP VIEW kann nicht mit ''{0}'' verwendet werden, weil es keine View ist.\" },\r\n            { VIEW_CANTDROP                   , \"View ''{0}'' kann nicht gelöscht werden.\" },\r\n\r\n            { RSET_NOT_PRODUCED               , \"Es wurde kein ResultSet erzeugt.\" },\r\n            { RSET_READONLY                   , \"Das ResultSet ist schreibgeschützt.\" },\r\n            { RSET_FWDONLY                    , \"Das ResultSet ist forward only.\" },\r\n            { RSET_CLOSED                     , \"Das ResultSet ist geschlossen.\" },\r\n            { RSET_NOT_INSERT_ROW             , \"Der Cursor zeigt aktuell nicht auf die Einfügeposition (insert row).\" },\r\n            { RSET_ON_INSERT_ROW              , \"Der Cursor zeigt aktuell auf die Einfügeposition (insert row).\" },\r\n            { ROWSOURCE_READONLY              , \"Die Rowsource ist schreibgeschützt.\" },\r\n            { STMT_IS_CLOSED                  , \"Das Statement ist bereits geschlossen.\" },\r\n\r\n            { SUBQUERY_COL_COUNT              , \"Die Anzahl der Spalten in der Subquery muss 1 sein und nicht {0}.\" },\r\n            { JOIN_DELETE                     , \"Die Methode deleteRow wird nicht unterstützt für Joins.\" },\r\n            { JOIN_INSERT                     , \"Die Methode insertRow wird nicht unterstützt für Joins.\" },\r\n            { DELETE_WO_FROM                  , \"Die Methode deleteRow benötigt einen FROM Ausdruck.\" },\r\n            { INSERT_WO_FROM                  , \"Die Methode insertRow benötigt einen FROM Ausdruck.\" },\r\n\r\n            { TABLE_CANT_RENAME               , \"Die Tabelle ''{0}'' kann nicht umbenannt werden.\" },\r\n            { TABLE_CANT_DROP                 , \"Die Tabelle ''{0}'' kann nicht gelöscht werden.\" },\r\n            { TABLE_CANT_DROP_LOCKED          , \"Die Tabelle ''{0}'' kann nicht gelöscht werden, weil sie gelockt ist.\" },\r\n            { TABLE_CORRUPT_PAGE              , \"Beschädigte Tabellenseite bei Position: {0}.\" },\r\n            { TABLE_MODIFIED                  , \"Die Tabelle ''{0}'' wurde modifiziert.\" },\r\n            { TABLE_DEADLOCK                  , \"Deadlock, es kann kein Lock erzeugt werden für Tabelle ''{0}''.\" },\r\n            { TABLE_OR_VIEW_MISSING           , \"Tabelle oder View ''{0}'' existiert nicht.\" },\r\n            { TABLE_FILE_INVALID              , \"Die Datei ''{0}'' enthält keine gültige SmallSQL Tabelle.\" },\r\n            { TABLE_OR_VIEW_FILE_INVALID      , \"Die Datei ''{0}'' ist keine gültiger Tabellen oder View Speicher.\" },\r\n            { TABLE_EXISTENT                  , \"Die Tabelle oder View ''{0}'' existiert bereits.\" },\r\n\r\n            { FK_NOT_TABLE                    , \"''{0}'' ist keine Tabelle.\" },\r\n            { PK_ONLYONE                      , \"Eine Tabelle kann nur einen Primärschlüssel haben.\" },\r\n            { KEY_DUPLICATE                   , \"Doppelter Schlüssel.\" },\r\n\r\n            { MONTH_TOOLARGE                  , \"Der Monat ist zu groß im DATE oder TIMESTAMP Wert ''{0}''.\" },\r\n            { DAYS_TOOLARGE                   , \"Die Tage sind zu groß im DATE oder TIMESTAMP Wert ''{0}''.\" },\r\n            { HOURS_TOOLARGE                  , \"Die Stunden sind zu groß im TIME oder TIMESTAMP Wert ''{0}''.\" },\r\n            { MINUTES_TOOLARGE                , \"Die Minuten sind zu groß im TIME oder TIMESTAMP Wert ''{0}''.\" },\r\n            { SECS_TOOLARGE                   , \"Die Sekunden sind zu groß im TIME oder TIMESTAMP Wert ''{0}''.\" },\r\n            { MILLIS_TOOLARGE                 , \"Die Millisekunden sind zu groß im TIMESTAMP Wert ''{0}''.\" },\r\n            { DATETIME_INVALID                , \"''{0}'' ist ein ungültiges DATE, TIME or TIMESTAMP.\" },\r\n\r\n            { UNSUPPORTED_CONVERSION_OPER     , \"Nicht unterstützte Konvertierung zu Datentyp ''{0}'' von Datentyp ''{1}'' für die Operation ''{2}''.\" },\r\n            { UNSUPPORTED_DATATYPE_OPER       , \"Nicht unterstützter Datentyp ''{0}'' für Operation ''{1}''.\" },\r\n            { UNSUPPORTED_DATATYPE_FUNC       , \"Nicht unterstützter Datentyp ''{0}'' für Funktion ''{1}''.\" },\r\n            { UNSUPPORTED_CONVERSION_FUNC     , \"Nicht unterstützte Konvertierung zu Datentyp ''{0}'' für Funktion ''{1}''.\" },\r\n            { UNSUPPORTED_TYPE_CONV           , \"Nicht unterstützter Typ für CONVERT Funktion: {0}.\" },\r\n            { UNSUPPORTED_TYPE_SUM            , \"Nicht unterstützter Datentyp ''{0}'' für SUM Funktion.\" },\r\n            { UNSUPPORTED_TYPE_MAX            , \"Nicht unterstützter Datentyp ''{0}'' für MAX Funktion.\" },\r\n            { UNSUPPORTED_CONVERSION          , \"Kann nicht konvertieren ''{0}'' [{1}] zu ''{2}''.\" },\r\n            { INSERT_INVALID_LEN              , \"Ungültige Länge ''{0}'' in Funktion INSERT.\" },\r\n            { SUBSTR_INVALID_LEN              , \"Ungültige Länge ''{0}'' in Funktion SUBSTRING.\" },\r\n\r\n            { VALUE_STR_TOOLARGE              , \"Der String Wert ist zu groß für die Spalte.\" },\r\n            { VALUE_BIN_TOOLARGE              , \"Ein Binäre Wert mit Länge {0} ist zu groß für eine Spalte mit der Größe {1}.\" },\r\n            { VALUE_NULL_INVALID              , \"Null Werte sind ungültig für die Spalte ''{0}''.\" },\r\n            { VALUE_CANT_CONVERT              , \"Kann nicht konvertieren ein {0} Wert zu einem {1} Wert.\" },\r\n\r\n            { BYTEARR_INVALID_SIZE            , \"Ungültige Bytearray Große {0} für UNIQUEIDENFIER.\" },\r\n            { LOB_DELETED                     , \"Lob Objekt wurde gelöscht.\" },\r\n\r\n            { PARAM_CLASS_UNKNOWN             , \"Unbekante Parameter Klasse: ''{0}''.\" },\r\n            { PARAM_EMPTY                     , \"Parameter {0} ist leer.\" },\r\n            { PARAM_IDX_OUT_RANGE             , \"Parameter Index {0} liegt außerhalb des Gültigkeitsbereiches. Der Wert muss zwischen 1 und {1} liegen.\" },\r\n\r\n            { COL_DUPLICATE                   , \"Es gibt einen doppelten Spaltennamen: ''{0}''.\" },\r\n            { COL_MISSING                     , \"Spalte ''{0}'' wurde nicht gefunden.\" },\r\n            { COL_VAL_UNMATCH                 , \"Die Spaltenanzahl und Werteanzahl ist nicht identisch.\" },\r\n            { COL_INVALID_SIZE                , \"Ungültige Spaltengröße {0} für Spalte ''{1}''.\" },\r\n            { COL_WRONG_PREFIX                , \"Der Spaltenprefix ''{0}'' passt zu keinem Tabellennamen oder Aliasnamen in dieser Abfrage.\" },\r\n            { COL_READONLY                    , \"Die Spalte {0} ist schreibgeschützt.\" },\r\n            { COL_INVALID_NAME                , \"Ungültiger Spaltenname ''{0}''.\" },\r\n            { COL_IDX_OUT_RANGE               , \"Spaltenindex außerhalb des Gültigkeitsbereiches: {0}.\" },\r\n            { COL_AMBIGUOUS                   , \"Die Spalte ''{0}'' ist mehrdeutig.\" },\r\n\r\n            { GROUP_AGGR_INVALID              , \"Aggregatfunktion sind nicht erlaubt im GROUP BY Klausel: ({0}).\" },\r\n            { GROUP_AGGR_NOTPART              , \"Der Ausdruck ''{0}'' ist nicht Teil einer Aggregatfunktion oder GROUP BY Klausel.\" },\r\n            { ORDERBY_INTERNAL                , \"Interner Error mit ORDER BY.\" },\r\n            { UNION_DIFFERENT_COLS            , \"Die SELECT Teile des UNION haben eine unterschiedliche Spaltenanzahl: {0} und {1}.\" },\r\n\r\n            { INDEX_EXISTS                    , \"Index ''{0}'' existiert bereits.\" },\r\n            { INDEX_MISSING                   , \"Index ''{0}'' existiert nicht.\" },\r\n            { INDEX_FILE_INVALID              , \"Die Datei ''{0}'' ist kein gültiger Indexspeicher.\" },\r\n            { INDEX_CORRUPT                   , \"Error beim Laden des Index. Die Index Datei ist beschädigt. ({0}).\" },\r\n            { INDEX_TOOMANY_EQUALS            , \"Zu viele identische Einträge im Index.\" },\r\n\r\n            { FILE_TOONEW                     , \"Dateiversion ({0}) der Datei ''{1}'' ist zu neu für diese Laufzeitbibliothek.\" },\r\n            { FILE_TOOOLD                     , \"Dateiversion ({0}) der Datei ''{1}'' ist zu alt für diese Laufzeitbibliothek.\" },\r\n            { FILE_CANT_DELETE                , \"Datei ''{0}'' kann nicht gelöscht werden.\" },\r\n\r\n            { ROW_0_ABSOLUTE                  , \"Datensatz 0 ist ungültig für die Methode absolute().\" },\r\n            { ROW_NOCURRENT                   , \"Kein aktueller Datensatz.\" },\r\n            { ROWS_WRONG_MAX                  , \"Fehlerhafter Wert für Maximale Datensatzanzahl: {0}.\" },\r\n            { ROW_LOCKED                      , \"Der Datensatz ist gelocked von einer anderen Verbindung.\" },\r\n            { ROW_DELETED                     , \"Der Datensatz ist bereits gelöscht.\" },\r\n\r\n            { SAVEPT_INVALID_TRANS            , \"Der Savepoint ist nicht gültig für die aktuelle Transaction.\" },\r\n            { SAVEPT_INVALID_DRIVER           , \"Der Savepoint ist nicht gültig für diesen Treiber {0}.\" },\r\n\r\n            { ALIAS_UNSUPPORTED               , \"Ein Alias ist nicht erlaubt für diesen Typ von Rowsource.\" },\r\n            { ISOLATION_UNKNOWN               , \"Unbekantes Transaktion Isolation Level: {0}.\" },\r\n            { FLAGVALUE_INVALID               , \"Ungültiger Wert des Flags in Methode getMoreResults: {0}.\" },\r\n            { ARGUMENT_INVALID                , \"Ungültiges Argument in Methode setNeedGenratedKeys: {0}.\" },\r\n            { GENER_KEYS_UNREQUIRED           , \"GeneratedKeys wurden nicht angefordert.\" },\r\n            { SEQUENCE_HEX_INVALID            , \"Ungültige Hexadecimal Sequenze bei Position {0}.\" },\r\n            { SEQUENCE_HEX_INVALID_STR        , \"Ungültige Hexadecimal Sequenze bei Position {0} in ''{1}''.\" },\r\n\r\n            { SYNTAX_BASE_OFS                 , \"Syntax Error bei Position {0} in ''{1}''. \" },\r\n            { SYNTAX_BASE_END                 , \"Syntax Error, unerwartetes Ende des SQL Strings. \" },\r\n            { STXADD_ADDITIONAL_TOK           , \"Zusätzliche Zeichen nach dem Ende des SQL statement.\" },\r\n            { STXADD_IDENT_EXPECT             , \"Bezeichner erwartet.\" },\r\n            { STXADD_IDENT_EMPTY              , \"Leerer Bezeichner.\" },\r\n            { STXADD_IDENT_WRONG              , \"Ungültiger Bezeichner ''{0}''.\" },\r\n            { STXADD_OPER_MINUS               , \"Ungültiger Operator Minus für Datentyp VARBINARY.\" },\r\n            { STXADD_FUNC_UNKNOWN             , \"Unbekannte Funktion.\" },\r\n            { STXADD_PARAM_INVALID_COUNT      , \"Ungültige Paramter Anzahl.\" },\r\n            { STXADD_JOIN_INVALID             , \"Ungültige Join Syntax.\" },\r\n            { STXADD_FROM_PAR_CLOSE           , \"Unerwartet schließende Klammer in FROM Klausel.\" },\r\n            { STXADD_KEYS_REQUIRED            , \"Benötige Schlüsselwörter sind: \" },\r\n            { STXADD_NOT_NUMBER               , \"Eine Zahl ist erforderlich: ''{0}''.\" },\r\n            { STXADD_COMMENT_OPEN             , \"Fehlendes Kommentarende ''*/''.\" },\r\n    };\r\n}","location":{"offset":[0,13393],"column":0,"row":1,"file":"smallsql0.21_src/src/smallsql/database/language/Language_de.java"},"clone_class":"5011e104-ef3f-426a-a6a1-992ddd59939c","pairs":[{"type":2,"id":"2b23cc41-737e-4dd9-b477-d66ad33a98b1"}],"id":"0d2b80a0-47e7-4bb4-a4f1-6aca34f98892"},{"src":"|project://smallsql0.21_src/src/smallsql/database/language/Language_it.java|(0,11817,<1,0>,<185,1>)","metadata":{"length":185,"sloc":122,"mass":365},"fragment":"/* =============================================================\r\n * SmallSQL : a free Java DBMS library for the Java(tm) platform\r\n * =============================================================\r\n *\r\n * (C) Copyright 2004-2007, by Volker Berlin.\r\n *\r\n * Project Info:  http://www.smallsql.de/\r\n *\r\n * This library is free software; you can redistribute it and/or modify it \r\n * under the terms of the GNU Lesser General Public License as published by \r\n * the Free Software Foundation; either version 2.1 of the License, or \r\n * (at your option) any later version.\r\n *\r\n * This library is distributed in the hope that it will be useful, but \r\n * WITHOUT ANY WARRANTY; without even the implied warranty of MERCHANTABILITY \r\n * or FITNESS FOR A PARTICULAR PURPOSE. See the GNU Lesser General Public \r\n * License for more details.\r\n *\r\n * You should have received a copy of the GNU Lesser General Public\r\n * License along with this library; if not, write to the Free Software\r\n * Foundation, Inc., 51 Franklin Street, Fifth Floor, Boston, MA  02110-1301, \r\n * USA.  \r\n *\r\n * [Java is a trademark or registered trademark of Sun Microsystems, Inc. \r\n * in the United States and other countries.]\r\n *\r\n * ---------------\r\n * Language_it.java\r\n * ---------------\r\n * Author: Saverio Miroddi\r\n * \r\n */\r\npackage smallsql.database.language;\r\n\r\n/**\r\n * Extended localization class for Italian language.\r\n */\r\npublic class Language_it extends Language {\r\n\tprotected Language_it() {\r\n\t\taddMessages(ENTRIES);\r\n\t}\r\n\t\r\n\tpublic String[][] getEntries() {\r\n\t\treturn ENTRIES;\r\n\t}\r\n\t\r\n\t//////////////////////////////////////////////////////////////////////\r\n\t// MESSAGES\r\n\t//////////////////////////////////////////////////////////////////////\r\n\t\r\n\tprivate final String[][] ENTRIES = {\r\n{ UNSUPPORTED_OPERATION           , \"Operazione non supportata: {0}.\" },\r\n{ CANT_LOCK_FILE                  , \"Impossibile bloccare il file ''{0}''. Un database SmallSQL Database può essere aperto da un unico processo.\" },\r\n\r\n{ DB_EXISTENT                     , \"Il database ''{0}'' è già esistente.\" },\r\n{ DB_NONEXISTENT                  , \"Il database ''{0}'' Non esiste.\" },\r\n{ DB_NOT_DIRECTORY                , \"La directory ''{0}'' non è un database SmallSQL.\" },\r\n{ DB_NOTCONNECTED                 , \"L''utente non è connesso a un database.\" },\r\n\r\n{ CONNECTION_CLOSED               , \"La connessione è già chiusa.\" },\r\n\r\n{ VIEW_INSERT                     , \"INSERT non è supportato per una view.\" },\r\n{ VIEWDROP_NOT_VIEW               , \"Non è possibile effettuare DROP VIEW con ''{0}'' perché non è una view.\" },\r\n{ VIEW_CANTDROP                   , \"Non si può effettuare drop sulla view ''{0}''.\" },\r\n\r\n{ RSET_NOT_PRODUCED               , \"Nessun ResultSet è stato prodotto.\" },\r\n{ RSET_READONLY                   , \"Il ResultSet è di sola lettura.\" },\r\n{ RSET_FWDONLY                    , \"Il ResultSet è forward only.\" }, // no real translation\r\n{ RSET_CLOSED                     , \"Il ResultSet è chiuso.\" },\r\n{ RSET_NOT_INSERT_ROW             , \"Il cursore non è attualmente nella riga ''InsertRow''.\" },\r\n{ RSET_ON_INSERT_ROW              , \"Il cursore è attualmente nella riga ''InsertRow''.\" },\r\n{ ROWSOURCE_READONLY              , \"Il Rowsource è di sola lettura.\" },\r\n\r\n{ STMT_IS_CLOSED                  , \"Lo Statement è in stato chiuso.\" },\r\n\r\n{ SUBQUERY_COL_COUNT              , \"Il conteggio delle colonne nella subquery deve essere 1 e non {0}.\" },\r\n{ JOIN_DELETE                     , \"DeleteRow non supportato nelle join.\" },\r\n{ JOIN_INSERT                     , \"InsertRow non supportato nelle join.\" },\r\n{ DELETE_WO_FROM                  , \"DeleteRow necessita un''espressione FROM.\" },\r\n{ INSERT_WO_FROM                  , \"InsertRow necessita un''espressione FROM.\" },\r\n\r\n{ TABLE_CANT_RENAME               , \"La tabella ''{0}'' non può essere rinominata.\" },\r\n{ TABLE_CANT_DROP                 , \"Non si può effettuare DROP della tabella ''{0}''.\" },\r\n{ TABLE_CANT_DROP_LOCKED          , \"Non si può effettuare DROP della tabella ''{0}'' perché è in LOCK.\" },\r\n{ TABLE_CORRUPT_PAGE              , \"Pagina della tabella corrotta alla posizione: {0}.\" },\r\n{ TABLE_MODIFIED                  , \"La tabella ''{0}'' è stata modificata.\" },\r\n{ TABLE_DEADLOCK                  , \"Deadlock: non si può mettere un lock sulla tabella ''{0}''.\" },\r\n{ TABLE_OR_VIEW_MISSING           , \"La tabella/view ''{0}'' non esiste.\" },\r\n{ TABLE_FILE_INVALID              , \"Il file ''{0}'' non include una tabella SmallSQL valida.\" },\r\n{ TABLE_OR_VIEW_FILE_INVALID      , \"Il file ''{0}'' non è un contenitore valido di tabella/view.\" },\r\n{ TABLE_EXISTENT                  , \"La tabella/vista ''{0}'' è già esistente.\" },\r\n\r\n{ FK_NOT_TABLE                    , \"''{0}'' non è una tabella.\" },\r\n{ PK_ONLYONE                      , \"Una tabella può avere solo una primary key.\" },\r\n{ KEY_DUPLICATE                   , \"Chiave duplicata.\" },\r\n\r\n{ MONTH_TOOLARGE                  , \"Valore del mese troppo alto del in DATE o TIMESTAMP ''{0}''.\" },\r\n{ DAYS_TOOLARGE                   , \"Valore del giorno troppo altro in DATE o TIMESTAMP ''{0}''.\" },\r\n{ HOURS_TOOLARGE                  , \"Valore delle ore troppo alto in in TIME o TIMESTAMP ''{0}''.\" },\r\n{ MINUTES_TOOLARGE                , \"Valore dei minuti troppo alto in TIME o TIMESTAMP ''{0}''.\" },\r\n{ SECS_TOOLARGE                   , \"Valore dei secondi troppo alto in TIME o TIMESTAMP ''{0}''.\" },\r\n{ MILLIS_TOOLARGE                 , \"VAlore dei millisecondi troppo alto in TIMESTAMP ''{0}''.\" },\r\n{ DATETIME_INVALID                , \"''{0}'' è un DATE, TIME or TIMESTAMP non valido.\" },\r\n\r\n{ UNSUPPORTED_CONVERSION_OPER     , \"Conversione non supportata verso il tipo di dato ''{0}'' dal tipo ''{1}'' per l''operazione ''{2}''.\" },\r\n{ UNSUPPORTED_DATATYPE_OPER       , \"Tipo di dato ''{0}'' non supportato per l''operazione ''{1}''.\" },\r\n{ UNSUPPORTED_DATATYPE_FUNC       , \"Tipo di dato ''{0}'' non supportato per la funzione ''{1}''.\" },\r\n{ UNSUPPORTED_CONVERSION_FUNC     , \"Conversione verso il tipo di dato ''{0}'' non supportato per la funzione ''{1}''.\" },\r\n{ UNSUPPORTED_TYPE_CONV           , \"Tipo non supportato per la funzione CONVERT: {0}.\" },\r\n{ UNSUPPORTED_TYPE_SUM            , \"Tipo non supportato per la funzione SUM: ''{0}''.\" },\r\n{ UNSUPPORTED_TYPE_MAX            , \"Tipo non supportato per la funzione MAX: ''{0}''.\" },\r\n{ UNSUPPORTED_CONVERSION          , \"Non è possible convertire ''{0}'' [{1}] in ''{2}''.\" },\r\n{ INSERT_INVALID_LEN              , \"Lunghezza non valida ''{0}'' per la funzione INSERT.\" },\r\n{ SUBSTR_INVALID_LEN              , \"Lunghezza non valida ''{0}'' per la funzione SUBSTRING.\" },\r\n\r\n{ VALUE_STR_TOOLARGE              , \"Stringa troppo lunga per la colonna.\" },\r\n{ VALUE_BIN_TOOLARGE              , \"Valore binario di lunghezza {0} eccessiva per la colonna di lunghezza {1}.\" },\r\n{ VALUE_NULL_INVALID              , \"Valori nulli non validi per la colonna ''{0}''.\" },\r\n{ VALUE_CANT_CONVERT              , \"Impossible convertire un valore {0} in un valore {1}.\" },\r\n\r\n{ BYTEARR_INVALID_SIZE            , \"Lunghezza non valida per un array di bytes: {0}.\" },\r\n{ LOB_DELETED                     , \"L''oggetto LOB è stato cancellato.\" },\r\n\r\n{ PARAM_CLASS_UNKNOWN             , \"Classe sconosciuta (''{0}'') per il parametro.\" },\r\n{ PARAM_EMPTY                     , \"Il parametro {0} è vuoto.\" },\r\n{ PARAM_IDX_OUT_RANGE             , \"L''indice {0} per il parametro è fuori dall''intervallo consentito ( 1 <= n <= {1} ).\" },\r\n\r\n{ COL_DUPLICATE                \t  , \"Nome di colonna duplicato: ''{0}''.\" },\r\n{ COL_MISSING                     , \"Colonna ''{0}'' non trovata.\" },\r\n{ COL_VAL_UNMATCH                 , \"Il conteggio di colonne e valori non è identico.\" },\r\n{ COL_INVALID_SIZE                , \"Lunghezza non valida ({0}) per la colonna ''{1}''.\" },\r\n{ COL_WRONG_PREFIX                , \"Il prefisso di colonna ''{0}'' non coincide con un alias o nome di tabella usato nella query.\" },\r\n{ COL_READONLY                    , \"La colonna ''{0}'' è di sola lettura.\" },\r\n{ COL_INVALID_NAME                , \"Nome di colonna non valido ''{0}''.\" },\r\n{ COL_IDX_OUT_RANGE               , \"Indice di colonna fuori dall''intervallo valido: {0}.\" },\r\n{ COL_AMBIGUOUS                   , \"Il nome di colonna ''{0}'' è ambiguo.\" },\r\n\r\n{ GROUP_AGGR_INVALID              , \"Funzione di aggregrazione non valida per la clausola GROUP BY: ({0}).\" },\r\n{ GROUP_AGGR_NOTPART              , \"L''espressione ''{0}'' non è parte di una funzione di aggregazione o della clausola GROUP BY.\" },\r\n{ ORDERBY_INTERNAL                , \"Errore interno per ORDER BY.\" },\r\n{ UNION_DIFFERENT_COLS            , \"SELECT appartenenti ad una UNION con numero di colonne differenti: {0} e {1}.\" },\r\n\r\n{ INDEX_EXISTS                    , \"L''indice ''{0}'' è già esistente.\" },\r\n{ INDEX_MISSING                   , \"L''indice ''{0}'' non esiste.\" },\r\n{ INDEX_FILE_INVALID              , \"Il file ''{0}'' non è un contenitore valido per un indice.\" },\r\n{ INDEX_CORRUPT                   , \"Errore durante il caricamento dell''indice. File dell''indice corrotto: ''{0}''.\" },\r\n{ INDEX_TOOMANY_EQUALS            , \"Troppe voci uguali nell''indice.\" },\r\n\r\n{ FILE_TOONEW                     , \"La versione ({0}) del file ''{1}'' è troppo recente per questo runtime.\" },\r\n{ FILE_TOOOLD                     , \"La versione ({0}) del file ''{1}'' è troppo vecchia per questo runtime.\" },\r\n{ FILE_CANT_DELETE                , \"File ''(0)'' non possono essere eliminati.\" },\r\n\r\n{ ROW_0_ABSOLUTE                  , \"Il numero di riga 0 non è valido per il metodo ''absolute()''.\" },\r\n{ ROW_NOCURRENT                   , \"Nessuna riga corrente.\" },\r\n{ ROWS_WRONG_MAX                  , \"Numero massimo di righe non valido ({0}).\" },\r\n{ ROW_LOCKED                      , \"La riga è bloccata da un''altra connessione.\" },\r\n{ ROW_DELETED                     , \"Riga già cancellata.\" },\r\n\r\n{ SAVEPT_INVALID_TRANS            , \"SAVEPOINT non valido per questa transazione.\" },\r\n{ SAVEPT_INVALID_DRIVER           , \"SAVEPOINT non valido per questo driver {0}.\" },\r\n\r\n{ ALIAS_UNSUPPORTED               , \"Alias non supportato per questo tipo di sorgente righe.\" },\r\n{ ISOLATION_UNKNOWN               , \"Livello di Isolamento transazione sconosciuto: {0}.\" },\r\n{ FLAGVALUE_INVALID               , \"Flag non valida nel metodo ''getMoreResults'': {0}.\" },\r\n{ ARGUMENT_INVALID                , \"Argomento non valido nel metodo ''setNeedGenratedKeys'': {0}.\" },\r\n{ GENER_KEYS_UNREQUIRED           , \"GeneratedKeys non richieste.\" },\r\n{ SEQUENCE_HEX_INVALID            , \"Sequenza esadecimale non valido alla posizione {0}.\" },\r\n{ SEQUENCE_HEX_INVALID_STR        , \"Sequence esadecimale non valida alla positione {0} in ''{1}''.\" },\r\n\r\n{ SYNTAX_BASE_OFS            \t  , \"Errore di sintassi alla posizione {0} in ''{1}''. \" },\r\n{ SYNTAX_BASE_END        \t\t  , \"Errore di sintassi, fine inattesa della stringa SQL. \" },\r\n{ STXADD_ADDITIONAL_TOK\t\t\t  , \"Token aggiuntivo dopo la fine dell''istruzione SQL.\" },\r\n{ STXADD_IDENT_EXPECT\t\t\t  , \"Identificatore atteso.\" },\r\n{ STXADD_IDENT_EMPTY \t\t\t  , \"Identificatore vuoto.\" },\r\n{ STXADD_IDENT_WRONG \t\t\t  , \"Identificatore errato ''{0}''.\" },\r\n{ STXADD_OPER_MINUS \t\t\t  , \"Operatore ''meno'' non valido per il tipo di dato varbinary.\" },\r\n{ STXADD_FUNC_UNKNOWN \t\t\t  , \"Funzione sconosciuta.\" },\r\n{ STXADD_PARAM_INVALID_COUNT\t  , \"Totale parametri non valido.\" },\r\n{ STXADD_JOIN_INVALID\t  \t\t  , \"Sintassi della join non valida.\" },\r\n{ STXADD_FROM_PAR_CLOSE\t  \t\t  , \"Parentesi chiusa non attesa nella clausola from.\" },\r\n{ STXADD_KEYS_REQUIRED\t  \t\t  , \"Le parole chiave richieste sono: \" },\r\n{ STXADD_NOT_NUMBER\t  \t\t      , \"Richiesto valore numerico (passato = ''{0}'').\" },\r\n{ STXADD_COMMENT_OPEN\t  \t\t  , \"Chiusura del commento mancante (''*/'').\" },\r\n\t};\r\n}","location":{"offset":[0,11817],"column":0,"row":1,"file":"smallsql0.21_src/src/smallsql/database/language/Language_it.java"},"clone_class":"5011e104-ef3f-426a-a6a1-992ddd59939c","pairs":[{"type":2,"id":"0d2b80a0-47e7-4bb4-a4f1-6aca34f98892"}],"id":"2b23cc41-737e-4dd9-b477-d66ad33a98b1"}]