[{"src":"|project://smallsql0.21_src/src/smallsql/database/SSResultSet.java|(26143,513,<778,4>,<790,5>)","metadata":{"length":13,"sloc":13,"mass":56},"fragment":"public Time getTime(int columnIndex, Calendar cal) throws SQLException {\r\n        try{\r\n            if(cal == null){\r\n                return getTime(columnIndex);\r\n            }\r\n            Expression expr = getValue(columnIndex);\r\n            wasNull = expr.isNull();\r\n            if(wasNull) return null;\r\n            return new Time(DateTime.addDateTimeOffset( expr.getLong(), cal.getTimeZone() ));\r\n        }catch(Exception e){\r\n            throw SmallSQLException.createFromException( e );\r\n        }\r\n    }","location":{"offset":[26143,513],"column":4,"row":778,"file":"smallsql0.21_src/src/smallsql/database/SSResultSet.java"},"clone_class":"6607a3bb-dd41-4907-a901-bd46a9604880","pairs":[{"type":2,"id":"c6371397-0046-419a-9f0c-861716885d49"},{"type":2,"id":"095d2709-6574-4435-bfb3-1d99e4899b31"}],"id":"41b462de-b671-4722-8142-dc4a318dd6c2"},{"src":"|project://smallsql0.21_src/src/smallsql/database/SSResultSet.java|(25455,513,<758,4>,<770,5>)","metadata":{"length":13,"sloc":13,"mass":56},"fragment":"public Date getDate(int columnIndex, Calendar cal) throws SQLException {\r\n        try{\r\n            if(cal == null){\r\n                return getDate(columnIndex);\r\n            }\r\n            Expression expr = getValue(columnIndex);\r\n            wasNull = expr.isNull();\r\n            if(wasNull) return null;\r\n            return new Date(DateTime.addDateTimeOffset( expr.getLong(), cal.getTimeZone() ));\r\n        }catch(Exception e){\r\n            throw SmallSQLException.createFromException( e );\r\n        }\r\n    }","location":{"offset":[25455,513],"column":4,"row":758,"file":"smallsql0.21_src/src/smallsql/database/SSResultSet.java"},"clone_class":"6607a3bb-dd41-4907-a901-bd46a9604880","pairs":[{"type":2,"id":"41b462de-b671-4722-8142-dc4a318dd6c2"},{"type":2,"id":"095d2709-6574-4435-bfb3-1d99e4899b31"}],"id":"c6371397-0046-419a-9f0c-861716885d49"},{"src":"|project://smallsql0.21_src/src/smallsql/database/SSResultSet.java|(26831,533,<798,4>,<810,5>)","metadata":{"length":13,"sloc":13,"mass":56},"fragment":"public Timestamp getTimestamp(int columnIndex, Calendar cal) throws SQLException {\r\n        try{\r\n            if(cal == null){\r\n                return getTimestamp(columnIndex);\r\n            }\r\n            Expression expr = getValue(columnIndex);\r\n            wasNull = expr.isNull();\r\n            if(wasNull) return null;\r\n            return new Timestamp(DateTime.addDateTimeOffset( expr.getLong(), cal.getTimeZone() ));\r\n        }catch(Exception e){\r\n            throw SmallSQLException.createFromException( e );\r\n        }\r\n    }","location":{"offset":[26831,533],"column":4,"row":798,"file":"smallsql0.21_src/src/smallsql/database/SSResultSet.java"},"clone_class":"6607a3bb-dd41-4907-a901-bd46a9604880","pairs":[{"type":2,"id":"41b462de-b671-4722-8142-dc4a318dd6c2"},{"type":2,"id":"c6371397-0046-419a-9f0c-861716885d49"}],"id":"095d2709-6574-4435-bfb3-1d99e4899b31"}]