[{"src":"|project://smallsql0.21_src/src/smallsql/junit/TestLanguage.java|(7050,309,<237,3>,<245,4>)","metadata":{"length":9,"sloc":8,"mass":43},"fragment":"if (diff.size() > 0) {\r\n\t\t\t\tfailed = true;\r\n                msgBuf.append(\"\\nMissing entries for language \").append( OTHER_LANGUAGES[i] ).append(\": \");\r\n\t\t\t\t\r\n\t\t\t\tfor (Iterator itr = diff.iterator(); itr.hasNext(); ) {\r\n\t\t\t\t\tmsgBuf.append(itr.next());\r\n\t\t\t\t\tif (itr.hasNext()) msgBuf.append(',');\r\n\t\t\t\t}\r\n\t\t\t}","location":{"offset":[7050,309],"column":3,"row":237,"file":"smallsql0.21_src/src/smallsql/junit/TestLanguage.java"},"clone_class":"a23a7441-599b-484f-877a-c44eb22fa801","pairs":[{"type":2,"id":"c052577d-f99f-44b0-a0b6-c80d7e81ddfc"}],"id":"4eba2c90-6a7a-4e88-bb5d-fa322ab624ed"},{"src":"|project://smallsql0.21_src/src/smallsql/junit/TestLanguage.java|(7526,399,<251,12>,<259,13>)","metadata":{"length":9,"sloc":8,"mass":43},"fragment":"if (diff.size() > 0) {\r\n                failed = true;\r\n                msgBuf.append(\"\\nAdditional entries for language \").append( OTHER_LANGUAGES[i] ).append(\": \");\r\n                \r\n                for (Iterator itr = diff.iterator(); itr.hasNext(); ) {\r\n                    msgBuf.append(itr.next());\r\n                    if (itr.hasNext()) msgBuf.append(',');\r\n                }\r\n            }","location":{"offset":[7526,399],"column":12,"row":251,"file":"smallsql0.21_src/src/smallsql/junit/TestLanguage.java"},"clone_class":"a23a7441-599b-484f-877a-c44eb22fa801","pairs":[{"type":2,"id":"4eba2c90-6a7a-4e88-bb5d-fa322ab624ed"}],"id":"c052577d-f99f-44b0-a0b6-c80d7e81ddfc"}]