[{"src":"|project://smallsql0.21_src/src/smallsql/database/SSCallableStatement.java|(5229,375,<144,4>,<153,5>)","metadata":{"length":10,"sloc":10,"mass":43},"fragment":"public BigDecimal getBigDecimal(int i, int scale) throws SQLException {\r\n        try{\r\n            MutableNumeric obj = getValue(i).getNumeric();\r\n            wasNull = obj == null;\r\n            if(wasNull) return null;\r\n            return obj.toBigDecimal(scale);\r\n        }catch(Exception e){\r\n            throw SmallSQLException.createFromException( e );\r\n        }\r\n    }","location":{"offset":[5229,375],"column":4,"row":144,"file":"smallsql0.21_src/src/smallsql/database/SSCallableStatement.java"},"clone_class":"9bfa3a9e-fff4-46d9-b510-bad7ae2bef74","pairs":[{"type":2,"id":"3763876c-5f39-4212-8657-6bae67acbd59"}],"id":"78015a3e-4a67-45ab-b378-733d1d176158"},{"src":"|project://smallsql0.21_src/src/smallsql/database/SSResultSet.java|(5079,395,<149,4>,<158,5>)","metadata":{"length":10,"sloc":10,"mass":43},"fragment":"public BigDecimal getBigDecimal(int columnIndex, int scale) throws SQLException {\r\n        try{\r\n            MutableNumeric obj = getValue(columnIndex).getNumeric();\r\n            wasNull = obj == null;\r\n            if(wasNull) return null;\r\n            return obj.toBigDecimal(scale);\r\n        }catch(Exception e){\r\n            throw SmallSQLException.createFromException( e );\r\n        }\r\n    }","location":{"offset":[5079,395],"column":4,"row":149,"file":"smallsql0.21_src/src/smallsql/database/SSResultSet.java"},"clone_class":"9bfa3a9e-fff4-46d9-b510-bad7ae2bef74","pairs":[{"type":2,"id":"78015a3e-4a67-45ab-b378-733d1d176158"}],"id":"3763876c-5f39-4212-8657-6bae67acbd59"}]