[{"src":"|project://smallsql0.21_src/src/smallsql/database/SSDatabaseMetaData.java|(21683,369,<835,3>,<835,372>)","metadata":{"length":1,"sloc":1,"mass":47},"fragment":"{SQLTokenizer.getKeyWord(SQLTokenizer.TINYINT),         Utils.getShort(SQLTokenizer.getSQLDataType( SQLTokenizer.TINYINT) ),         Utils.getInteger(3),      \tnull, null, null, \t\t\t\tUtils.getShort(typeNullable), Boolean.FALSE, Utils.getShort(typeSearchable), Boolean.TRUE,  Boolean.FALSE, Boolean.FALSE, null, Utils.getInteger(0), Utils.getInteger(0), null, null, null}","location":{"offset":[21683,369],"column":3,"row":835,"file":"smallsql0.21_src/src/smallsql/database/SSDatabaseMetaData.java"},"clone_class":"15f5ca2b-dd30-45f8-b60f-923b0b18f397","pairs":[{"type":2,"id":"b12203e2-910b-4f19-837e-afd0b25b0fd5"},{"type":2,"id":"51d959d6-aa32-4908-a8db-94b6c0a43135"},{"type":2,"id":"79e8e056-98e1-417f-a90c-d730bb468569"},{"type":2,"id":"aa1145dd-f443-4a13-8f1b-bd83a74e0f86"},{"type":2,"id":"1af0a42f-3027-456a-9a59-7802ecc961cf"},{"type":2,"id":"38ae9ae5-60a9-40aa-8414-e9944dbefaa5"},{"type":2,"id":"64344a70-389a-42a4-ba8d-f3a54f386b49"},{"type":2,"id":"04a6bc22-7201-459a-b815-1f383f6e8812"}],"id":"403022aa-d38e-4902-9a19-75e6dd911e74"},{"src":"|project://smallsql0.21_src/src/smallsql/database/SSDatabaseMetaData.java|(26803,369,<849,3>,<849,372>)","metadata":{"length":1,"sloc":1,"mass":47},"fragment":"{SQLTokenizer.getKeyWord(SQLTokenizer.SMALLINT),        Utils.getShort(SQLTokenizer.getSQLDataType( SQLTokenizer.SMALLINT) ),        Utils.getInteger(5),      \tnull, null, null, \t\t\t\tUtils.getShort(typeNullable), Boolean.FALSE, Utils.getShort(typeSearchable), Boolean.FALSE, Boolean.FALSE, Boolean.FALSE, null, Utils.getInteger(0), Utils.getInteger(0), null, null, null}","location":{"offset":[26803,369],"column":3,"row":849,"file":"smallsql0.21_src/src/smallsql/database/SSDatabaseMetaData.java"},"clone_class":"15f5ca2b-dd30-45f8-b60f-923b0b18f397","pairs":[{"type":2,"id":"403022aa-d38e-4902-9a19-75e6dd911e74"},{"type":2,"id":"51d959d6-aa32-4908-a8db-94b6c0a43135"},{"type":2,"id":"79e8e056-98e1-417f-a90c-d730bb468569"},{"type":2,"id":"aa1145dd-f443-4a13-8f1b-bd83a74e0f86"},{"type":2,"id":"1af0a42f-3027-456a-9a59-7802ecc961cf"},{"type":2,"id":"38ae9ae5-60a9-40aa-8414-e9944dbefaa5"},{"type":2,"id":"64344a70-389a-42a4-ba8d-f3a54f386b49"},{"type":2,"id":"04a6bc22-7201-459a-b815-1f383f6e8812"}],"id":"b12203e2-910b-4f19-837e-afd0b25b0fd5"},{"src":"|project://smallsql0.21_src/src/smallsql/database/SSDatabaseMetaData.java|(22058,369,<836,3>,<836,372>)","metadata":{"length":1,"sloc":1,"mass":47},"fragment":"{SQLTokenizer.getKeyWord(SQLTokenizer.BIGINT),          Utils.getShort(SQLTokenizer.getSQLDataType( SQLTokenizer.BIGINT) ),          Utils.getInteger(19),     \tnull, null, null, \t\t\t\tUtils.getShort(typeNullable), Boolean.FALSE, Utils.getShort(typeSearchable), Boolean.FALSE, Boolean.FALSE, Boolean.FALSE, null, Utils.getInteger(0), Utils.getInteger(0), null, null, null}","location":{"offset":[22058,369],"column":3,"row":836,"file":"smallsql0.21_src/src/smallsql/database/SSDatabaseMetaData.java"},"clone_class":"15f5ca2b-dd30-45f8-b60f-923b0b18f397","pairs":[{"type":2,"id":"403022aa-d38e-4902-9a19-75e6dd911e74"},{"type":2,"id":"b12203e2-910b-4f19-837e-afd0b25b0fd5"},{"type":2,"id":"79e8e056-98e1-417f-a90c-d730bb468569"},{"type":2,"id":"aa1145dd-f443-4a13-8f1b-bd83a74e0f86"},{"type":2,"id":"1af0a42f-3027-456a-9a59-7802ecc961cf"},{"type":2,"id":"38ae9ae5-60a9-40aa-8414-e9944dbefaa5"},{"type":2,"id":"64344a70-389a-42a4-ba8d-f3a54f386b49"},{"type":2,"id":"04a6bc22-7201-459a-b815-1f383f6e8812"}],"id":"51d959d6-aa32-4908-a8db-94b6c0a43135"},{"src":"|project://smallsql0.21_src/src/smallsql/database/SSDatabaseMetaData.java|(26053,369,<847,3>,<847,372>)","metadata":{"length":1,"sloc":1,"mass":47},"fragment":"{SQLTokenizer.getKeyWord(SQLTokenizer.SMALLMONEY),      Utils.getShort(SQLTokenizer.getSQLDataType( SQLTokenizer.SMALLMONEY) ),      Utils.getInteger(10),     \tnull, null, null, \t\t\t\tUtils.getShort(typeNullable), Boolean.FALSE, Utils.getShort(typeSearchable), Boolean.FALSE, Boolean.FALSE, Boolean.FALSE, null, Utils.getInteger(4), Utils.getInteger(4), null, null, null}","location":{"offset":[26053,369],"column":3,"row":847,"file":"smallsql0.21_src/src/smallsql/database/SSDatabaseMetaData.java"},"clone_class":"15f5ca2b-dd30-45f8-b60f-923b0b18f397","pairs":[{"type":2,"id":"403022aa-d38e-4902-9a19-75e6dd911e74"},{"type":2,"id":"b12203e2-910b-4f19-837e-afd0b25b0fd5"},{"type":2,"id":"51d959d6-aa32-4908-a8db-94b6c0a43135"},{"type":2,"id":"aa1145dd-f443-4a13-8f1b-bd83a74e0f86"},{"type":2,"id":"1af0a42f-3027-456a-9a59-7802ecc961cf"},{"type":2,"id":"38ae9ae5-60a9-40aa-8414-e9944dbefaa5"},{"type":2,"id":"64344a70-389a-42a4-ba8d-f3a54f386b49"},{"type":2,"id":"04a6bc22-7201-459a-b815-1f383f6e8812"}],"id":"79e8e056-98e1-417f-a90c-d730bb468569"},{"src":"|project://smallsql0.21_src/src/smallsql/database/SSDatabaseMetaData.java|(27178,369,<850,3>,<850,372>)","metadata":{"length":1,"sloc":1,"mass":47},"fragment":"{SQLTokenizer.getKeyWord(SQLTokenizer.FLOAT),        \t Utils.getShort(SQLTokenizer.getSQLDataType( SQLTokenizer.FLOAT) ),           Utils.getInteger(15),      \tnull, null, null, \t\t\t\tUtils.getShort(typeNullable), Boolean.FALSE, Utils.getShort(typeSearchable), Boolean.FALSE, Boolean.FALSE, Boolean.FALSE, null, Utils.getInteger(0), Utils.getInteger(0), null, null, null}","location":{"offset":[27178,369],"column":3,"row":850,"file":"smallsql0.21_src/src/smallsql/database/SSDatabaseMetaData.java"},"clone_class":"15f5ca2b-dd30-45f8-b60f-923b0b18f397","pairs":[{"type":2,"id":"403022aa-d38e-4902-9a19-75e6dd911e74"},{"type":2,"id":"b12203e2-910b-4f19-837e-afd0b25b0fd5"},{"type":2,"id":"51d959d6-aa32-4908-a8db-94b6c0a43135"},{"type":2,"id":"79e8e056-98e1-417f-a90c-d730bb468569"},{"type":2,"id":"1af0a42f-3027-456a-9a59-7802ecc961cf"},{"type":2,"id":"38ae9ae5-60a9-40aa-8414-e9944dbefaa5"},{"type":2,"id":"64344a70-389a-42a4-ba8d-f3a54f386b49"},{"type":2,"id":"04a6bc22-7201-459a-b815-1f383f6e8812"}],"id":"aa1145dd-f443-4a13-8f1b-bd83a74e0f86"},{"src":"|project://smallsql0.21_src/src/smallsql/database/SSDatabaseMetaData.java|(25678,369,<846,3>,<846,372>)","metadata":{"length":1,"sloc":1,"mass":47},"fragment":"{SQLTokenizer.getKeyWord(SQLTokenizer.MONEY),           Utils.getShort(SQLTokenizer.getSQLDataType( SQLTokenizer.MONEY) ),           Utils.getInteger(19),     \tnull, null, null, \t\t\t\tUtils.getShort(typeNullable), Boolean.FALSE, Utils.getShort(typeSearchable), Boolean.FALSE, Boolean.FALSE, Boolean.FALSE, null, Utils.getInteger(4), Utils.getInteger(4), null, null, null}","location":{"offset":[25678,369],"column":3,"row":846,"file":"smallsql0.21_src/src/smallsql/database/SSDatabaseMetaData.java"},"clone_class":"15f5ca2b-dd30-45f8-b60f-923b0b18f397","pairs":[{"type":2,"id":"403022aa-d38e-4902-9a19-75e6dd911e74"},{"type":2,"id":"b12203e2-910b-4f19-837e-afd0b25b0fd5"},{"type":2,"id":"51d959d6-aa32-4908-a8db-94b6c0a43135"},{"type":2,"id":"79e8e056-98e1-417f-a90c-d730bb468569"},{"type":2,"id":"aa1145dd-f443-4a13-8f1b-bd83a74e0f86"},{"type":2,"id":"38ae9ae5-60a9-40aa-8414-e9944dbefaa5"},{"type":2,"id":"64344a70-389a-42a4-ba8d-f3a54f386b49"},{"type":2,"id":"04a6bc22-7201-459a-b815-1f383f6e8812"}],"id":"1af0a42f-3027-456a-9a59-7802ecc961cf"},{"src":"|project://smallsql0.21_src/src/smallsql/database/SSDatabaseMetaData.java|(26428,369,<848,3>,<848,372>)","metadata":{"length":1,"sloc":1,"mass":47},"fragment":"{SQLTokenizer.getKeyWord(SQLTokenizer.INT),             Utils.getShort(SQLTokenizer.getSQLDataType( SQLTokenizer.INT) ),             Utils.getInteger(10),     \tnull, null, null, \t\t\t\tUtils.getShort(typeNullable), Boolean.FALSE, Utils.getShort(typeSearchable), Boolean.FALSE, Boolean.FALSE, Boolean.FALSE, null, Utils.getInteger(0), Utils.getInteger(0), null, null, null}","location":{"offset":[26428,369],"column":3,"row":848,"file":"smallsql0.21_src/src/smallsql/database/SSDatabaseMetaData.java"},"clone_class":"15f5ca2b-dd30-45f8-b60f-923b0b18f397","pairs":[{"type":2,"id":"403022aa-d38e-4902-9a19-75e6dd911e74"},{"type":2,"id":"b12203e2-910b-4f19-837e-afd0b25b0fd5"},{"type":2,"id":"51d959d6-aa32-4908-a8db-94b6c0a43135"},{"type":2,"id":"79e8e056-98e1-417f-a90c-d730bb468569"},{"type":2,"id":"aa1145dd-f443-4a13-8f1b-bd83a74e0f86"},{"type":2,"id":"1af0a42f-3027-456a-9a59-7802ecc961cf"},{"type":2,"id":"64344a70-389a-42a4-ba8d-f3a54f386b49"},{"type":2,"id":"04a6bc22-7201-459a-b815-1f383f6e8812"}],"id":"38ae9ae5-60a9-40aa-8414-e9944dbefaa5"},{"src":"|project://smallsql0.21_src/src/smallsql/database/SSDatabaseMetaData.java|(27553,366,<851,3>,<851,369>)","metadata":{"length":1,"sloc":1,"mass":47},"fragment":"{SQLTokenizer.getKeyWord(SQLTokenizer.REAL),        \t Utils.getShort(SQLTokenizer.getSQLDataType( SQLTokenizer.REAL) ),        \t  Utils.getInteger(7),      \tnull, null, null, \t\t\t\tUtils.getShort(typeNullable), Boolean.FALSE, Utils.getShort(typeSearchable), Boolean.FALSE, Boolean.FALSE, Boolean.FALSE, null, Utils.getInteger(0), Utils.getInteger(0), null, null, null}","location":{"offset":[27553,366],"column":3,"row":851,"file":"smallsql0.21_src/src/smallsql/database/SSDatabaseMetaData.java"},"clone_class":"15f5ca2b-dd30-45f8-b60f-923b0b18f397","pairs":[{"type":2,"id":"403022aa-d38e-4902-9a19-75e6dd911e74"},{"type":2,"id":"b12203e2-910b-4f19-837e-afd0b25b0fd5"},{"type":2,"id":"51d959d6-aa32-4908-a8db-94b6c0a43135"},{"type":2,"id":"79e8e056-98e1-417f-a90c-d730bb468569"},{"type":2,"id":"aa1145dd-f443-4a13-8f1b-bd83a74e0f86"},{"type":2,"id":"1af0a42f-3027-456a-9a59-7802ecc961cf"},{"type":2,"id":"38ae9ae5-60a9-40aa-8414-e9944dbefaa5"},{"type":2,"id":"04a6bc22-7201-459a-b815-1f383f6e8812"}],"id":"64344a70-389a-42a4-ba8d-f3a54f386b49"},{"src":"|project://smallsql0.21_src/src/smallsql/database/SSDatabaseMetaData.java|(27925,370,<852,3>,<852,373>)","metadata":{"length":1,"sloc":1,"mass":47},"fragment":"{SQLTokenizer.getKeyWord(SQLTokenizer.DOUBLE),          Utils.getShort(SQLTokenizer.getSQLDataType( SQLTokenizer.DOUBLE) ),          Utils.getInteger(15),      \tnull, null, null, \t\t\t\tUtils.getShort(typeNullable), Boolean.FALSE, Utils.getShort(typeSearchable), Boolean.FALSE, Boolean.FALSE, Boolean.FALSE, null, Utils.getInteger(0), Utils.getInteger(0), null, null, null}","location":{"offset":[27925,370],"column":3,"row":852,"file":"smallsql0.21_src/src/smallsql/database/SSDatabaseMetaData.java"},"clone_class":"15f5ca2b-dd30-45f8-b60f-923b0b18f397","pairs":[{"type":2,"id":"403022aa-d38e-4902-9a19-75e6dd911e74"},{"type":2,"id":"b12203e2-910b-4f19-837e-afd0b25b0fd5"},{"type":2,"id":"51d959d6-aa32-4908-a8db-94b6c0a43135"},{"type":2,"id":"79e8e056-98e1-417f-a90c-d730bb468569"},{"type":2,"id":"aa1145dd-f443-4a13-8f1b-bd83a74e0f86"},{"type":2,"id":"1af0a42f-3027-456a-9a59-7802ecc961cf"},{"type":2,"id":"38ae9ae5-60a9-40aa-8414-e9944dbefaa5"},{"type":2,"id":"64344a70-389a-42a4-ba8d-f3a54f386b49"}],"id":"04a6bc22-7201-459a-b815-1f383f6e8812"}]