[{"src":"|project://smallsql0.21_src/src/smallsql/database/View.java|(4310,265,<137,1>,<144,2>)","metadata":{"length":8,"sloc":8,"mass":33},"fragment":"@Override\r\n    void writeMagic(FileChannel raFile) throws Exception{\r\n        ByteBuffer buffer = ByteBuffer.allocate(8);\r\n        buffer.putInt(MAGIC_VIEW);\r\n        buffer.putInt(TABLE_VIEW_VERSION);\r\n        buffer.position(0);\r\n        raFile.write(buffer);\r\n\t}","location":{"offset":[4310,265],"column":1,"row":137,"file":"smallsql0.21_src/src/smallsql/database/View.java"},"clone_class":"04c0d86e-3c61-47a3-ad13-a831309ae725","pairs":[{"type":2,"id":"3f1be64f-fb80-4560-bb5d-30ae694bf7ae"},{"type":2,"id":"cbb3b1d6-8721-4307-9072-c376cdaefe91"}],"id":"b33f7e66-67a4-4d75-a193-9e744bd094c2"},{"src":"|project://smallsql0.21_src/src/smallsql/database/IndexDescription.java|(6808,245,<213,1>,<219,2>)","metadata":{"length":7,"sloc":7,"mass":33},"fragment":"private final void writeMagic(FileChannel raFile) throws Exception{\r\n\t    ByteBuffer buffer = ByteBuffer.allocate(8);\r\n\t    buffer.putInt(MAGIC_INDEX);\r\n\t    buffer.putInt(INDEX_VERSION);\r\n\t    buffer.position(0);\r\n\t    raFile.write(buffer);\r\n\t}","location":{"offset":[6808,245],"column":1,"row":213,"file":"smallsql0.21_src/src/smallsql/database/IndexDescription.java"},"clone_class":"04c0d86e-3c61-47a3-ad13-a831309ae725","pairs":[{"type":2,"id":"b33f7e66-67a4-4d75-a193-9e744bd094c2"},{"type":2,"id":"cbb3b1d6-8721-4307-9072-c376cdaefe91"}],"id":"3f1be64f-fb80-4560-bb5d-30ae694bf7ae"},{"src":"|project://smallsql0.21_src/src/smallsql/database/Table.java|(7421,266,<220,1>,<227,2>)","metadata":{"length":8,"sloc":8,"mass":33},"fragment":"@Override\r\n    void writeMagic(FileChannel raFile) throws Exception{\r\n        ByteBuffer buffer = ByteBuffer.allocate(8);\r\n        buffer.putInt(MAGIC_TABLE);\r\n        buffer.putInt(TABLE_VIEW_VERSION);\r\n        buffer.position(0);\r\n        raFile.write(buffer);\r\n\t}","location":{"offset":[7421,266],"column":1,"row":220,"file":"smallsql0.21_src/src/smallsql/database/Table.java"},"clone_class":"04c0d86e-3c61-47a3-ad13-a831309ae725","pairs":[{"type":2,"id":"b33f7e66-67a4-4d75-a193-9e744bd094c2"},{"type":2,"id":"3f1be64f-fb80-4560-bb5d-30ae694bf7ae"}],"id":"cbb3b1d6-8721-4307-9072-c376cdaefe91"}]