[{"src":"|project://smallsql0.21_src/src/smallsql/junit/TestAlterTable2.java|(498,610,<29,4>,<38,5>)","metadata":{"length":10,"sloc":10,"mass":78},"fragment":"public void testWithPrimaryKey() throws Exception{\r\n        Connection con = AllTests.getConnection();\r\n        Statement st = con.createStatement();\r\n        st.execute(\"create table \"+table+\" (keyField varchar(2) primary key)\");\r\n        st.execute(\"alter table \"+table+\" add anotherField varchar(4)\");\r\n        ResultSet rs = st.executeQuery(\"Select * From \" + table);\r\n        assertRSMetaData( rs, new String[]{\"keyField\", \"anotherField\"},  new int[]{Types.VARCHAR, Types.VARCHAR} );\r\n        rs = con.getMetaData().getIndexInfo( null, null, table, false, false );\r\n        assertRowCount( 1, rs );\r\n    }","location":{"offset":[498,610],"column":4,"row":29,"file":"smallsql0.21_src/src/smallsql/junit/TestAlterTable2.java"},"clone_class":"4f07e033-39af-4b4e-b537-0cd75c840c4a","pairs":[{"type":2,"id":"12627bc5-bb41-493c-a3f6-2c2b28d2fd69"},{"type":2,"id":"aff1bd0e-f8df-4555-94e6-5f6e1c8bbbd3"}],"id":"d9d7f634-5656-4888-8181-41f733f5a270"},{"src":"|project://smallsql0.21_src/src/smallsql/junit/TestAlterTable2.java|(2472,575,<71,4>,<80,5>)","metadata":{"length":10,"sloc":10,"mass":78},"fragment":"public void testAdd2Keys() throws Exception{\r\n        Connection con = AllTests.getConnection();\r\n        Statement st = con.createStatement();\r\n        st.execute(\"create table \"+table+\" (a varchar(2) unique)\");\r\n        st.execute(\"alter table \"+table+\" add b varchar(4) primary key\");\r\n        ResultSet rs = st.executeQuery(\"Select * From \" + table);\r\n        assertRSMetaData( rs, new String[]{\"a\", \"b\"},  new int[]{Types.VARCHAR, Types.VARCHAR} );\r\n        rs = con.getMetaData().getIndexInfo( null, null, table, false, false );\r\n        assertRowCount( 2, rs );\r\n    }","location":{"offset":[2472,575],"column":4,"row":71,"file":"smallsql0.21_src/src/smallsql/junit/TestAlterTable2.java"},"clone_class":"4f07e033-39af-4b4e-b537-0cd75c840c4a","pairs":[{"type":2,"id":"d9d7f634-5656-4888-8181-41f733f5a270"},{"type":2,"id":"aff1bd0e-f8df-4555-94e6-5f6e1c8bbbd3"}],"id":"12627bc5-bb41-493c-a3f6-2c2b28d2fd69"},{"src":"|project://smallsql0.21_src/src/smallsql/junit/TestAlterTable2.java|(1126,573,<41,4>,<50,5>)","metadata":{"length":10,"sloc":10,"mass":78},"fragment":"public void testAddPrimaryKey() throws Exception{\r\n        Connection con = AllTests.getConnection();\r\n        Statement st = con.createStatement();\r\n        st.execute(\"create table \"+table+\" (a varchar(2))\");\r\n        st.execute(\"alter table \"+table+\" add b varchar(4) primary key\");\r\n        ResultSet rs = st.executeQuery(\"Select * From \" + table);\r\n        assertRSMetaData( rs, new String[]{\"a\", \"b\"},  new int[]{Types.VARCHAR, Types.VARCHAR} );\r\n        rs = con.getMetaData().getIndexInfo( null, null, table, false, false );\r\n        assertRowCount( 1, rs );\r\n    }","location":{"offset":[1126,573],"column":4,"row":41,"file":"smallsql0.21_src/src/smallsql/junit/TestAlterTable2.java"},"clone_class":"4f07e033-39af-4b4e-b537-0cd75c840c4a","pairs":[{"type":2,"id":"d9d7f634-5656-4888-8181-41f733f5a270"},{"type":2,"id":"12627bc5-bb41-493c-a3f6-2c2b28d2fd69"}],"id":"aff1bd0e-f8df-4555-94e6-5f6e1c8bbbd3"}]