[{"src":"|project://smallsql0.21_src/src/smallsql/junit/TestDBMetaData.java|(8442,274,<183,8>,<183,282>)","metadata":{"length":1,"sloc":1,"mass":60},"fragment":"int[] colTypes = {Types.VARCHAR, Types.NULL, Types.VARCHAR, Types.VARCHAR, Types.SMALLINT, Types.VARCHAR, Types.INTEGER, Types.NULL, Types.INTEGER, Types.INTEGER, Types.INTEGER, Types.NULL, Types.VARCHAR, Types.NULL, Types.NULL, Types.INTEGER, Types.INTEGER, Types.VARCHAR};","location":{"offset":[8442,274],"column":8,"row":183,"file":"smallsql0.21_src/src/smallsql/junit/TestDBMetaData.java"},"clone_class":"759aa3b2-4d93-44ec-a295-8fad0fb93897","pairs":[{"type":2,"id":"3f9b95f7-a497-4216-b73f-dcd825db341e"}],"id":"5245517b-705a-4bc1-829d-2f7b04a8434d"},{"src":"|project://smallsql0.21_src/src/smallsql/junit/TestDBMetaData.java|(10017,280,<211,8>,<211,288>)","metadata":{"length":1,"sloc":1,"mass":60},"fragment":"int[] colTypes = {Types.VARCHAR, Types.SMALLINT, Types.INTEGER, Types.VARCHAR, Types.VARCHAR, Types.VARCHAR, Types.SMALLINT, Types.BOOLEAN, Types.SMALLINT, Types.BOOLEAN, Types.BOOLEAN, Types.BOOLEAN, Types.NULL, Types.INTEGER, Types.INTEGER, Types.NULL, Types.NULL, Types.NULL };","location":{"offset":[10017,280],"column":8,"row":211,"file":"smallsql0.21_src/src/smallsql/junit/TestDBMetaData.java"},"clone_class":"759aa3b2-4d93-44ec-a295-8fad0fb93897","pairs":[{"type":2,"id":"5245517b-705a-4bc1-829d-2f7b04a8434d"}],"id":"3f9b95f7-a497-4216-b73f-dcd825db341e"}]