[{"src":"|project://smallsql0.21_src/src/smallsql/database/ExpressionName.java|(2050,284,<64,4>,<72,5>)","metadata":{"length":9,"sloc":6,"mass":35},"fragment":"/**\r\n     * Is used in GroupResult.\r\n     */\r\n    public boolean equals(Object expr){\r\n    \tif(!super.equals(expr)) return false;\r\n    \tif(!(expr instanceof ExpressionName)) return false;\r\n    \tif( ((ExpressionName)expr).fromEntry != fromEntry) return false;\r\n    \treturn true;\r\n    }","location":{"offset":[2050,284],"column":4,"row":64,"file":"smallsql0.21_src/src/smallsql/database/ExpressionName.java"},"clone_class":"8306396e-df6e-4b18-a15a-75f6e5f16420","pairs":[{"type":2,"id":"d3a59711-f5f7-40be-8424-e1103de26099"}],"id":"58b67e7a-b424-4e76-a391-9f39bed983b1"},{"src":"|project://smallsql0.21_src/src/smallsql/database/ExpressionArithmetic.java|(5094,272,<163,1>,<171,2>)","metadata":{"length":9,"sloc":6,"mass":35},"fragment":"/**\r\n\t * Is used in GroupResult.\r\n\t */\r\n\tpublic boolean equals(Object expr){\r\n\t\tif(!super.equals(expr)) return false;\r\n\t\tif(!(expr instanceof ExpressionArithmetic)) return false;\r\n\t\tif( ((ExpressionArithmetic)expr).operation != operation) return false;\r\n\t\treturn true;\r\n\t}","location":{"offset":[5094,272],"column":1,"row":163,"file":"smallsql0.21_src/src/smallsql/database/ExpressionArithmetic.java"},"clone_class":"8306396e-df6e-4b18-a15a-75f6e5f16420","pairs":[{"type":2,"id":"58b67e7a-b424-4e76-a391-9f39bed983b1"}],"id":"d3a59711-f5f7-40be-8424-e1103de26099"}]