[{"src":"|project://smallsql0.21_src/src/smallsql/junit/TestOrderBy.java|(19244,808,<729,1>,<757,2>)","metadata":{"length":29,"sloc":23,"mass":108},"fragment":"public void testOrderBy_ScollableDesc() throws Exception{\r\n\t\tinit();\r\n\t\tConnection con = AllTests.getConnection();\r\n\t\tStatement st = con.createStatement(ResultSet.TYPE_SCROLL_SENSITIVE, ResultSet.CONCUR_UPDATABLE);\r\n\t\tResultSet rs;\r\n\t\tint count;\r\n\t\t\r\n\t\trs = st.executeQuery(\"SELECT * FROM \" + table1 + \" ORDER  by i desc, d\");\r\n\t\t\r\n\t\t//jetzt irgendwo in die Mitte scrollen\r\n\t\trs.next();\r\n\t\trs.next();\r\n\t\trs.previous(); //dann soll der Zeiger nicht am Ende des bereits gefetchten stehen\r\n\t\t\r\n\t\trs.last();\r\n\t\tcount = 0;\r\n\t\twhile(rs.previous()) count++;\t\t\r\n\t\tassertEquals( valueCount, count );\r\n\r\n\t\trs.beforeFirst();\r\n\t\tcount = -1;\r\n\t\twhile(rs.next()) count++;\t\t\r\n\t\tassertEquals( valueCount, count );\r\n\r\n\t\trs.beforeFirst();\r\n\t\tcount = -1;\r\n\t\twhile(rs.next()) count++;\t\t\r\n\t\tassertEquals( valueCount, count );\r\n\t}","location":{"offset":[19244,808],"column":1,"row":729,"file":"smallsql0.21_src/src/smallsql/junit/TestOrderBy.java"},"clone_class":"80e05fce-d5cd-4b59-bb13-5554e2b0fc98","pairs":[{"type":2,"id":"39576264-44b9-4d0c-8fde-b45502b9570c"}],"id":"7a82d2a2-d744-4045-baa6-222c0b91cc0e"},{"src":"|project://smallsql0.21_src/src/smallsql/junit/TestOrderBy.java|(18440,796,<698,1>,<726,2>)","metadata":{"length":29,"sloc":23,"mass":108},"fragment":"public void testOrderBy_Scollable() throws Exception{\r\n\t\tinit();\r\n\t\tConnection con = AllTests.getConnection();\r\n\t\tStatement st = con.createStatement(ResultSet.TYPE_SCROLL_SENSITIVE, ResultSet.CONCUR_UPDATABLE);\r\n\t\tResultSet rs;\r\n\t\tint count;\r\n\t\t\r\n\t\trs = st.executeQuery(\"SELECT * FROM \" + table1 + \" ORDER  by v\");\r\n\t\t\r\n\t\t//jetzt irgendwo in die Mitte scrollen\r\n\t\trs.next();\r\n\t\trs.next();\r\n\t\trs.previous(); //dann soll der Zeiger nicht am Ende des bereits gefetchten stehen\r\n\t\t\r\n\t\trs.last();\r\n\t\tcount = 0;\r\n\t\twhile(rs.previous()) count++;\t\t\r\n\t\tassertEquals( valueCount, count );\r\n\r\n\t\trs.beforeFirst();\r\n\t\tcount = -1;\r\n\t\twhile(rs.next()) count++;\t\t\r\n\t\tassertEquals( valueCount, count );\r\n\r\n\t\trs.beforeFirst();\r\n\t\tcount = -1;\r\n\t\twhile(rs.next()) count++;\t\t\r\n\t\tassertEquals( valueCount, count );\r\n\t}","location":{"offset":[18440,796],"column":1,"row":698,"file":"smallsql0.21_src/src/smallsql/junit/TestOrderBy.java"},"clone_class":"80e05fce-d5cd-4b59-bb13-5554e2b0fc98","pairs":[{"type":2,"id":"7a82d2a2-d744-4045-baa6-222c0b91cc0e"}],"id":"39576264-44b9-4d0c-8fde-b45502b9570c"}]