[{"src":"|project://smallsql0.21_src/src/smallsql/database/ExpressionFunctionTruncate.java|(1768,188,<50,2>,<60,3>)","metadata":{"length":11,"sloc":11,"mass":46},"fragment":"if(places > 0){\r\n\t\t\tfor(int i=0; i<places; i++){\r\n\t\t\t\tfactor *= 10;\r\n\t\t\t}\r\n\t\t\tvalue *= factor;\r\n\t\t}else{\r\n\t\t\tfor(int i=0; i>places; i--){\r\n\t\t\t\tfactor *= 10;\r\n\t\t\t}\r\n\t\t\tvalue /= factor;\r\n\t\t}","location":{"offset":[1768,188],"column":2,"row":50,"file":"smallsql0.21_src/src/smallsql/database/ExpressionFunctionTruncate.java"},"clone_class":"a6a6e299-0c1e-4363-95d2-f500611f7a93","pairs":[{"type":1,"id":"9c50589a-9b54-4399-9a3d-8a51ea92a1f1"}],"id":"58277464-5e5b-4288-b465-f971571e1f23"},{"src":"|project://smallsql0.21_src/src/smallsql/database/ExpressionFunctionRound.java|(1759,188,<50,2>,<60,3>)","metadata":{"length":11,"sloc":11,"mass":46},"fragment":"if(places > 0){\r\n\t\t\tfor(int i=0; i<places; i++){\r\n\t\t\t\tfactor *= 10;\r\n\t\t\t}\r\n\t\t\tvalue *= factor;\r\n\t\t}else{\r\n\t\t\tfor(int i=0; i>places; i--){\r\n\t\t\t\tfactor *= 10;\r\n\t\t\t}\r\n\t\t\tvalue /= factor;\r\n\t\t}","location":{"offset":[1759,188],"column":2,"row":50,"file":"smallsql0.21_src/src/smallsql/database/ExpressionFunctionRound.java"},"clone_class":"a6a6e299-0c1e-4363-95d2-f500611f7a93","pairs":[{"type":1,"id":"58277464-5e5b-4288-b465-f971571e1f23"}],"id":"9c50589a-9b54-4399-9a3d-8a51ea92a1f1"}]