[{"src":"|project://smallsql0.21_src/src/smallsql/database/ExpressionFunctionRound.java|(1631,447,<45,45>,<68,5>)","metadata":{"length":24,"sloc":24,"mass":91},"fragment":"{\r\n\t\tif(isNull()) return 0;\r\n\t\tfinal int places = param2.getInt();\r\n\t\tdouble value = param1.getDouble();\r\n\t\tlong factor = 1;\r\n\t\tif(places > 0){\r\n\t\t\tfor(int i=0; i<places; i++){\r\n\t\t\t\tfactor *= 10;\r\n\t\t\t}\r\n\t\t\tvalue *= factor;\r\n\t\t}else{\r\n\t\t\tfor(int i=0; i>places; i--){\r\n\t\t\t\tfactor *= 10;\r\n\t\t\t}\r\n\t\t\tvalue /= factor;\r\n\t\t}\r\n\t\tvalue = Math.rint( value );\r\n\t\tif(places > 0){\r\n\t\t\tvalue /= factor;\r\n\t\t}else{\r\n\t\t\tvalue *= factor;\r\n\t\t}\r\n\t\treturn value;\r\n    }","location":{"offset":[1631,447],"column":45,"row":45,"file":"smallsql0.21_src/src/smallsql/database/ExpressionFunctionRound.java"},"clone_class":"3e3b241e-db57-4a87-8ef3-622e2e6e7faf","pairs":[{"type":3,"id":"942ac84a-14d9-4fea-acaf-ac230b97f530"},{"type":3,"id":"1fa1b28b-3782-48ca-9889-d9a8f7c8c74e"}],"id":"2a5f2911-48e4-45e7-9e8f-7ad6c416e7f4"},{"src":"|project://smallsql0.21_src/src/smallsql/database/ExpressionFunctionTruncate.java|(1599,529,<45,4>,<68,5>)","metadata":{"length":24,"sloc":24,"mass":95},"fragment":"final double getDouble() throws Exception{\r\n\t\tif(isNull()) return 0;\r\n\t\tfinal int places = param2.getInt();\r\n\t\tdouble value = param1.getDouble();\r\n\t\tlong factor = 1;\r\n\t\tif(places > 0){\r\n\t\t\tfor(int i=0; i<places; i++){\r\n\t\t\t\tfactor *= 10;\r\n\t\t\t}\r\n\t\t\tvalue *= factor;\r\n\t\t}else{\r\n\t\t\tfor(int i=0; i>places; i--){\r\n\t\t\t\tfactor *= 10;\r\n\t\t\t}\r\n\t\t\tvalue /= factor;\r\n\t\t}\r\n        value -= value % 1; //modulo also work with values larger long\r\n\t\tif(places > 0){\r\n\t\t\tvalue /= factor;\r\n\t\t}else{\r\n\t\t\tvalue *= factor;\r\n\t\t}\r\n\t\treturn value;\r\n    }","location":{"offset":[1599,529],"column":4,"row":45,"file":"smallsql0.21_src/src/smallsql/database/ExpressionFunctionTruncate.java"},"clone_class":"3e3b241e-db57-4a87-8ef3-622e2e6e7faf","pairs":[{"type":3,"id":"2a5f2911-48e4-45e7-9e8f-7ad6c416e7f4"},{"type":3,"id":"1fa1b28b-3782-48ca-9889-d9a8f7c8c74e"}],"id":"942ac84a-14d9-4fea-acaf-ac230b97f530"}]