[{"src":"|project://smallsql0.21_src/src/smallsql/database/Table.java|(18694,569,<532,6>,<551,7>)","metadata":{"length":20,"sloc":16,"mass":54},"fragment":"while(lock != null){\r\n\t\t\t\t\t\t\tif(lock == storePage){\r\n\t\t\t\t\t\t\t\t//lock entfernen\r\n\t\t\t\t\t\t\t\tif(lock == prev){\r\n\t\t\t\t\t\t\t\t\tif(lock.nextLock == null){\r\n\t\t\t\t\t\t\t\t\t\t// erste und einzige Lock in Liste\r\n\t\t\t\t\t\t\t\t\t\tlocks.remove(pageKey);\r\n\t\t\t\t\t\t\t\t\t}else{\r\n\t\t\t\t\t\t\t\t\t\t// the first lock in the list is removed\r\n\t\t\t\t\t\t\t\t\t\tlocks.put( pageKey, lock.nextLock );\r\n\t\t\t\t\t\t\t\t\t}\r\n\t\t\t\t\t\t\t\t}else{\r\n\t\t\t\t\t\t\t\t\t// a lock in the middle or end of the list is removed\r\n\t\t\t\t\t\t\t\t\tprev.nextLock = lock.nextLock;\r\n\t\t\t\t\t\t\t\t}\r\n\t\t\t\t\t\t\t\treturn;\r\n\t\t\t\t\t\t\t}\r\n\t\t\t\t\t\t\tprev = lock;\r\n\t\t\t\t\t\t\tlock = lock.nextLock;\r\n\t\t\t\t\t\t}","location":{"offset":[18694,569],"column":6,"row":532,"file":"smallsql0.21_src/src/smallsql/database/Table.java"},"clone_class":"07e01c8c-fdda-4841-a5ae-975e15937bd3","pairs":[{"type":3,"id":"e2e5a9be-2f7f-41d8-b4e1-f14d56049449"}],"id":"5a5bcc49-3b6c-4280-9646-2cc1fbcb70be"},{"src":"|project://smallsql0.21_src/src/smallsql/database/Table.java|(17914,569,<505,26>,<524,8>)","metadata":{"length":20,"sloc":16,"mass":51},"fragment":"{\r\n\t\t\t\t\t\t\t\tif(lock == storePage){\r\n\t\t\t\t\t\t\t\t\t//remove lock\r\n\t\t\t\t\t\t\t\t\tif(lock == prev){\r\n\t\t\t\t\t\t\t\t\t\tif(lock.nextLock == null){\r\n\t\t\t\t\t\t\t\t\t\t\t// the first lock is the only lock in the list\r\n\t\t\t\t\t\t\t\t\t\t\tlocksInsert.remove(i--);\r\n\t\t\t\t\t\t\t\t\t\t}else{\r\n\t\t\t\t\t\t\t\t\t\t\t// only the first lock of the list is remove\r\n\t\t\t\t\t\t\t\t\t\t\tlocksInsert.set( i, lock.nextLock );\r\n\t\t\t\t\t\t\t\t\t\t}\r\n\t\t\t\t\t\t\t\t\t}else{\r\n\t\t\t\t\t\t\t\t\t\t// a lock in the mid or end is removed\r\n\t\t\t\t\t\t\t\t\t\tprev.nextLock = lock.nextLock;\r\n\t\t\t\t\t\t\t\t\t}\r\n\t\t\t\t\t\t\t\t\treturn;\r\n\t\t\t\t\t\t\t\t}\r\n\t\t\t\t\t\t\t\tprev = lock;\r\n\t\t\t\t\t\t\t\tlock = lock.nextLock;\r\n\t\t\t\t\t\t\t}","location":{"offset":[17914,569],"column":26,"row":505,"file":"smallsql0.21_src/src/smallsql/database/Table.java"},"clone_class":"07e01c8c-fdda-4841-a5ae-975e15937bd3","pairs":[{"type":3,"id":"5a5bcc49-3b6c-4280-9646-2cc1fbcb70be"}],"id":"e2e5a9be-2f7f-41d8-b4e1-f14d56049449"}]