[{"src":"|project://smallsql0.21_src/src/smallsql/junit/TestScrollable.java|(1565,933,<45,2>,<60,3>)","metadata":{"length":16,"sloc":14,"mass":62},"fragment":"try{\t\t\t\r\n\t\t\tcon.createStatement().execute(\"Create Table Scrollable (i counter, v varchar(20))\");\r\n\t\t\tassertRowCount( 0, \"Select * from Scrollable\");\r\n\r\n\t\t\tcon.createStatement().execute(\"Insert Into Scrollable(v) Values('qwert')\");\r\n\t\t\tassertRowCount( 1, \"Select * from Scrollable\");\r\n\t\t\tassertRowCount( 0, \"Select * from Scrollable Where 1=0\");\r\n\r\n\t\t\tStatement st = con.createStatement(ResultSet.TYPE_SCROLL_SENSITIVE, ResultSet.CONCUR_UPDATABLE);\r\n            testLastWithWhereAssert( st.executeQuery(\"Select * from Scrollable Where 1=0\") );\r\n            testLastWithWhereAssert( st.executeQuery(\"Select * from Scrollable Where 1=0 Order By v\") );\r\n            testLastWithWhereAssert( st.executeQuery(\"Select v from Scrollable Where 1=0 Order By v\") );\r\n            testLastWithWhereAssert( st.executeQuery(\"Select v from Scrollable Where 1=0 Group By v Order By v\") );\r\n\t\t}finally{\r\n            dropTable( con, \"Scrollable\");\r\n\t\t}","location":{"offset":[1565,933],"column":2,"row":45,"file":"smallsql0.21_src/src/smallsql/junit/TestScrollable.java"},"clone_class":"d3c5501f-9d8c-4944-8b00-4c45d655776a","pairs":[{"type":3,"id":"d51d53ca-319f-4721-b12b-92b5b438fa90"}],"id":"5b56ed7d-aac1-44c3-878b-1414da04c34c"},{"src":"|project://smallsql0.21_src/src/smallsql/junit/TestScrollable.java|(7765,963,<184,2>,<199,3>)","metadata":{"length":16,"sloc":14,"mass":64},"fragment":"try{\t\t\t\r\n\t\t\tcon.createStatement().execute(\"Create Table Scrollable (i counter, v varchar(20))\");\r\n\t\t\tassertRowCount( 0, \"Select * from Scrollable\");\r\n\r\n\t\t\tcon.createStatement().execute(\"Insert Into Scrollable(v) Values('qwert1')\");\r\n\t\t\tcon.createStatement().execute(\"Insert Into Scrollable(v) Values('qwert2')\");\r\n\t\t\tcon.createStatement().execute(\"Insert Into Scrollable(v) Values('qwert3')\");\r\n\r\n            Statement st = con.createStatement(ResultSet.TYPE_SCROLL_SENSITIVE, ResultSet.CONCUR_UPDATABLE);\r\n            testAbsoluteRelativeAssert( st.executeQuery(\"Select * from Scrollable\") );\r\n            testAbsoluteRelativeAssert( st.executeQuery(\"Select * from Scrollable Order By i\") );\r\n            testAbsoluteRelativeAssert( st.executeQuery(\"Select v from Scrollable Group By v\") );\r\n            testAbsoluteRelativeAssert( st.executeQuery(\"Select v from Scrollable Group By v Order By v\") );\r\n\t\t}finally{\r\n            dropTable( con, \"Scrollable\");\r\n\t\t}","location":{"offset":[7765,963],"column":2,"row":184,"file":"smallsql0.21_src/src/smallsql/junit/TestScrollable.java"},"clone_class":"d3c5501f-9d8c-4944-8b00-4c45d655776a","pairs":[{"type":3,"id":"5b56ed7d-aac1-44c3-878b-1414da04c34c"}],"id":"d51d53ca-319f-4721-b12b-92b5b438fa90"}]