[{"src":"|project://smallsql0.21_src/src/smallsql/junit/TestExceptions.java|(3485,269,<76,4>,<83,5>)","metadata":{"length":8,"sloc":8,"mass":34},"fragment":"private void init() throws Exception{\r\n    \tif(init) return;\r\n\t\tConnection con = AllTests.getConnection();\r\n\t\tStatement st = con.createStatement();\r\n\t\tdropTable( con, \"exceptions\");\r\n\t\tst.execute(\"Create Table exceptions (c varchar(30), i int)\");\r\n\t\tinit = true;\r\n    }","location":{"offset":[3485,269],"column":4,"row":76,"file":"smallsql0.21_src/src/smallsql/junit/TestExceptions.java"},"clone_class":"0c2d50eb-7395-46c7-a853-c52ce6b375c0","pairs":[{"type":2,"id":"32aafb64-de72-41f5-b034-82f031002c23"}],"id":"efca95f1-60c7-4fc3-b9a9-11f9eda5a32d"},{"src":"|project://smallsql0.21_src/src/smallsql/junit/TestStatement.java|(1512,274,<48,4>,<55,5>)","metadata":{"length":8,"sloc":8,"mass":34},"fragment":"protected void setUp() throws Exception{\r\n    \tif(init) return;\r\n\t\tConnection con = AllTests.getConnection();\r\n\t\tStatement st = con.createStatement();\r\n\t\tdropTable( con, \"statement\");\r\n\t\tst.execute(\"Create Table statement (c varchar(30), i counter)\");\r\n\t\tinit = true;\r\n    }","location":{"offset":[1512,274],"column":4,"row":48,"file":"smallsql0.21_src/src/smallsql/junit/TestStatement.java"},"clone_class":"0c2d50eb-7395-46c7-a853-c52ce6b375c0","pairs":[{"type":2,"id":"efca95f1-60c7-4fc3-b9a9-11f9eda5a32d"}],"id":"32aafb64-de72-41f5-b034-82f031002c23"}]