[{"src":"|project://smallsql0.21_src/src/smallsql/junit/TestScrollable.java|(7663,1069,<182,1>,<200,2>)","metadata":{"length":19,"sloc":17,"mass":76},"fragment":"public void testAbsoluteRelative() throws Exception{\r\n\t\tConnection con = AllTests.getConnection();\r\n\t\ttry{\t\t\t\r\n\t\t\tcon.createStatement().execute(\"Create Table Scrollable (i counter, v varchar(20))\");\r\n\t\t\tassertRowCount( 0, \"Select * from Scrollable\");\r\n\r\n\t\t\tcon.createStatement().execute(\"Insert Into Scrollable(v) Values('qwert1')\");\r\n\t\t\tcon.createStatement().execute(\"Insert Into Scrollable(v) Values('qwert2')\");\r\n\t\t\tcon.createStatement().execute(\"Insert Into Scrollable(v) Values('qwert3')\");\r\n\r\n            Statement st = con.createStatement(ResultSet.TYPE_SCROLL_SENSITIVE, ResultSet.CONCUR_UPDATABLE);\r\n            testAbsoluteRelativeAssert( st.executeQuery(\"Select * from Scrollable\") );\r\n            testAbsoluteRelativeAssert( st.executeQuery(\"Select * from Scrollable Order By i\") );\r\n            testAbsoluteRelativeAssert( st.executeQuery(\"Select v from Scrollable Group By v\") );\r\n            testAbsoluteRelativeAssert( st.executeQuery(\"Select v from Scrollable Group By v Order By v\") );\r\n\t\t}finally{\r\n            dropTable( con, \"Scrollable\");\r\n\t\t}\r\n\t}","location":{"offset":[7663,1069],"column":1,"row":182,"file":"smallsql0.21_src/src/smallsql/junit/TestScrollable.java"},"clone_class":"11af0e71-79c9-4e28-b4ec-20dd1eb956ae","pairs":[{"type":3,"id":"d0d16901-9489-4861-9df8-9e8348c53608"},{"type":3,"id":"f876e45f-161d-4b99-9e88-59f50a864eb6"}],"id":"ceb6a1d4-b8cb-486c-b859-23ff7cde0ebd"},{"src":"|project://smallsql0.21_src/src/smallsql/junit/TestScrollable.java|(5944,1192,<144,1>,<164,2>)","metadata":{"length":21,"sloc":18,"mass":79},"fragment":"public void testPreviousWithWhere() throws Exception{\r\n\t\tConnection con = AllTests.getConnection();\r\n\t\ttry{\t\t\t\r\n\t\t\tcon.createStatement().execute(\"Create Table Scrollable (i counter, v varchar(20))\");\r\n\t\t\tassertRowCount( 0, \"Select * from Scrollable\");\r\n\r\n\t\t\tcon.createStatement().execute(\"Insert Into Scrollable(v) Values('qwert')\");\r\n\t\t\tassertRowCount( 1, \"Select * from Scrollable\");\r\n\t\t\tassertRowCount( 0, \"Select * from Scrollable Where 1=0\");\r\n\r\n            Statement st = con.createStatement(ResultSet.TYPE_SCROLL_SENSITIVE, ResultSet.CONCUR_UPDATABLE);\r\n            testPreviousWithWhereAssert( st.executeQuery(\"Select * from Scrollable Where 1=0\") );\r\n            testPreviousWithWhereAssert( st.executeQuery(\"Select * from Scrollable Where 1=0 Order By v\") );\r\n            testPreviousWithWhereAssert( st.executeQuery(\"Select v from Scrollable Where 1=0 Group By v\") );\r\n            testPreviousWithWhereAssert( st.executeQuery(\"Select v from Scrollable Where 1=0 Group By v Order By v\") );\r\n            testPreviousWithWhereAssert( st.executeQuery(\"Select v from Scrollable Group By v Having 1=0 Order By v\") );\r\n\t\t\t\r\n\t\t}finally{\r\n            dropTable( con, \"Scrollable\");\r\n\t\t}\r\n\t}","location":{"offset":[5944,1192],"column":1,"row":144,"file":"smallsql0.21_src/src/smallsql/junit/TestScrollable.java"},"clone_class":"11af0e71-79c9-4e28-b4ec-20dd1eb956ae","pairs":[{"type":3,"id":"ceb6a1d4-b8cb-486c-b859-23ff7cde0ebd"},{"type":3,"id":"d0d16901-9489-4861-9df8-9e8348c53608"}],"id":"f876e45f-161d-4b99-9e88-59f50a864eb6"}]