[{"src":"|project://smallsql0.21_src/src/smallsql/junit/TestFunctions.java|(23670,253,<406,4>,<412,5>)","metadata":{"length":7,"sloc":7,"mass":41},"fragment":"public static Test suite() throws Exception{\r\n        TestSuite theSuite = new TestSuite(\"Functions\");\r\n        for(int i=0; i<TESTS.length; i++){\r\n            theSuite.addTest(new TestFunctions( TESTS[i] ) );\r\n        }\r\n        return theSuite;\r\n    }","location":{"offset":[23670,253],"column":4,"row":406,"file":"smallsql0.21_src/src/smallsql/junit/TestFunctions.java"},"clone_class":"405f1884-df45-4751-a92a-8873e567cb7d","pairs":[{"type":2,"id":"1550cfb5-453c-4000-a61f-bcad1acddd17"},{"type":2,"id":"365fc026-458c-4c14-abdb-aa84ba0bae03"},{"type":2,"id":"a160714f-2644-4013-ab75-a4852f74aff8"},{"type":2,"id":"9e158a6f-9327-411c-bacb-a87fe179c289"}],"id":"4f299553-25a9-4a29-9f36-f545cbaa0588"},{"src":"|project://smallsql0.21_src/src/smallsql/junit/TestOperatoren.java|(11337,255,<253,4>,<259,5>)","metadata":{"length":7,"sloc":7,"mass":41},"fragment":"public static Test suite() throws Exception{\r\n        TestSuite theSuite = new TestSuite(\"Operatoren\");\r\n        for(int i=0; i<TESTS.length; i++){\r\n            theSuite.addTest(new TestOperatoren( TESTS[i] ) );\r\n        }\r\n        return theSuite;\r\n    }","location":{"offset":[11337,255],"column":4,"row":253,"file":"smallsql0.21_src/src/smallsql/junit/TestOperatoren.java"},"clone_class":"405f1884-df45-4751-a92a-8873e567cb7d","pairs":[{"type":2,"id":"4f299553-25a9-4a29-9f36-f545cbaa0588"},{"type":2,"id":"365fc026-458c-4c14-abdb-aa84ba0bae03"},{"type":2,"id":"a160714f-2644-4013-ab75-a4852f74aff8"},{"type":2,"id":"9e158a6f-9327-411c-bacb-a87fe179c289"}],"id":"1550cfb5-453c-4000-a61f-bcad1acddd17"},{"src":"|project://smallsql0.21_src/src/smallsql/junit/TestDataTypes.java|(13003,262,<327,4>,<333,5>)","metadata":{"length":7,"sloc":7,"mass":41},"fragment":"public static Test suite() throws Exception{\r\n        TestSuite theSuite = new TestSuite(\"Data Types\");\r\n        for(int i=0; i<DATATYPES.length; i++){\r\n            theSuite.addTest(new TestDataTypes( DATATYPES[i] ) );\r\n        }\r\n        return theSuite;\r\n    }","location":{"offset":[13003,262],"column":4,"row":327,"file":"smallsql0.21_src/src/smallsql/junit/TestDataTypes.java"},"clone_class":"405f1884-df45-4751-a92a-8873e567cb7d","pairs":[{"type":2,"id":"4f299553-25a9-4a29-9f36-f545cbaa0588"},{"type":2,"id":"1550cfb5-453c-4000-a61f-bcad1acddd17"},{"type":2,"id":"a160714f-2644-4013-ab75-a4852f74aff8"},{"type":2,"id":"9e158a6f-9327-411c-bacb-a87fe179c289"}],"id":"365fc026-458c-4c14-abdb-aa84ba0bae03"},{"src":"|project://smallsql0.21_src/src/smallsql/junit/TestExceptions.java|(4772,255,<114,4>,<120,5>)","metadata":{"length":7,"sloc":7,"mass":41},"fragment":"public static Test suite() throws Exception{\r\n        TestSuite theSuite = new TestSuite(\"Exceptions\");\r\n        for(int i=0; i<TESTS.length; i++){\r\n            theSuite.addTest(new TestExceptions( TESTS[i] ) );\r\n        }\r\n        return theSuite;\r\n    }","location":{"offset":[4772,255],"column":4,"row":114,"file":"smallsql0.21_src/src/smallsql/junit/TestExceptions.java"},"clone_class":"405f1884-df45-4751-a92a-8873e567cb7d","pairs":[{"type":2,"id":"4f299553-25a9-4a29-9f36-f545cbaa0588"},{"type":2,"id":"1550cfb5-453c-4000-a61f-bcad1acddd17"},{"type":2,"id":"365fc026-458c-4c14-abdb-aa84ba0bae03"},{"type":2,"id":"9e158a6f-9327-411c-bacb-a87fe179c289"}],"id":"a160714f-2644-4013-ab75-a4852f74aff8"},{"src":"|project://smallsql0.21_src/src/smallsql/junit/TestJoins.java|(10182,245,<195,4>,<201,5>)","metadata":{"length":7,"sloc":7,"mass":41},"fragment":"public static Test suite() throws Exception{\r\n        TestSuite theSuite = new TestSuite(\"Joins\");\r\n        for(int i=0; i<TESTS.length; i++){\r\n            theSuite.addTest(new TestJoins( TESTS[i] ) );\r\n        }\r\n        return theSuite;\r\n    }","location":{"offset":[10182,245],"column":4,"row":195,"file":"smallsql0.21_src/src/smallsql/junit/TestJoins.java"},"clone_class":"405f1884-df45-4751-a92a-8873e567cb7d","pairs":[{"type":2,"id":"4f299553-25a9-4a29-9f36-f545cbaa0588"},{"type":2,"id":"1550cfb5-453c-4000-a61f-bcad1acddd17"},{"type":2,"id":"365fc026-458c-4c14-abdb-aa84ba0bae03"},{"type":2,"id":"a160714f-2644-4013-ab75-a4852f74aff8"}],"id":"9e158a6f-9327-411c-bacb-a87fe179c289"}]