[{"src":"|project://smallsql0.21_src/src/smallsql/junit/TestOrderBy.java|(7336,596,<254,59>,<277,2>)","metadata":{"length":24,"sloc":20,"mass":91},"fragment":"{\r\n\t\tinit();\r\n\t\tConnection con = AllTests.getConnection();\r\n\t\tStatement st = con.createStatement();\r\n\t\tResultSet rs;\r\n\t\tString oldValue;\r\n\t\t\r\n\t\trs = st.executeQuery(\"SELECT first(v) cc FROM \" + table1 + \" Group By i ORDER  by first(V)\");\r\n\t\t\r\n\t\tassertTrue( rs.next() );\r\n\t\t\r\n\t\toldValue = rs.getString(\"cc\");\r\n\t\tassertNull(oldValue);\r\n\t\tassertTrue( rs.next() );\r\n\t\toldValue = rs.getString(\"cc\");\r\n\t\t\r\n\t\tint count = 1;\r\n\t\twhile(rs.next()){\r\n\t\t\tassertTrue( oldValue.compareTo( rs.getString(\"cc\") ) < 0 );\r\n\t\t\toldValue = rs.getString(\"cc\");\r\n\t\t\tcount++;\r\n\t\t}\r\n\t\tassertEquals( valueCount, count );\r\n\t}","location":{"offset":[7336,596],"column":59,"row":254,"file":"smallsql0.21_src/src/smallsql/junit/TestOrderBy.java"},"clone_class":"95738ee4-42e0-4437-935f-0cbf2b2d091e","pairs":[{"type":3,"id":"e934b1b8-2dec-40cc-a141-b0b3ffea0db7"},{"type":3,"id":"1d3512aa-dc60-417e-8505-22270cbf39a6"}],"id":"5969ae80-c16a-4adf-94c1-8425cfd8a99a"},{"src":"|project://smallsql0.21_src/src/smallsql/junit/TestOrderBy.java|(9881,566,<355,45>,<378,2>)","metadata":{"length":24,"sloc":20,"mass":91},"fragment":"{\r\n\t\tinit();\r\n\t\tConnection con = AllTests.getConnection();\r\n\t\tStatement st = con.createStatement();\r\n\t\tResultSet rs;\r\n\t\tint oldValue;\r\n\t\t\r\n\t\trs = st.executeQuery(\"SELECT * FROM \" + table1 + \" ORDER  by abs(i)\");\r\n\t\t\r\n\t\tassertTrue( rs.next() );\r\n\t\t\r\n\t\tassertNull(rs.getObject(\"i\"));\r\n\t\tassertTrue( rs.next() );\r\n\t\toldValue = Math.abs( rs.getInt(\"i\") );\r\n\t\t\r\n\t\tint count = 1;\r\n\t\twhile(rs.next()){\r\n\t\t\tint newValue = Math.abs( rs.getInt(\"i\") );\r\n\t\t\tassertTrue( oldValue <= newValue );\r\n\t\t\toldValue = newValue;\r\n\t\t\tcount++;\r\n\t\t}\r\n\t\tassertEquals( valueCount, count );\r\n\t}","location":{"offset":[9881,566],"column":45,"row":355,"file":"smallsql0.21_src/src/smallsql/junit/TestOrderBy.java"},"clone_class":"95738ee4-42e0-4437-935f-0cbf2b2d091e","pairs":[{"type":3,"id":"5969ae80-c16a-4adf-94c1-8425cfd8a99a"},{"type":3,"id":"1d3512aa-dc60-417e-8505-22270cbf39a6"}],"id":"e934b1b8-2dec-40cc-a141-b0b3ffea0db7"},{"src":"|project://smallsql0.21_src/src/smallsql/junit/TestOrderBy.java|(5302,606,<170,55>,<195,2>)","metadata":{"length":26,"sloc":22,"mass":98},"fragment":"{\r\n\t\tinit();\r\n\t\tConnection con = AllTests.getConnection();\r\n\t\tStatement st = con.createStatement();\r\n\t\tResultSet rs;\r\n\t\tString oldValue;\r\n\t\t\r\n\t\trs = st.executeQuery(\"SELECT * FROM \" + table1 + \" ORDER  by v ASC\");\r\n\t\t\r\n\t\tassertTrue( rs.next() );\r\n\t\t\r\n\t\toldValue = rs.getString(\"v\");\r\n\t\tassertNull(oldValue);\r\n\t\tassertTrue( rs.next() );\r\n\t\toldValue = rs.getString(\"v\");\r\n\t\t\r\n\t\tint count = 1;\r\n\t\twhile(rs.next()){\r\n\t\t\tString newValue = rs.getString(\"v\");\r\n\t\t\tassertTrue( oldValue.compareTo( newValue ) < 0 );\r\n\t\t\toldValue = newValue;\r\n\t\t\tcount++;\r\n\t\t}\r\n\t\trs.close();\r\n\t\tassertEquals( valueCount, count );\r\n\t}","location":{"offset":[5302,606],"column":55,"row":170,"file":"smallsql0.21_src/src/smallsql/junit/TestOrderBy.java"},"clone_class":"95738ee4-42e0-4437-935f-0cbf2b2d091e","pairs":[{"type":3,"id":"5969ae80-c16a-4adf-94c1-8425cfd8a99a"},{"type":3,"id":"e934b1b8-2dec-40cc-a141-b0b3ffea0db7"}],"id":"1d3512aa-dc60-417e-8505-22270cbf39a6"}]