[{"src":"|project://smallsql0.21_src/src/smallsql/database/ExpressionValue.java|(17211,686,<517,1>,<534,5>)","metadata":{"length":18,"sloc":18,"mass":84},"fragment":"static double getDouble(Object obj, int dataType) throws Exception{\r\n        if(obj == null) return 0;\r\n        switch(dataType){\r\n            case SQLTokenizer.BIT:\r\n                return (obj.equals(Boolean.TRUE)) ? 1 : 0;\r\n            case SQLTokenizer.INT:\r\n            case SQLTokenizer.BIGINT:\r\n            case SQLTokenizer.DOUBLE:\r\n            case SQLTokenizer.MONEY:\r\n                return ((Number)obj).doubleValue();\r\n\t\t\tcase SQLTokenizer.TIMESTAMP:\r\n\t\t\tcase SQLTokenizer.TIME:\r\n\t\t\tcase SQLTokenizer.DATE:\r\n\t\t\tcase SQLTokenizer.SMALLDATETIME:\r\n\t\t\t\treturn ((DateTime)obj).getTimeMillis();\r\n            default: return Double.parseDouble( obj.toString() );\r\n        }\r\n    }","location":{"offset":[17211,686],"column":1,"row":517,"file":"smallsql0.21_src/src/smallsql/database/ExpressionValue.java"},"clone_class":"c8ca3fa9-3455-4447-898c-18c19bf85dfc","pairs":[{"type":3,"id":"5765d9d7-215c-41a8-9e66-2f532dc0d9b0"}],"id":"93d9b0e8-eaa7-4f00-9512-3b9ea3450bd8"},{"src":"|project://smallsql0.21_src/src/smallsql/database/ExpressionValue.java|(13159,733,<400,1>,<417,5>)","metadata":{"length":18,"sloc":18,"mass":85},"fragment":"static boolean getBoolean(Object obj, int dataType) throws Exception{\r\n        if(obj == null) return false;\r\n        switch(dataType){\r\n            case SQLTokenizer.BIT:\r\n            case SQLTokenizer.BOOLEAN:\r\n                return (obj.equals(Boolean.TRUE));\r\n            case SQLTokenizer.TINYINT:\r\n            case SQLTokenizer.SMALLINT:\r\n            case SQLTokenizer.INT:\r\n            case SQLTokenizer.BIGINT:\r\n                return ((Number)obj).intValue() != 0;\r\n            case SQLTokenizer.REAL:\r\n            case SQLTokenizer.DOUBLE:\r\n            case SQLTokenizer.MONEY:\r\n                return ((Number)obj).doubleValue() != 0;\r\n            default: return Utils.string2boolean( obj.toString() );\r\n        }\r\n    }","location":{"offset":[13159,733],"column":1,"row":400,"file":"smallsql0.21_src/src/smallsql/database/ExpressionValue.java"},"clone_class":"c8ca3fa9-3455-4447-898c-18c19bf85dfc","pairs":[{"type":3,"id":"93d9b0e8-eaa7-4f00-9512-3b9ea3450bd8"}],"id":"5765d9d7-215c-41a8-9e66-2f532dc0d9b0"}]