[{"src":"|project://smallsql0.21_src/src/smallsql/database/MutableFloat.java|(0,1866,<1,0>,<70,3>)","metadata":{"length":70,"sloc":25,"mass":68},"fragment":"/* =============================================================\r\n * SmallSQL : a free Java DBMS library for the Java(tm) platform\r\n * =============================================================\r\n *\r\n * (C) Copyright 2004-2006, by Volker Berlin.\r\n *\r\n * Project Info:  http://www.smallsql.de/\r\n *\r\n * This library is free software; you can redistribute it and/or modify it \r\n * under the terms of the GNU Lesser General Public License as published by \r\n * the Free Software Foundation; either version 2.1 of the License, or \r\n * (at your option) any later version.\r\n *\r\n * This library is distributed in the hope that it will be useful, but \r\n * WITHOUT ANY WARRANTY; without even the implied warranty of MERCHANTABILITY \r\n * or FITNESS FOR A PARTICULAR PURPOSE. See the GNU Lesser General Public \r\n * License for more details.\r\n *\r\n * You should have received a copy of the GNU Lesser General Public\r\n * License along with this library; if not, write to the Free Software\r\n * Foundation, Inc., 51 Franklin Street, Fifth Floor, Boston, MA  02110-1301, \r\n * USA.  \r\n *\r\n * [Java is a trademark or registered trademark of Sun Microsystems, Inc. \r\n * in the United States and other countries.]\r\n *\r\n * ---------------\r\n * MutableFloat.java\r\n * ---------------\r\n * Author: Volker Berlin\r\n * \r\n */\r\npackage smallsql.database;\r\n\r\n/**\r\n * @author Volker Berlin\r\n *\r\n */\r\nfinal class MutableFloat extends Number implements Mutable{\r\n\r\n\tfloat value;\r\n\t\r\n\tMutableFloat(float value){\r\n\t\tthis.value = value;\r\n\t}\r\n\t\r\n\tpublic double doubleValue() {\r\n\t\treturn value;\r\n\t}\r\n\r\n\tpublic float floatValue() {\r\n\t\treturn value;\r\n\t}\r\n\r\n\tpublic int intValue() {\r\n\t\treturn (int)value;\r\n\t}\r\n\r\n\tpublic long longValue() {\r\n\t\treturn (long)value;\r\n\t}\r\n\r\n\tpublic String toString(){\r\n\t\treturn String.valueOf(value);\r\n\t}\r\n\t\r\n\tpublic Object getImmutableObject(){\r\n\t\treturn new Float(value);\r\n\t}\r\n}\r\n","location":{"offset":[0,1866],"column":0,"row":1,"file":"smallsql0.21_src/src/smallsql/database/MutableFloat.java"},"clone_class":"b836e53a-3309-4120-8d45-aae1b6723965","pairs":[{"type":3,"id":"2e4df48a-4b1a-463c-8b35-775ee6408ba7"}],"id":"4258b77d-f771-4b55-8d4f-9f186261500f"},{"src":"|project://smallsql0.21_src/src/smallsql/database/MutableDouble.java|(1327,550,<35,0>,<70,1>)","metadata":{"length":36,"sloc":24,"mass":67},"fragment":"/**\r\n * @author Volker Berlin\r\n *\r\n */\r\nfinal class MutableDouble extends Number implements Mutable{\r\n\r\n\tdouble value;\r\n\t\r\n\tMutableDouble(double value){\r\n\t\tthis.value = value;\r\n\t}\r\n\t\r\n\tpublic double doubleValue() {\r\n\t\treturn value;\r\n\t}\r\n\r\n\tpublic float floatValue() {\r\n\t\treturn (float)value;\r\n\t}\r\n\r\n\tpublic int intValue() {\r\n\t\treturn (int)value;\r\n\t}\r\n\r\n\tpublic long longValue() {\r\n\t\treturn (long)value;\r\n\t}\r\n\r\n\tpublic String toString(){\r\n\t\treturn String.valueOf(value);\r\n\t}\r\n\t\r\n\tpublic Object getImmutableObject(){\r\n\t\treturn new Double(value);\r\n\t}\r\n}","location":{"offset":[1327,550],"column":0,"row":35,"file":"smallsql0.21_src/src/smallsql/database/MutableDouble.java"},"clone_class":"b836e53a-3309-4120-8d45-aae1b6723965","pairs":[{"type":3,"id":"4258b77d-f771-4b55-8d4f-9f186261500f"}],"id":"2e4df48a-4b1a-463c-8b35-775ee6408ba7"}]