[{"src":"|project://smallsql0.21_src/src/smallsql/database/SSResultSet.java|(6568,290,<190,71>,<199,5>)","metadata":{"length":10,"sloc":10,"mass":33},"fragment":"{\r\n        try{\r\n\t\t\tExpression expr = getValue(columnIndex);\r\n            wasNull = expr.isNull();\r\n\t\t\tif(wasNull) return null;\r\n\t\t\treturn DateTime.getTimestamp( expr.getLong() );\r\n        }catch(Exception e){\r\n            throw SmallSQLException.createFromException( e );\r\n        }\r\n    }","location":{"offset":[6568,290],"column":71,"row":190,"file":"smallsql0.21_src/src/smallsql/database/SSResultSet.java"},"clone_class":"cc9e31f1-33e7-478d-b2b0-1e7d3d19113c","pairs":[{"type":3,"id":"e125a90c-2657-42a2-9e1c-0cef9b093e23"}],"id":"d1a2ea9c-285a-4d2b-b768-0495aa9f8560"},{"src":"|project://smallsql0.21_src/src/smallsql/database/SSCallableStatement.java|(5299,305,<144,74>,<153,5>)","metadata":{"length":10,"sloc":10,"mass":34},"fragment":"{\r\n        try{\r\n            MutableNumeric obj = getValue(i).getNumeric();\r\n            wasNull = obj == null;\r\n            if(wasNull) return null;\r\n            return obj.toBigDecimal(scale);\r\n        }catch(Exception e){\r\n            throw SmallSQLException.createFromException( e );\r\n        }\r\n    }","location":{"offset":[5299,305],"column":74,"row":144,"file":"smallsql0.21_src/src/smallsql/database/SSCallableStatement.java"},"clone_class":"cc9e31f1-33e7-478d-b2b0-1e7d3d19113c","pairs":[{"type":3,"id":"d1a2ea9c-285a-4d2b-b768-0495aa9f8560"}],"id":"e125a90c-2657-42a2-9e1c-0cef9b093e23"}]