[{"src":"|project://smallsql0.21_src/src/smallsql/junit/TestTransactions.java|(3670,924,<110,58>,<135,2>)","metadata":{"length":26,"sloc":21,"mass":77},"fragment":"{\r\n\t\tConnection con = AllTests.getConnection();\r\n\t\ttry{\t\t\t\r\n\t\t\tcon.createStatement().execute(\"Create Table transactions (i int identity, v varchar(20))\");\r\n\t\t\tassertRowCount( 0, \"Select * from transactions\");\r\n\r\n\t\t\tcon.createStatement().execute(\"Insert Into transactions(v) Values('qwert')\");\r\n\t\t\tassertRowCount( 1, \"Select * from transactions\");\r\n\r\n\t\t\tcon.setAutoCommit(false);\r\n\t\t\tcon.createStatement().execute(\"Insert Into transactions(v) Select v From transactions\");\r\n\t\t\tassertRowCount( 2, \"Select * from transactions\");\r\n\r\n\t\t\tcon.createStatement().execute(\"Insert Into transactions (Select * From transactions)\");\r\n\t\t\tassertRowCount( 4, \"Select * from transactions\");\r\n\t\t\t\r\n\t\t\tcon.commit();\r\n\t\t\tassertRowCount( 4, \"Select * from transactions\");\r\n\t\t\t\r\n\t\t}finally{\r\n\t\t\ttry{\r\n\t\t\t\tcon.createStatement().execute(\"Drop Table transactions\");\r\n\t\t\t}catch(Throwable e){e.printStackTrace();}\r\n\t\t\tcon.setAutoCommit(true);\r\n\t\t}\r\n\t}","location":{"offset":[3670,924],"column":58,"row":110,"file":"smallsql0.21_src/src/smallsql/junit/TestTransactions.java"},"clone_class":"a211150e-7b14-4ff4-8ca3-98392bd3605d","pairs":[{"type":3,"id":"86232de6-749e-4ff2-8604-21b8bdfc1af3"},{"type":3,"id":"b457b835-7e22-42bf-bb4d-ceeab14aaa66"},{"type":3,"id":"544f4bec-d62a-4247-9373-406c95fba601"},{"type":3,"id":"1913469b-c8b8-4cfc-a652-500b5887741e"}],"id":"b4f076a2-9386-4d24-a2fd-56e4b5fec089"},{"src":"|project://smallsql0.21_src/src/smallsql/junit/TestTransactions.java|(5716,929,<169,60>,<194,2>)","metadata":{"length":26,"sloc":21,"mass":77},"fragment":"{\r\n\t\tConnection con = AllTests.getConnection();\r\n\t\ttry{\t\t\t\r\n\t\t\tcon.createStatement().execute(\"Create Table transactions (i int identity, v varchar(20))\");\r\n\t\t\tassertRowCount( 0, \"Select * from transactions\");\r\n\r\n\t\t\tcon.createStatement().execute(\"Insert Into transactions(v) Values('qwert')\");\r\n\t\t\tassertRowCount( 1, \"Select * from transactions\");\r\n\r\n\t\t\tcon.setAutoCommit(false);\r\n\t\t\tcon.createStatement().execute(\"Insert Into transactions(v) Select v From transactions\");\r\n\t\t\tassertRowCount( 2, \"Select * from transactions\");\r\n\r\n\t\t\tcon.createStatement().execute(\"Insert Into transactions(v) (Select v From transactions)\");\r\n\t\t\tassertRowCount( 4, \"Select * from transactions\");\r\n\t\t\t\r\n\t\t\tcon.rollback();\r\n\t\t\tassertRowCount( 1, \"Select * from transactions\");\r\n\t\t\t\r\n\t\t}finally{\r\n\t\t\ttry{\r\n\t\t\t\tcon.createStatement().execute(\"Drop Table transactions\");\r\n\t\t\t}catch(Throwable e){e.printStackTrace();}\r\n\t\t\tcon.setAutoCommit(true);\r\n\t\t}\r\n\t}","location":{"offset":[5716,929],"column":60,"row":169,"file":"smallsql0.21_src/src/smallsql/junit/TestTransactions.java"},"clone_class":"a211150e-7b14-4ff4-8ca3-98392bd3605d","pairs":[{"type":3,"id":"86232de6-749e-4ff2-8604-21b8bdfc1af3"},{"type":3,"id":"b4f076a2-9386-4d24-a2fd-56e4b5fec089"},{"type":3,"id":"544f4bec-d62a-4247-9373-406c95fba601"},{"type":3,"id":"1913469b-c8b8-4cfc-a652-500b5887741e"}],"id":"b457b835-7e22-42bf-bb4d-ceeab14aaa66"},{"src":"|project://smallsql0.21_src/src/smallsql/junit/TestTransactions.java|(2568,963,<79,1>,<104,2>)","metadata":{"length":26,"sloc":21,"mass":81},"fragment":"public void testCommit() throws Exception{\r\n\t\tConnection con = AllTests.getConnection();\r\n\t\ttry{\t\t\t\r\n\t\t\tcon.setAutoCommit(false);\r\n\t\t\tcon.createStatement().execute(\"Create Table transactions (i int identity, v varchar(20))\");\r\n\t\t\tassertRowCount( 0, \"Select * from transactions\");\r\n\r\n\t\t\tcon.createStatement().execute(\"Insert Into transactions(v) Values('qwert')\");\r\n\t\t\tassertRowCount( 1, \"Select * from transactions\");\r\n\r\n\t\t\tcon.createStatement().execute(\"Insert Into transactions(v) Select v From transactions\");\r\n\t\t\tassertRowCount( 2, \"Select * from transactions\");\r\n\r\n\t\t\tcon.createStatement().execute(\"Insert Into transactions Select * From transactions\");\r\n\t\t\tassertRowCount( 4, \"Select * from transactions\");\r\n\t\t\t\r\n\t\t\tcon.commit();\r\n\t\t\tassertRowCount( 4, \"Select * from transactions\");\r\n\t\t\t\r\n\t\t}finally{\r\n\t\t\ttry{\r\n\t\t\t\tcon.createStatement().execute(\"Drop Table transactions\");\r\n\t\t\t}catch(Throwable e){e.printStackTrace();}\r\n\t\t\tcon.setAutoCommit(true);\r\n\t\t}\r\n\t}","location":{"offset":[2568,963],"column":1,"row":79,"file":"smallsql0.21_src/src/smallsql/junit/TestTransactions.java"},"clone_class":"a211150e-7b14-4ff4-8ca3-98392bd3605d","pairs":[{"type":3,"id":"86232de6-749e-4ff2-8604-21b8bdfc1af3"},{"type":3,"id":"b4f076a2-9386-4d24-a2fd-56e4b5fec089"},{"type":3,"id":"b457b835-7e22-42bf-bb4d-ceeab14aaa66"},{"type":3,"id":"1913469b-c8b8-4cfc-a652-500b5887741e"}],"id":"544f4bec-d62a-4247-9373-406c95fba601"},{"src":"|project://smallsql0.21_src/src/smallsql/junit/TestTransactions.java|(4602,975,<138,1>,<163,2>)","metadata":{"length":26,"sloc":21,"mass":81},"fragment":"public void testRollback() throws Exception{\r\n\t\tConnection con = AllTests.getConnection();\r\n\t\ttry{\t\t\t\r\n\t\t    con.createStatement().execute(\"Create Table transactions (i int identity, v varchar(20))\");\r\n\t\t\tcon.setAutoCommit(false);\r\n\t\t\tassertRowCount( 0, \"Select * from transactions\");\r\n\r\n\t\t\tcon.createStatement().execute(\"Insert Into transactions(v) Values('qwert')\");\r\n\t\t\tassertRowCount( 1, \"Select * from transactions\");\r\n\r\n\t\t\tcon.createStatement().execute(\"Insert Into transactions(v) Select v From transactions\");\r\n\t\t\tassertRowCount( 2, \"Select * from transactions\");\r\n\r\n\t\t\tcon.createStatement().execute(\"Insert Into transactions(v) (Select v From transactions)\");\r\n\t\t\tassertRowCount( 4, \"Select * from transactions\");\r\n\t\t\t\r\n\t\t\tcon.rollback();\r\n\t\t\tassertRowCount( 0, \"Select * from transactions\");\r\n\t\t\t\r\n\t\t}finally{\r\n\t\t\ttry{\r\n\t\t\t\tcon.createStatement().execute(\"Drop Table transactions\");\r\n\t\t\t}catch(Throwable e){e.printStackTrace();}\r\n\t\t\tcon.setAutoCommit(true);\r\n\t\t}\r\n\t}","location":{"offset":[4602,975],"column":1,"row":138,"file":"smallsql0.21_src/src/smallsql/junit/TestTransactions.java"},"clone_class":"a211150e-7b14-4ff4-8ca3-98392bd3605d","pairs":[{"type":3,"id":"86232de6-749e-4ff2-8604-21b8bdfc1af3"},{"type":3,"id":"b4f076a2-9386-4d24-a2fd-56e4b5fec089"},{"type":3,"id":"b457b835-7e22-42bf-bb4d-ceeab14aaa66"},{"type":3,"id":"544f4bec-d62a-4247-9373-406c95fba601"}],"id":"1913469b-c8b8-4cfc-a652-500b5887741e"}]