[{"src":"|project://smallsql0.21_src/src/smallsql/database/StoreImpl.java|(37878,2404,<1027,8>,<1081,9>)","metadata":{"length":55,"sloc":55,"mass":219},"fragment":"switch(dataType){\r\n            case SQLTokenizer.BIT:\r\n            case SQLTokenizer.BOOLEAN:\r\n                    return readBoolean() ? 1 : 0;\r\n            case SQLTokenizer.BINARY:\r\n            case SQLTokenizer.VARBINARY:\r\n                    return Utils.bytes2float( readBinary() );\r\n            case SQLTokenizer.TINYINT:\r\n                    return readUnsignedByte();\r\n            case SQLTokenizer.SMALLINT:\r\n                    return readShort();\r\n            case SQLTokenizer.INT:\r\n                    return readInt();\r\n            case SQLTokenizer.BIGINT:\r\n                    return readLong();\r\n            case SQLTokenizer.REAL:\r\n                    return readFloat();\r\n            case SQLTokenizer.FLOAT:\r\n            case SQLTokenizer.DOUBLE:\r\n                    return (float)readDouble();\r\n            case SQLTokenizer.MONEY:\r\n                    return readLong() / (float)10000.0;\r\n            case SQLTokenizer.SMALLMONEY:\r\n                    return readInt() / (float)10000.0;\r\n            case SQLTokenizer.NUMERIC:\r\n            case SQLTokenizer.DECIMAL:\r\n                    return readNumeric().floatValue();\r\n            case SQLTokenizer.CHAR:\r\n            case SQLTokenizer.NCHAR:\r\n            case SQLTokenizer.VARCHAR:\r\n            case SQLTokenizer.NVARCHAR:\r\n                    return Float.parseFloat( readString() );\r\n\t\t\tcase SQLTokenizer.CLOB:\r\n\t\t\tcase SQLTokenizer.NCLOB:\r\n            case SQLTokenizer.LONGNVARCHAR:\r\n            case SQLTokenizer.LONGVARCHAR:\r\n                    return Float.parseFloat( readLongString() );\r\n            case SQLTokenizer.JAVA_OBJECT:\r\n                    ByteArrayInputStream bais = new ByteArrayInputStream(readLongBinary());\r\n                    ObjectInputStream ois = new ObjectInputStream(bais);\r\n                    return Float.parseFloat( ois.readObject().toString() );\r\n            case SQLTokenizer.LONGVARBINARY:\r\n            case SQLTokenizer.BLOB:\r\n                    return Utils.bytes2float( readLongBinary() );\r\n\t\t\tcase SQLTokenizer.TIMESTAMP:\r\n\t\t\t\t\treturn readTimestamp();\r\n\t\t\tcase SQLTokenizer.TIME:\r\n\t\t\t\t\treturn readTime();\r\n\t\t\tcase SQLTokenizer.DATE:\r\n\t\t\t\t\treturn readDate();\r\n\t\t\tcase SQLTokenizer.SMALLDATETIME:\r\n\t\t\t\t\treturn readSmallDateTime();\r\n\t\t\tdefault:\r\n\t\t\t\tthrow SmallSQLException.create(Language.VALUE_CANT_CONVERT, new Object[] { SQLTokenizer.getKeyWord(dataType), \"REAL\" });\r\n        }","location":{"offset":[37878,2404],"column":8,"row":1027,"file":"smallsql0.21_src/src/smallsql/database/StoreImpl.java"},"clone_class":"3d2007e1-43fb-4607-aa18-d2a793b3465b","pairs":[{"type":3,"id":"751cf678-1bbb-453f-b57d-b52f5925d6ac"},{"type":3,"id":"4fc18b53-be77-4752-8b18-9c6f3968efc9"}],"id":"e53ee454-9401-47ea-8534-cc638bf5ad39"},{"src":"|project://smallsql0.21_src/src/smallsql/database/StoreImpl.java|(35222,2415,<962,8>,<1016,9>)","metadata":{"length":55,"sloc":55,"mass":220},"fragment":"switch(dataType){\r\n            case SQLTokenizer.BIT:\r\n            case SQLTokenizer.BOOLEAN:\r\n                    return readBoolean() ? 1 : 0;\r\n            case SQLTokenizer.BINARY:\r\n            case SQLTokenizer.VARBINARY:\r\n                    return Utils.bytes2long( readBinary() );\r\n            case SQLTokenizer.TINYINT:\r\n                    return readUnsignedByte();\r\n            case SQLTokenizer.SMALLINT:\r\n                    return readShort();\r\n            case SQLTokenizer.INT:\r\n                    return readInt();\r\n            case SQLTokenizer.BIGINT:\r\n                    return readLong();\r\n            case SQLTokenizer.REAL:\r\n                    return (long)readFloat();\r\n            case SQLTokenizer.FLOAT:\r\n            case SQLTokenizer.DOUBLE:\r\n                    return (long)readDouble();\r\n            case SQLTokenizer.MONEY:\r\n                    return readLong() / 10000;\r\n            case SQLTokenizer.SMALLMONEY:\r\n                    return readInt() / 10000;\r\n            case SQLTokenizer.NUMERIC:\r\n            case SQLTokenizer.DECIMAL:\r\n                    return readNumeric().longValue();\r\n            case SQLTokenizer.CHAR:\r\n            case SQLTokenizer.NCHAR:\r\n            case SQLTokenizer.VARCHAR:\r\n            case SQLTokenizer.NVARCHAR:\r\n                    return Long.parseLong( readString() );\r\n\t\t\tcase SQLTokenizer.CLOB:\r\n\t\t\tcase SQLTokenizer.NCLOB:\r\n            case SQLTokenizer.LONGNVARCHAR:\r\n            case SQLTokenizer.LONGVARCHAR:\r\n                    return Long.parseLong( readLongString() );\r\n            case SQLTokenizer.JAVA_OBJECT:\r\n                    ByteArrayInputStream bais = new ByteArrayInputStream(readLongBinary());\r\n                    ObjectInputStream ois = new ObjectInputStream(bais);\r\n                    return ExpressionValue.getLong( ois.readObject().toString(), SQLTokenizer.VARCHAR );\r\n            case SQLTokenizer.LONGVARBINARY:\r\n            case SQLTokenizer.BLOB:\r\n                    return Utils.bytes2long( readLongBinary() );\r\n\t\t\tcase SQLTokenizer.TIMESTAMP:\r\n\t\t\t\t\treturn readTimestamp();\r\n\t\t\tcase SQLTokenizer.TIME:\r\n\t\t\t\t\treturn readTime();\r\n\t\t\tcase SQLTokenizer.DATE:\r\n\t\t\t\t\treturn readDate();\r\n\t\t\tcase SQLTokenizer.SMALLDATETIME:\r\n\t\t\t\t\treturn readSmallDateTime();\r\n\t\t\tdefault:\r\n\t\t\t\tthrow SmallSQLException.create(Language.VALUE_CANT_CONVERT, new Object[] { SQLTokenizer.getKeyWord(dataType), \"BIGINT\" });\r\n        }","location":{"offset":[35222,2415],"column":8,"row":962,"file":"smallsql0.21_src/src/smallsql/database/StoreImpl.java"},"clone_class":"3d2007e1-43fb-4607-aa18-d2a793b3465b","pairs":[{"type":3,"id":"e53ee454-9401-47ea-8534-cc638bf5ad39"},{"type":3,"id":"4fc18b53-be77-4752-8b18-9c6f3968efc9"}],"id":"751cf678-1bbb-453f-b57d-b52f5925d6ac"},{"src":"|project://smallsql0.21_src/src/smallsql/database/StoreImpl.java|(40442,2486,<1089,68>,<1147,5>)","metadata":{"length":59,"sloc":59,"mass":223},"fragment":"{\r\n        this.offset = valueOffset;\r\n        if(readBoolean()) return 0;\r\n        switch(dataType){\r\n            case SQLTokenizer.BIT:\r\n            case SQLTokenizer.BOOLEAN:\r\n                    return readBoolean() ? 1 : 0;\r\n            case SQLTokenizer.BINARY:\r\n            case SQLTokenizer.VARBINARY:\r\n                    return Utils.bytes2double( readBinary() );\r\n            case SQLTokenizer.TINYINT:\r\n                    return readUnsignedByte();\r\n            case SQLTokenizer.SMALLINT:\r\n                    return readShort();\r\n            case SQLTokenizer.INT:\r\n                    return readInt();\r\n            case SQLTokenizer.BIGINT:\r\n                    return readLong();\r\n            case SQLTokenizer.REAL:\r\n                    return readFloat();\r\n            case SQLTokenizer.FLOAT:\r\n            case SQLTokenizer.DOUBLE:\r\n                    return readDouble();\r\n            case SQLTokenizer.MONEY:\r\n                    return readLong() / 10000.0;\r\n            case SQLTokenizer.SMALLMONEY:\r\n                    return readInt() / 10000.0;\r\n            case SQLTokenizer.NUMERIC:\r\n            case SQLTokenizer.DECIMAL:\r\n                    return readNumeric().doubleValue();\r\n            case SQLTokenizer.CHAR:\r\n            case SQLTokenizer.NCHAR:\r\n            case SQLTokenizer.VARCHAR:\r\n            case SQLTokenizer.NVARCHAR:\r\n                    return Double.parseDouble( readString() );\r\n\t\t\tcase SQLTokenizer.CLOB:\r\n\t\t\tcase SQLTokenizer.NCLOB:\r\n            case SQLTokenizer.LONGNVARCHAR:\r\n            case SQLTokenizer.LONGVARCHAR:\r\n                    return Double.parseDouble( readLongString() );\r\n            case SQLTokenizer.JAVA_OBJECT:\r\n                    ByteArrayInputStream bais = new ByteArrayInputStream(readLongBinary());\r\n                    ObjectInputStream ois = new ObjectInputStream(bais);\r\n                    return Double.parseDouble( ois.readObject().toString() );\r\n            case SQLTokenizer.LONGVARBINARY:\r\n            case SQLTokenizer.BLOB:\r\n                    return Utils.bytes2double( readLongBinary() );\r\n\t\t\tcase SQLTokenizer.TIMESTAMP:\r\n\t\t\t\t\treturn readTimestamp();\r\n\t\t\tcase SQLTokenizer.TIME:\r\n\t\t\t\t\treturn readTime();\r\n\t\t\tcase SQLTokenizer.DATE:\r\n\t\t\t\t\treturn readDate();\r\n\t\t\tcase SQLTokenizer.SMALLDATETIME:\r\n\t\t\t\t\treturn readSmallDateTime();\r\n\t\t\tdefault:\r\n\t\t\t\tthrow SmallSQLException.create(Language.VALUE_CANT_CONVERT, new Object[] { SQLTokenizer.getKeyWord(dataType), \"NUMERIC\" });\r\n        }\r\n    }","location":{"offset":[40442,2486],"column":68,"row":1089,"file":"smallsql0.21_src/src/smallsql/database/StoreImpl.java"},"clone_class":"3d2007e1-43fb-4607-aa18-d2a793b3465b","pairs":[{"type":3,"id":"e53ee454-9401-47ea-8534-cc638bf5ad39"},{"type":3,"id":"751cf678-1bbb-453f-b57d-b52f5925d6ac"}],"id":"4fc18b53-be77-4752-8b18-9c6f3968efc9"}]