[{"src":"|project://smallsql0.21_src/src/smallsql/database/SSCallableStatement.java|(5310,287,<145,8>,<152,9>)","metadata":{"length":8,"sloc":8,"mass":33},"fragment":"try{\r\n            MutableNumeric obj = getValue(i).getNumeric();\r\n            wasNull = obj == null;\r\n            if(wasNull) return null;\r\n            return obj.toBigDecimal(scale);\r\n        }catch(Exception e){\r\n            throw SmallSQLException.createFromException( e );\r\n        }","location":{"offset":[5310,287],"column":8,"row":145,"file":"smallsql0.21_src/src/smallsql/database/SSCallableStatement.java"},"clone_class":"67a59e0c-a72e-4079-8d45-cf626a59e84d","pairs":[{"type":3,"id":"6b029067-cfc8-4bcb-8fcd-01d1902dfd6f"},{"type":3,"id":"1a21acda-b35f-451d-bc96-ecb93e4d453a"},{"type":3,"id":"9b787fd5-5efd-4537-96b5-f15f4951a4e7"}],"id":"6dc5d49d-fc01-4108-8249-51f0c9187b70"},{"src":"|project://smallsql0.21_src/src/smallsql/database/SSResultSet.java|(27620,287,<819,8>,<826,9>)","metadata":{"length":8,"sloc":8,"mass":33},"fragment":"try{\r\n            Expression expr = getValue(columnIndex);\r\n            wasNull = expr.isNull();\r\n            if(wasNull) return null;\r\n            return new URL( expr.getString() );\r\n        }catch(Exception e){\r\n            throw SmallSQLException.createFromException( e );\r\n        }","location":{"offset":[27620,287],"column":8,"row":819,"file":"smallsql0.21_src/src/smallsql/database/SSResultSet.java"},"clone_class":"67a59e0c-a72e-4079-8d45-cf626a59e84d","pairs":[{"type":3,"id":"6dc5d49d-fc01-4108-8249-51f0c9187b70"},{"type":3,"id":"6b029067-cfc8-4bcb-8fcd-01d1902dfd6f"},{"type":3,"id":"9b787fd5-5efd-4537-96b5-f15f4951a4e7"}],"id":"1a21acda-b35f-451d-bc96-ecb93e4d453a"},{"src":"|project://smallsql0.21_src/src/smallsql/database/SSCallableStatement.java|(5950,275,<163,51>,<172,5>)","metadata":{"length":10,"sloc":10,"mass":33},"fragment":"{\r\n        try{\r\n\t\t\tExpression expr = getValue(i);\r\n            wasNull = expr.isNull();\r\n\t\t\tif(wasNull) return null;\r\n\t\t\treturn DateTime.getDate( expr.getLong() );\r\n        }catch(Exception e){\r\n            throw SmallSQLException.createFromException( e );\r\n        }\r\n    }","location":{"offset":[5950,275],"column":51,"row":163,"file":"smallsql0.21_src/src/smallsql/database/SSCallableStatement.java"},"clone_class":"67a59e0c-a72e-4079-8d45-cf626a59e84d","pairs":[{"type":3,"id":"6dc5d49d-fc01-4108-8249-51f0c9187b70"},{"type":3,"id":"6b029067-cfc8-4bcb-8fcd-01d1902dfd6f"},{"type":3,"id":"1a21acda-b35f-451d-bc96-ecb93e4d453a"}],"id":"9b787fd5-5efd-4537-96b5-f15f4951a4e7"}]