[{"src":"|project://smallsql0.21_src/src/smallsql/database/SSDatabaseMetaData.java|(21683,369,<835,3>,<835,372>)","metadata":{"length":1,"sloc":1,"mass":47},"fragment":"{SQLTokenizer.getKeyWord(SQLTokenizer.TINYINT),         Utils.getShort(SQLTokenizer.getSQLDataType( SQLTokenizer.TINYINT) ),         Utils.getInteger(3),      \tnull, null, null, \t\t\t\tUtils.getShort(typeNullable), Boolean.FALSE, Utils.getShort(typeSearchable), Boolean.TRUE,  Boolean.FALSE, Boolean.FALSE, null, Utils.getInteger(0), Utils.getInteger(0), null, null, null}","location":{"offset":[21683,369],"column":3,"row":835,"file":"smallsql0.21_src/src/smallsql/database/SSDatabaseMetaData.java"},"clone_class":"361b9f5d-420b-4415-a3c4-fa3045234647","pairs":[{"type":2,"id":"d7ac46db-5225-440a-adab-e2b14a41a883"},{"type":2,"id":"18b1af30-33f7-434f-9c8a-5b76d0a628cb"},{"type":2,"id":"fa669786-8b26-47e7-bda1-2dda5e7784ee"},{"type":2,"id":"049234d1-f480-4183-9132-10bc24a208f2"},{"type":2,"id":"e82ebbe2-3aff-4a7b-baf4-0ab4c3c478e9"},{"type":2,"id":"86a2deee-da88-4923-b9f1-2d07e922ea7a"},{"type":2,"id":"a7527def-399a-4274-a247-a6b72a7fae93"},{"type":2,"id":"22e3aa10-3fad-48df-836f-b81c73d56527"}],"id":"0ce83d62-db7d-4a6d-8469-654ee2520c05"},{"src":"|project://smallsql0.21_src/src/smallsql/database/SSDatabaseMetaData.java|(26803,369,<849,3>,<849,372>)","metadata":{"length":1,"sloc":1,"mass":47},"fragment":"{SQLTokenizer.getKeyWord(SQLTokenizer.SMALLINT),        Utils.getShort(SQLTokenizer.getSQLDataType( SQLTokenizer.SMALLINT) ),        Utils.getInteger(5),      \tnull, null, null, \t\t\t\tUtils.getShort(typeNullable), Boolean.FALSE, Utils.getShort(typeSearchable), Boolean.FALSE, Boolean.FALSE, Boolean.FALSE, null, Utils.getInteger(0), Utils.getInteger(0), null, null, null}","location":{"offset":[26803,369],"column":3,"row":849,"file":"smallsql0.21_src/src/smallsql/database/SSDatabaseMetaData.java"},"clone_class":"361b9f5d-420b-4415-a3c4-fa3045234647","pairs":[{"type":2,"id":"0ce83d62-db7d-4a6d-8469-654ee2520c05"},{"type":2,"id":"18b1af30-33f7-434f-9c8a-5b76d0a628cb"},{"type":2,"id":"fa669786-8b26-47e7-bda1-2dda5e7784ee"},{"type":2,"id":"049234d1-f480-4183-9132-10bc24a208f2"},{"type":2,"id":"e82ebbe2-3aff-4a7b-baf4-0ab4c3c478e9"},{"type":2,"id":"86a2deee-da88-4923-b9f1-2d07e922ea7a"},{"type":2,"id":"a7527def-399a-4274-a247-a6b72a7fae93"},{"type":2,"id":"22e3aa10-3fad-48df-836f-b81c73d56527"}],"id":"d7ac46db-5225-440a-adab-e2b14a41a883"},{"src":"|project://smallsql0.21_src/src/smallsql/database/SSDatabaseMetaData.java|(22058,369,<836,3>,<836,372>)","metadata":{"length":1,"sloc":1,"mass":47},"fragment":"{SQLTokenizer.getKeyWord(SQLTokenizer.BIGINT),          Utils.getShort(SQLTokenizer.getSQLDataType( SQLTokenizer.BIGINT) ),          Utils.getInteger(19),     \tnull, null, null, \t\t\t\tUtils.getShort(typeNullable), Boolean.FALSE, Utils.getShort(typeSearchable), Boolean.FALSE, Boolean.FALSE, Boolean.FALSE, null, Utils.getInteger(0), Utils.getInteger(0), null, null, null}","location":{"offset":[22058,369],"column":3,"row":836,"file":"smallsql0.21_src/src/smallsql/database/SSDatabaseMetaData.java"},"clone_class":"361b9f5d-420b-4415-a3c4-fa3045234647","pairs":[{"type":2,"id":"0ce83d62-db7d-4a6d-8469-654ee2520c05"},{"type":2,"id":"d7ac46db-5225-440a-adab-e2b14a41a883"},{"type":2,"id":"fa669786-8b26-47e7-bda1-2dda5e7784ee"},{"type":2,"id":"049234d1-f480-4183-9132-10bc24a208f2"},{"type":2,"id":"e82ebbe2-3aff-4a7b-baf4-0ab4c3c478e9"},{"type":2,"id":"86a2deee-da88-4923-b9f1-2d07e922ea7a"},{"type":2,"id":"a7527def-399a-4274-a247-a6b72a7fae93"},{"type":2,"id":"22e3aa10-3fad-48df-836f-b81c73d56527"}],"id":"18b1af30-33f7-434f-9c8a-5b76d0a628cb"},{"src":"|project://smallsql0.21_src/src/smallsql/database/SSDatabaseMetaData.java|(26053,369,<847,3>,<847,372>)","metadata":{"length":1,"sloc":1,"mass":47},"fragment":"{SQLTokenizer.getKeyWord(SQLTokenizer.SMALLMONEY),      Utils.getShort(SQLTokenizer.getSQLDataType( SQLTokenizer.SMALLMONEY) ),      Utils.getInteger(10),     \tnull, null, null, \t\t\t\tUtils.getShort(typeNullable), Boolean.FALSE, Utils.getShort(typeSearchable), Boolean.FALSE, Boolean.FALSE, Boolean.FALSE, null, Utils.getInteger(4), Utils.getInteger(4), null, null, null}","location":{"offset":[26053,369],"column":3,"row":847,"file":"smallsql0.21_src/src/smallsql/database/SSDatabaseMetaData.java"},"clone_class":"361b9f5d-420b-4415-a3c4-fa3045234647","pairs":[{"type":2,"id":"0ce83d62-db7d-4a6d-8469-654ee2520c05"},{"type":2,"id":"d7ac46db-5225-440a-adab-e2b14a41a883"},{"type":2,"id":"18b1af30-33f7-434f-9c8a-5b76d0a628cb"},{"type":2,"id":"049234d1-f480-4183-9132-10bc24a208f2"},{"type":2,"id":"e82ebbe2-3aff-4a7b-baf4-0ab4c3c478e9"},{"type":2,"id":"86a2deee-da88-4923-b9f1-2d07e922ea7a"},{"type":2,"id":"a7527def-399a-4274-a247-a6b72a7fae93"},{"type":2,"id":"22e3aa10-3fad-48df-836f-b81c73d56527"}],"id":"fa669786-8b26-47e7-bda1-2dda5e7784ee"},{"src":"|project://smallsql0.21_src/src/smallsql/database/SSDatabaseMetaData.java|(27178,369,<850,3>,<850,372>)","metadata":{"length":1,"sloc":1,"mass":47},"fragment":"{SQLTokenizer.getKeyWord(SQLTokenizer.FLOAT),        \t Utils.getShort(SQLTokenizer.getSQLDataType( SQLTokenizer.FLOAT) ),           Utils.getInteger(15),      \tnull, null, null, \t\t\t\tUtils.getShort(typeNullable), Boolean.FALSE, Utils.getShort(typeSearchable), Boolean.FALSE, Boolean.FALSE, Boolean.FALSE, null, Utils.getInteger(0), Utils.getInteger(0), null, null, null}","location":{"offset":[27178,369],"column":3,"row":850,"file":"smallsql0.21_src/src/smallsql/database/SSDatabaseMetaData.java"},"clone_class":"361b9f5d-420b-4415-a3c4-fa3045234647","pairs":[{"type":2,"id":"0ce83d62-db7d-4a6d-8469-654ee2520c05"},{"type":2,"id":"d7ac46db-5225-440a-adab-e2b14a41a883"},{"type":2,"id":"18b1af30-33f7-434f-9c8a-5b76d0a628cb"},{"type":2,"id":"fa669786-8b26-47e7-bda1-2dda5e7784ee"},{"type":2,"id":"e82ebbe2-3aff-4a7b-baf4-0ab4c3c478e9"},{"type":2,"id":"86a2deee-da88-4923-b9f1-2d07e922ea7a"},{"type":2,"id":"a7527def-399a-4274-a247-a6b72a7fae93"},{"type":2,"id":"22e3aa10-3fad-48df-836f-b81c73d56527"}],"id":"049234d1-f480-4183-9132-10bc24a208f2"},{"src":"|project://smallsql0.21_src/src/smallsql/database/SSDatabaseMetaData.java|(25678,369,<846,3>,<846,372>)","metadata":{"length":1,"sloc":1,"mass":47},"fragment":"{SQLTokenizer.getKeyWord(SQLTokenizer.MONEY),           Utils.getShort(SQLTokenizer.getSQLDataType( SQLTokenizer.MONEY) ),           Utils.getInteger(19),     \tnull, null, null, \t\t\t\tUtils.getShort(typeNullable), Boolean.FALSE, Utils.getShort(typeSearchable), Boolean.FALSE, Boolean.FALSE, Boolean.FALSE, null, Utils.getInteger(4), Utils.getInteger(4), null, null, null}","location":{"offset":[25678,369],"column":3,"row":846,"file":"smallsql0.21_src/src/smallsql/database/SSDatabaseMetaData.java"},"clone_class":"361b9f5d-420b-4415-a3c4-fa3045234647","pairs":[{"type":2,"id":"0ce83d62-db7d-4a6d-8469-654ee2520c05"},{"type":2,"id":"d7ac46db-5225-440a-adab-e2b14a41a883"},{"type":2,"id":"18b1af30-33f7-434f-9c8a-5b76d0a628cb"},{"type":2,"id":"fa669786-8b26-47e7-bda1-2dda5e7784ee"},{"type":2,"id":"049234d1-f480-4183-9132-10bc24a208f2"},{"type":2,"id":"86a2deee-da88-4923-b9f1-2d07e922ea7a"},{"type":2,"id":"a7527def-399a-4274-a247-a6b72a7fae93"},{"type":2,"id":"22e3aa10-3fad-48df-836f-b81c73d56527"}],"id":"e82ebbe2-3aff-4a7b-baf4-0ab4c3c478e9"},{"src":"|project://smallsql0.21_src/src/smallsql/database/SSDatabaseMetaData.java|(26428,369,<848,3>,<848,372>)","metadata":{"length":1,"sloc":1,"mass":47},"fragment":"{SQLTokenizer.getKeyWord(SQLTokenizer.INT),             Utils.getShort(SQLTokenizer.getSQLDataType( SQLTokenizer.INT) ),             Utils.getInteger(10),     \tnull, null, null, \t\t\t\tUtils.getShort(typeNullable), Boolean.FALSE, Utils.getShort(typeSearchable), Boolean.FALSE, Boolean.FALSE, Boolean.FALSE, null, Utils.getInteger(0), Utils.getInteger(0), null, null, null}","location":{"offset":[26428,369],"column":3,"row":848,"file":"smallsql0.21_src/src/smallsql/database/SSDatabaseMetaData.java"},"clone_class":"361b9f5d-420b-4415-a3c4-fa3045234647","pairs":[{"type":2,"id":"0ce83d62-db7d-4a6d-8469-654ee2520c05"},{"type":2,"id":"d7ac46db-5225-440a-adab-e2b14a41a883"},{"type":2,"id":"18b1af30-33f7-434f-9c8a-5b76d0a628cb"},{"type":2,"id":"fa669786-8b26-47e7-bda1-2dda5e7784ee"},{"type":2,"id":"049234d1-f480-4183-9132-10bc24a208f2"},{"type":2,"id":"e82ebbe2-3aff-4a7b-baf4-0ab4c3c478e9"},{"type":2,"id":"a7527def-399a-4274-a247-a6b72a7fae93"},{"type":2,"id":"22e3aa10-3fad-48df-836f-b81c73d56527"}],"id":"86a2deee-da88-4923-b9f1-2d07e922ea7a"},{"src":"|project://smallsql0.21_src/src/smallsql/database/SSDatabaseMetaData.java|(27553,366,<851,3>,<851,369>)","metadata":{"length":1,"sloc":1,"mass":47},"fragment":"{SQLTokenizer.getKeyWord(SQLTokenizer.REAL),        \t Utils.getShort(SQLTokenizer.getSQLDataType( SQLTokenizer.REAL) ),        \t  Utils.getInteger(7),      \tnull, null, null, \t\t\t\tUtils.getShort(typeNullable), Boolean.FALSE, Utils.getShort(typeSearchable), Boolean.FALSE, Boolean.FALSE, Boolean.FALSE, null, Utils.getInteger(0), Utils.getInteger(0), null, null, null}","location":{"offset":[27553,366],"column":3,"row":851,"file":"smallsql0.21_src/src/smallsql/database/SSDatabaseMetaData.java"},"clone_class":"361b9f5d-420b-4415-a3c4-fa3045234647","pairs":[{"type":2,"id":"0ce83d62-db7d-4a6d-8469-654ee2520c05"},{"type":2,"id":"d7ac46db-5225-440a-adab-e2b14a41a883"},{"type":2,"id":"18b1af30-33f7-434f-9c8a-5b76d0a628cb"},{"type":2,"id":"fa669786-8b26-47e7-bda1-2dda5e7784ee"},{"type":2,"id":"049234d1-f480-4183-9132-10bc24a208f2"},{"type":2,"id":"e82ebbe2-3aff-4a7b-baf4-0ab4c3c478e9"},{"type":2,"id":"86a2deee-da88-4923-b9f1-2d07e922ea7a"},{"type":2,"id":"22e3aa10-3fad-48df-836f-b81c73d56527"}],"id":"a7527def-399a-4274-a247-a6b72a7fae93"},{"src":"|project://smallsql0.21_src/src/smallsql/database/SSDatabaseMetaData.java|(27925,370,<852,3>,<852,373>)","metadata":{"length":1,"sloc":1,"mass":47},"fragment":"{SQLTokenizer.getKeyWord(SQLTokenizer.DOUBLE),          Utils.getShort(SQLTokenizer.getSQLDataType( SQLTokenizer.DOUBLE) ),          Utils.getInteger(15),      \tnull, null, null, \t\t\t\tUtils.getShort(typeNullable), Boolean.FALSE, Utils.getShort(typeSearchable), Boolean.FALSE, Boolean.FALSE, Boolean.FALSE, null, Utils.getInteger(0), Utils.getInteger(0), null, null, null}","location":{"offset":[27925,370],"column":3,"row":852,"file":"smallsql0.21_src/src/smallsql/database/SSDatabaseMetaData.java"},"clone_class":"361b9f5d-420b-4415-a3c4-fa3045234647","pairs":[{"type":2,"id":"0ce83d62-db7d-4a6d-8469-654ee2520c05"},{"type":2,"id":"d7ac46db-5225-440a-adab-e2b14a41a883"},{"type":2,"id":"18b1af30-33f7-434f-9c8a-5b76d0a628cb"},{"type":2,"id":"fa669786-8b26-47e7-bda1-2dda5e7784ee"},{"type":2,"id":"049234d1-f480-4183-9132-10bc24a208f2"},{"type":2,"id":"e82ebbe2-3aff-4a7b-baf4-0ab4c3c478e9"},{"type":2,"id":"86a2deee-da88-4923-b9f1-2d07e922ea7a"},{"type":2,"id":"a7527def-399a-4274-a247-a6b72a7fae93"}],"id":"22e3aa10-3fad-48df-836f-b81c73d56527"}]