[{"src":"|project://smallsql0.21_src/src/smallsql/database/SSResultSet.java|(11116,379,<319,4>,<328,5>)","metadata":{"length":10,"sloc":10,"mass":40},"fragment":"public BigDecimal getBigDecimal(int columnIndex) throws SQLException {\r\n        try{\r\n            MutableNumeric obj = getValue(columnIndex).getNumeric();\r\n            wasNull = obj == null;\r\n            if(wasNull) return null;\r\n            return obj.toBigDecimal();\r\n        }catch(Exception e){\r\n            throw SmallSQLException.createFromException( e );\r\n        }\r\n    }","location":{"offset":[11116,379],"column":4,"row":319,"file":"smallsql0.21_src/src/smallsql/database/SSResultSet.java"},"clone_class":"c2754026-1f05-4a23-8704-20028875eab3","pairs":[{"type":3,"id":"e125a90c-2657-42a2-9e1c-0cef9b093e23"}],"id":"7e8b8141-70d8-45df-92ef-207a982a8903"},{"src":"|project://smallsql0.21_src/src/smallsql/database/SSCallableStatement.java|(5299,305,<144,74>,<153,5>)","metadata":{"length":10,"sloc":10,"mass":34},"fragment":"{\r\n        try{\r\n            MutableNumeric obj = getValue(i).getNumeric();\r\n            wasNull = obj == null;\r\n            if(wasNull) return null;\r\n            return obj.toBigDecimal(scale);\r\n        }catch(Exception e){\r\n            throw SmallSQLException.createFromException( e );\r\n        }\r\n    }","location":{"offset":[5299,305],"column":74,"row":144,"file":"smallsql0.21_src/src/smallsql/database/SSCallableStatement.java"},"clone_class":"c2754026-1f05-4a23-8704-20028875eab3","pairs":[{"type":3,"id":"7e8b8141-70d8-45df-92ef-207a982a8903"}],"id":"e125a90c-2657-42a2-9e1c-0cef9b093e23"}]