[{"src":"|project://smallsql0.21_src/src/smallsql/database/language/Language_de.java|(1730,11660,<51,4>,<183,6>)","metadata":{"length":133,"sloc":113,"mass":342},"fragment":"private final String[][] ENTRIES = {\r\n            { UNSUPPORTED_OPERATION           , \"Nicht unterstützte Funktion: {0}\" },\r\n            { CANT_LOCK_FILE                  , \"Die Datei ''{0}'' kann nicht gelockt werden. Eine einzelne SmallSQL Datenbank kann nur für einen einzigen Prozess geöffnet werden.\" },\r\n\r\n            { DB_EXISTENT                     , \"Die Datenbank ''{0}'' existiert bereits.\" },\r\n            { DB_NONEXISTENT                  , \"Die Datenbank ''{0}'' existiert nicht.\" },\r\n            { DB_NOT_DIRECTORY                , \"Das Verzeichnis ''{0}'' ist keine SmallSQL Datenbank.\" },\r\n            { DB_NOTCONNECTED                 , \"Sie sind nicht mit einer Datenbank verbunden.\" },\r\n\r\n            { CONNECTION_CLOSED               , \"Die Verbindung ist bereits geschlossen.\" },\r\n\r\n            { VIEW_INSERT                     , \"INSERT wird nicht unterstützt für eine View.\" },\r\n            { VIEWDROP_NOT_VIEW               , \"DROP VIEW kann nicht mit ''{0}'' verwendet werden, weil es keine View ist.\" },\r\n            { VIEW_CANTDROP                   , \"View ''{0}'' kann nicht gelöscht werden.\" },\r\n\r\n            { RSET_NOT_PRODUCED               , \"Es wurde kein ResultSet erzeugt.\" },\r\n            { RSET_READONLY                   , \"Das ResultSet ist schreibgeschützt.\" },\r\n            { RSET_FWDONLY                    , \"Das ResultSet ist forward only.\" },\r\n            { RSET_CLOSED                     , \"Das ResultSet ist geschlossen.\" },\r\n            { RSET_NOT_INSERT_ROW             , \"Der Cursor zeigt aktuell nicht auf die Einfügeposition (insert row).\" },\r\n            { RSET_ON_INSERT_ROW              , \"Der Cursor zeigt aktuell auf die Einfügeposition (insert row).\" },\r\n            { ROWSOURCE_READONLY              , \"Die Rowsource ist schreibgeschützt.\" },\r\n            { STMT_IS_CLOSED                  , \"Das Statement ist bereits geschlossen.\" },\r\n\r\n            { SUBQUERY_COL_COUNT              , \"Die Anzahl der Spalten in der Subquery muss 1 sein und nicht {0}.\" },\r\n            { JOIN_DELETE                     , \"Die Methode deleteRow wird nicht unterstützt für Joins.\" },\r\n            { JOIN_INSERT                     , \"Die Methode insertRow wird nicht unterstützt für Joins.\" },\r\n            { DELETE_WO_FROM                  , \"Die Methode deleteRow benötigt einen FROM Ausdruck.\" },\r\n            { INSERT_WO_FROM                  , \"Die Methode insertRow benötigt einen FROM Ausdruck.\" },\r\n\r\n            { TABLE_CANT_RENAME               , \"Die Tabelle ''{0}'' kann nicht umbenannt werden.\" },\r\n            { TABLE_CANT_DROP                 , \"Die Tabelle ''{0}'' kann nicht gelöscht werden.\" },\r\n            { TABLE_CANT_DROP_LOCKED          , \"Die Tabelle ''{0}'' kann nicht gelöscht werden, weil sie gelockt ist.\" },\r\n            { TABLE_CORRUPT_PAGE              , \"Beschädigte Tabellenseite bei Position: {0}.\" },\r\n            { TABLE_MODIFIED                  , \"Die Tabelle ''{0}'' wurde modifiziert.\" },\r\n            { TABLE_DEADLOCK                  , \"Deadlock, es kann kein Lock erzeugt werden für Tabelle ''{0}''.\" },\r\n            { TABLE_OR_VIEW_MISSING           , \"Tabelle oder View ''{0}'' existiert nicht.\" },\r\n            { TABLE_FILE_INVALID              , \"Die Datei ''{0}'' enthält keine gültige SmallSQL Tabelle.\" },\r\n            { TABLE_OR_VIEW_FILE_INVALID      , \"Die Datei ''{0}'' ist keine gültiger Tabellen oder View Speicher.\" },\r\n            { TABLE_EXISTENT                  , \"Die Tabelle oder View ''{0}'' existiert bereits.\" },\r\n\r\n            { FK_NOT_TABLE                    , \"''{0}'' ist keine Tabelle.\" },\r\n            { PK_ONLYONE                      , \"Eine Tabelle kann nur einen Primärschlüssel haben.\" },\r\n            { KEY_DUPLICATE                   , \"Doppelter Schlüssel.\" },\r\n\r\n            { MONTH_TOOLARGE                  , \"Der Monat ist zu groß im DATE oder TIMESTAMP Wert ''{0}''.\" },\r\n            { DAYS_TOOLARGE                   , \"Die Tage sind zu groß im DATE oder TIMESTAMP Wert ''{0}''.\" },\r\n            { HOURS_TOOLARGE                  , \"Die Stunden sind zu groß im TIME oder TIMESTAMP Wert ''{0}''.\" },\r\n            { MINUTES_TOOLARGE                , \"Die Minuten sind zu groß im TIME oder TIMESTAMP Wert ''{0}''.\" },\r\n            { SECS_TOOLARGE                   , \"Die Sekunden sind zu groß im TIME oder TIMESTAMP Wert ''{0}''.\" },\r\n            { MILLIS_TOOLARGE                 , \"Die Millisekunden sind zu groß im TIMESTAMP Wert ''{0}''.\" },\r\n            { DATETIME_INVALID                , \"''{0}'' ist ein ungültiges DATE, TIME or TIMESTAMP.\" },\r\n\r\n            { UNSUPPORTED_CONVERSION_OPER     , \"Nicht unterstützte Konvertierung zu Datentyp ''{0}'' von Datentyp ''{1}'' für die Operation ''{2}''.\" },\r\n            { UNSUPPORTED_DATATYPE_OPER       , \"Nicht unterstützter Datentyp ''{0}'' für Operation ''{1}''.\" },\r\n            { UNSUPPORTED_DATATYPE_FUNC       , \"Nicht unterstützter Datentyp ''{0}'' für Funktion ''{1}''.\" },\r\n            { UNSUPPORTED_CONVERSION_FUNC     , \"Nicht unterstützte Konvertierung zu Datentyp ''{0}'' für Funktion ''{1}''.\" },\r\n            { UNSUPPORTED_TYPE_CONV           , \"Nicht unterstützter Typ für CONVERT Funktion: {0}.\" },\r\n            { UNSUPPORTED_TYPE_SUM            , \"Nicht unterstützter Datentyp ''{0}'' für SUM Funktion.\" },\r\n            { UNSUPPORTED_TYPE_MAX            , \"Nicht unterstützter Datentyp ''{0}'' für MAX Funktion.\" },\r\n            { UNSUPPORTED_CONVERSION          , \"Kann nicht konvertieren ''{0}'' [{1}] zu ''{2}''.\" },\r\n            { INSERT_INVALID_LEN              , \"Ungültige Länge ''{0}'' in Funktion INSERT.\" },\r\n            { SUBSTR_INVALID_LEN              , \"Ungültige Länge ''{0}'' in Funktion SUBSTRING.\" },\r\n\r\n            { VALUE_STR_TOOLARGE              , \"Der String Wert ist zu groß für die Spalte.\" },\r\n            { VALUE_BIN_TOOLARGE              , \"Ein Binäre Wert mit Länge {0} ist zu groß für eine Spalte mit der Größe {1}.\" },\r\n            { VALUE_NULL_INVALID              , \"Null Werte sind ungültig für die Spalte ''{0}''.\" },\r\n            { VALUE_CANT_CONVERT              , \"Kann nicht konvertieren ein {0} Wert zu einem {1} Wert.\" },\r\n\r\n            { BYTEARR_INVALID_SIZE            , \"Ungültige Bytearray Große {0} für UNIQUEIDENFIER.\" },\r\n            { LOB_DELETED                     , \"Lob Objekt wurde gelöscht.\" },\r\n\r\n            { PARAM_CLASS_UNKNOWN             , \"Unbekante Parameter Klasse: ''{0}''.\" },\r\n            { PARAM_EMPTY                     , \"Parameter {0} ist leer.\" },\r\n            { PARAM_IDX_OUT_RANGE             , \"Parameter Index {0} liegt außerhalb des Gültigkeitsbereiches. Der Wert muss zwischen 1 und {1} liegen.\" },\r\n\r\n            { COL_DUPLICATE                   , \"Es gibt einen doppelten Spaltennamen: ''{0}''.\" },\r\n            { COL_MISSING                     , \"Spalte ''{0}'' wurde nicht gefunden.\" },\r\n            { COL_VAL_UNMATCH                 , \"Die Spaltenanzahl und Werteanzahl ist nicht identisch.\" },\r\n            { COL_INVALID_SIZE                , \"Ungültige Spaltengröße {0} für Spalte ''{1}''.\" },\r\n            { COL_WRONG_PREFIX                , \"Der Spaltenprefix ''{0}'' passt zu keinem Tabellennamen oder Aliasnamen in dieser Abfrage.\" },\r\n            { COL_READONLY                    , \"Die Spalte {0} ist schreibgeschützt.\" },\r\n            { COL_INVALID_NAME                , \"Ungültiger Spaltenname ''{0}''.\" },\r\n            { COL_IDX_OUT_RANGE               , \"Spaltenindex außerhalb des Gültigkeitsbereiches: {0}.\" },\r\n            { COL_AMBIGUOUS                   , \"Die Spalte ''{0}'' ist mehrdeutig.\" },\r\n\r\n            { GROUP_AGGR_INVALID              , \"Aggregatfunktion sind nicht erlaubt im GROUP BY Klausel: ({0}).\" },\r\n            { GROUP_AGGR_NOTPART              , \"Der Ausdruck ''{0}'' ist nicht Teil einer Aggregatfunktion oder GROUP BY Klausel.\" },\r\n            { ORDERBY_INTERNAL                , \"Interner Error mit ORDER BY.\" },\r\n            { UNION_DIFFERENT_COLS            , \"Die SELECT Teile des UNION haben eine unterschiedliche Spaltenanzahl: {0} und {1}.\" },\r\n\r\n            { INDEX_EXISTS                    , \"Index ''{0}'' existiert bereits.\" },\r\n            { INDEX_MISSING                   , \"Index ''{0}'' existiert nicht.\" },\r\n            { INDEX_FILE_INVALID              , \"Die Datei ''{0}'' ist kein gültiger Indexspeicher.\" },\r\n            { INDEX_CORRUPT                   , \"Error beim Laden des Index. Die Index Datei ist beschädigt. ({0}).\" },\r\n            { INDEX_TOOMANY_EQUALS            , \"Zu viele identische Einträge im Index.\" },\r\n\r\n            { FILE_TOONEW                     , \"Dateiversion ({0}) der Datei ''{1}'' ist zu neu für diese Laufzeitbibliothek.\" },\r\n            { FILE_TOOOLD                     , \"Dateiversion ({0}) der Datei ''{1}'' ist zu alt für diese Laufzeitbibliothek.\" },\r\n            { FILE_CANT_DELETE                , \"Datei ''{0}'' kann nicht gelöscht werden.\" },\r\n\r\n            { ROW_0_ABSOLUTE                  , \"Datensatz 0 ist ungültig für die Methode absolute().\" },\r\n            { ROW_NOCURRENT                   , \"Kein aktueller Datensatz.\" },\r\n            { ROWS_WRONG_MAX                  , \"Fehlerhafter Wert für Maximale Datensatzanzahl: {0}.\" },\r\n            { ROW_LOCKED                      , \"Der Datensatz ist gelocked von einer anderen Verbindung.\" },\r\n            { ROW_DELETED                     , \"Der Datensatz ist bereits gelöscht.\" },\r\n\r\n            { SAVEPT_INVALID_TRANS            , \"Der Savepoint ist nicht gültig für die aktuelle Transaction.\" },\r\n            { SAVEPT_INVALID_DRIVER           , \"Der Savepoint ist nicht gültig für diesen Treiber {0}.\" },\r\n\r\n            { ALIAS_UNSUPPORTED               , \"Ein Alias ist nicht erlaubt für diesen Typ von Rowsource.\" },\r\n            { ISOLATION_UNKNOWN               , \"Unbekantes Transaktion Isolation Level: {0}.\" },\r\n            { FLAGVALUE_INVALID               , \"Ungültiger Wert des Flags in Methode getMoreResults: {0}.\" },\r\n            { ARGUMENT_INVALID                , \"Ungültiges Argument in Methode setNeedGenratedKeys: {0}.\" },\r\n            { GENER_KEYS_UNREQUIRED           , \"GeneratedKeys wurden nicht angefordert.\" },\r\n            { SEQUENCE_HEX_INVALID            , \"Ungültige Hexadecimal Sequenze bei Position {0}.\" },\r\n            { SEQUENCE_HEX_INVALID_STR        , \"Ungültige Hexadecimal Sequenze bei Position {0} in ''{1}''.\" },\r\n\r\n            { SYNTAX_BASE_OFS                 , \"Syntax Error bei Position {0} in ''{1}''. \" },\r\n            { SYNTAX_BASE_END                 , \"Syntax Error, unerwartetes Ende des SQL Strings. \" },\r\n            { STXADD_ADDITIONAL_TOK           , \"Zusätzliche Zeichen nach dem Ende des SQL statement.\" },\r\n            { STXADD_IDENT_EXPECT             , \"Bezeichner erwartet.\" },\r\n            { STXADD_IDENT_EMPTY              , \"Leerer Bezeichner.\" },\r\n            { STXADD_IDENT_WRONG              , \"Ungültiger Bezeichner ''{0}''.\" },\r\n            { STXADD_OPER_MINUS               , \"Ungültiger Operator Minus für Datentyp VARBINARY.\" },\r\n            { STXADD_FUNC_UNKNOWN             , \"Unbekannte Funktion.\" },\r\n            { STXADD_PARAM_INVALID_COUNT      , \"Ungültige Paramter Anzahl.\" },\r\n            { STXADD_JOIN_INVALID             , \"Ungültige Join Syntax.\" },\r\n            { STXADD_FROM_PAR_CLOSE           , \"Unerwartet schließende Klammer in FROM Klausel.\" },\r\n            { STXADD_KEYS_REQUIRED            , \"Benötige Schlüsselwörter sind: \" },\r\n            { STXADD_NOT_NUMBER               , \"Eine Zahl ist erforderlich: ''{0}''.\" },\r\n            { STXADD_COMMENT_OPEN             , \"Fehlendes Kommentarende ''*/''.\" },\r\n    };","location":{"offset":[1730,11660],"column":4,"row":51,"file":"smallsql0.21_src/src/smallsql/database/language/Language_de.java"},"clone_class":"9145c5e6-a23b-4523-9c32-ddda7af9eb70","pairs":[{"type":3,"id":"33f38047-2a67-40d8-bce3-ef22518a9c29"},{"type":3,"id":"95f0f7c1-9362-4a73-9ea7-cf8a9b881a76"}],"id":"39f98bf6-7aa2-4906-a9e2-b3d1cf6e55fe"},{"src":"|project://smallsql0.21_src/src/smallsql/database/language/Language.java|(13747,9310,<354,26>,<488,2>)","metadata":{"length":135,"sloc":114,"mass":338},"fragment":"MESSAGES = {\r\n{ CUSTOM_MESSAGE           \t\t  , \"{0}\" },\r\n\r\n{ UNSUPPORTED_OPERATION           , \"Unsupported Operation {0}.\" },\r\n{ CANT_LOCK_FILE                  , \"Can''t lock file ''{0}''. A single SmallSQL Database can only be opened from a single process.\" },\r\n\r\n{ DB_EXISTENT                     , \"Database ''{0}'' already exists.\" },\r\n{ DB_NONEXISTENT                  , \"Database ''{0}'' does not exist.\" },\r\n{ DB_NOT_DIRECTORY                , \"Directory ''{0}'' is not a SmallSQL database.\" },\r\n{ DB_NOTCONNECTED                 , \"You are not connected with a Database.\" },\r\n\r\n{ CONNECTION_CLOSED               , \"Connection is already closed.\" },\r\n\r\n{ VIEW_INSERT                     , \"INSERT is not supported for a view.\" },\r\n{ VIEWDROP_NOT_VIEW               , \"Cannot use DROP VIEW with ''{0}'' because it does not is a view.\" },\r\n{ VIEW_CANTDROP                   , \"View ''{0}'' can''t be dropped.\" },\r\n\r\n{ RSET_NOT_PRODUCED               , \"No ResultSet was produced.\" },\r\n{ RSET_READONLY                   , \"ResultSet is read only.\" },\r\n{ RSET_FWDONLY                    , \"ResultSet is forward only.\" },\r\n{ RSET_CLOSED                     , \"ResultSet is closed.\" },\r\n{ RSET_NOT_INSERT_ROW             , \"Cursor is currently not on the insert row.\" },\r\n{ RSET_ON_INSERT_ROW              , \"Cursor is currently on the insert row.\" },\r\n{ ROWSOURCE_READONLY              , \"Rowsource is read only.\" },\r\n{ STMT_IS_CLOSED                  , \"Statement is already closed.\" },\r\n\r\n{ SUBQUERY_COL_COUNT              , \"Count of columns in subquery must be 1 and not {0}.\" },\r\n{ JOIN_DELETE                     , \"The method deleteRow not supported on joins.\" },\r\n{ JOIN_INSERT                     , \"The method insertRow not supported on joins.\" },\r\n{ DELETE_WO_FROM                  , \"The method deleteRow need a FROM expression.\" },\r\n{ INSERT_WO_FROM                  , \"The method insertRow need a FROM expression.\" },\r\n\r\n{ TABLE_CANT_RENAME               , \"Table ''{0}'' can''t be renamed.\" },\r\n{ TABLE_CANT_DROP                 , \"Table ''{0}'' can''t be dropped.\" },\r\n{ TABLE_CANT_DROP_LOCKED          , \"Table ''{0}'' can''t drop because is locked.\" },\r\n{ TABLE_CORRUPT_PAGE              , \"Corrupt table page at position: {0}.\" },\r\n{ TABLE_MODIFIED                  , \"Table ''{0}'' was modified.\" },\r\n{ TABLE_DEADLOCK                  , \"Deadlock, can not create a lock on table ''{0}''.\" },\r\n{ TABLE_OR_VIEW_MISSING           , \"Table or View ''{0}'' does not exist.\" },\r\n{ TABLE_FILE_INVALID              , \"File ''{0}'' does not include a valid SmallSQL Table.\" },\r\n{ TABLE_OR_VIEW_FILE_INVALID      , \"File ''{0}'' is not a valid Table or View store.\" },\r\n{ TABLE_EXISTENT                  , \"Table or View ''{0}'' already exists.\" },\r\n\r\n{ FK_NOT_TABLE                    , \"''{0}'' is not a table.\" },\r\n{ PK_ONLYONE                      , \"A table can have only one primary key.\" },\r\n{ KEY_DUPLICATE                   , \"Duplicate Key.\" },\r\n\r\n{ MONTH_TOOLARGE                  , \"Months are too large in DATE or TIMESTAMP value ''{0}''.\" },\r\n{ DAYS_TOOLARGE                   , \"Days are too large in DATE or TIMESTAMP value ''{0}''.\" },\r\n{ HOURS_TOOLARGE                  , \"Hours are too large in TIME or TIMESTAMP value ''{0}''.\" },\r\n{ MINUTES_TOOLARGE                , \"Minutes are too large in TIME or TIMESTAMP value ''{0}''.\" },\r\n{ SECS_TOOLARGE                   , \"Seconds are too large in TIME or TIMESTAMP value ''{0}''.\" },\r\n{ MILLIS_TOOLARGE                 , \"Milliseconds are too large in TIMESTAMP value ''{0}''.\" },\r\n{ DATETIME_INVALID                , \"''{0}'' is an invalid DATE, TIME or TIMESTAMP.\" },\r\n\r\n{ UNSUPPORTED_CONVERSION_OPER     , \"Unsupported conversion to data type ''{0}'' from data type ''{1}'' for operation ''{2}''.\" },\r\n{ UNSUPPORTED_DATATYPE_OPER       , \"Unsupported data type ''{0}'' for operation ''{1}''.\" },\r\n{ UNSUPPORTED_DATATYPE_FUNC       , \"Unsupported data type ''{0}'' for function ''{1}''.\" },\r\n{ UNSUPPORTED_CONVERSION_FUNC     , \"Unsupported conversion to data type ''{0}'' for function ''{1}''.\" },\r\n{ UNSUPPORTED_TYPE_CONV           , \"Unsupported type for CONVERT function: {0}.\" },\r\n{ UNSUPPORTED_TYPE_SUM            , \"Unsupported data type ''{0}'' for SUM function.\" },\r\n{ UNSUPPORTED_TYPE_MAX            , \"Unsupported data type ''{0}'' for MAX function.\" },\r\n{ UNSUPPORTED_CONVERSION          , \"Can''t convert ''{0}'' [{1}] to ''{2}''.\" },\r\n{ INSERT_INVALID_LEN              , \"Invalid length ''{0}'' in function INSERT.\" },\r\n{ SUBSTR_INVALID_LEN              , \"Invalid length ''{0}'' in function SUBSTRING.\" },\r\n\r\n{ VALUE_STR_TOOLARGE              , \"String value too large for column.\" },\r\n{ VALUE_BIN_TOOLARGE              , \"Binary value with length {0} to large for column with size {1}.\" },\r\n{ VALUE_NULL_INVALID              , \"Null values are not valid for column ''{0}''.\" },\r\n{ VALUE_CANT_CONVERT              , \"Cannot convert a {0} value to a {1} value.\" },\r\n\r\n{ BYTEARR_INVALID_SIZE            , \"Invalid byte array size {0} for UNIQUEIDENFIER.\" },\r\n{ LOB_DELETED                     , \"Lob Object was deleted.\" },\r\n\r\n{ PARAM_CLASS_UNKNOWN             , \"Unknown parameter class: ''{0}''.\" },\r\n{ PARAM_EMPTY                     , \"Parameter {0} is empty.\" },\r\n{ PARAM_IDX_OUT_RANGE             , \"Parameter index {0} out of range. The value must be between 1 and {1}.\" },\r\n\r\n{ COL_DUPLICATE                \t  , \"There is a duplicated column name: ''{0}''.\" },\r\n{ COL_MISSING                     , \"Column ''{0}'' not found.\" },\r\n{ COL_VAL_UNMATCH                 , \"Columns and Values count is not identical.\" },\r\n{ COL_INVALID_SIZE                , \"Invalid column size {0} for column ''{1}''.\" },\r\n{ COL_WRONG_PREFIX                , \"The column prefix ''{0}'' does not match with a table name or alias name used in this query.\" },\r\n{ COL_READONLY                    , \"Column {0} is read only.\" },\r\n{ COL_INVALID_NAME                , \"Invalid column name ''{0}''.\" },\r\n{ COL_IDX_OUT_RANGE               , \"Column index out of range: {0}.\" },\r\n{ COL_AMBIGUOUS                   , \"Column ''{0}'' is ambiguous.\" },\r\n\r\n{ GROUP_AGGR_INVALID              , \"Aggregate function are not valid in the GROUP BY clause ({0}).\" },\r\n{ GROUP_AGGR_NOTPART              , \"Expression ''{0}'' is not part of a aggregate function or GROUP BY clause.\" },\r\n{ ORDERBY_INTERNAL                , \"Internal Error with ORDER BY.\" },\r\n{ UNION_DIFFERENT_COLS            , \"Different SELECT of the UNION have different column count: {0} and {1}.\" },\r\n\r\n{ INDEX_EXISTS                    , \"Index ''{0}'' already exists.\" },\r\n{ INDEX_MISSING                   , \"Index ''{0}'' does not exist.\" },\r\n{ INDEX_FILE_INVALID              , \"File ''{0}'' is not a valid Index store.\" },\r\n{ INDEX_CORRUPT                   , \"Error in loading Index. Index file is corrupt. ({0}).\" },\r\n{ INDEX_TOOMANY_EQUALS            , \"Too many equals entry in Index.\" },\r\n\r\n{ FILE_TOONEW                     , \"File version ({0}) of file ''{1}'' is too new for this runtime.\" },\r\n{ FILE_TOOOLD                     , \"File version ({0}) of file ''{1}'' is too old for this runtime.\" },\r\n{ FILE_CANT_DELETE                , \"File ''{0}'' can't be deleted.\" },\r\n\r\n{ ROW_0_ABSOLUTE                  , \"Row 0 is invalid for method absolute().\" },\r\n{ ROW_NOCURRENT                   , \"No current row.\" },\r\n{ ROWS_WRONG_MAX                  , \"Wrong max rows value: {0}.\" },\r\n{ ROW_LOCKED                      , \"Row is locked from another Connection.\" },\r\n{ ROW_DELETED                     , \"Row already deleted.\" },\r\n\r\n{ SAVEPT_INVALID_TRANS            , \"Savepoint is not valid for this transaction.\" },\r\n{ SAVEPT_INVALID_DRIVER           , \"Savepoint is not valid for this driver {0}.\" },\r\n\r\n{ ALIAS_UNSUPPORTED               , \"Alias not supported for this type of row source.\" },\r\n{ ISOLATION_UNKNOWN               , \"Unknown Transaction Isolation Level: {0}.\" },\r\n{ FLAGVALUE_INVALID               , \"Invalid flag value in method getMoreResults: {0}.\" },\r\n{ ARGUMENT_INVALID                , \"Invalid argument in method setNeedGenratedKeys: {0}.\" },\r\n{ GENER_KEYS_UNREQUIRED           , \"GeneratedKeys not requested.\" },\r\n{ SEQUENCE_HEX_INVALID            , \"Invalid hex sequence at {0}.\" },\r\n{ SEQUENCE_HEX_INVALID_STR        , \"Invalid hex sequence at position {0} in ''{1}''.\" },\r\n\r\n{ SYNTAX_BASE_OFS            \t  , \"Syntax error at offset {0} on ''{1}''. \" },\r\n{ SYNTAX_BASE_END        \t\t  , \"Syntax error, unexpected end of SQL string. \" },\r\n{ STXADD_ADDITIONAL_TOK\t\t\t  , \"Additional token after end of SQL statement.\" },\r\n{ STXADD_IDENT_EXPECT\t\t\t  , \"Identifier expected.\" },\r\n{ STXADD_IDENT_EMPTY \t\t\t  , \"Empty Identifier.\" },\r\n{ STXADD_IDENT_WRONG \t\t\t  , \"Wrong Identifier ''{0}''.\" },\r\n{ STXADD_OPER_MINUS \t\t\t  , \"Invalid operator minus for data type VARBINARY.\" },\r\n{ STXADD_FUNC_UNKNOWN \t\t\t  , \"Unknown function.\" },\r\n{ STXADD_PARAM_INVALID_COUNT\t  , \"Invalid parameter count.\" },\r\n{ STXADD_JOIN_INVALID\t  \t\t  , \"Invalid Join Syntax.\" },\r\n{ STXADD_FROM_PAR_CLOSE\t  \t\t  , \"Unexpected closing parenthesis in FROM clause.\" },\r\n{ STXADD_KEYS_REQUIRED\t  \t\t  , \"Required keywords are: \" },\r\n{ STXADD_NOT_NUMBER\t  \t\t      , \"Number value required (passed = ''{0}'').\" },\r\n{ STXADD_COMMENT_OPEN\t\t\t  , \"Missing end comment mark (''*/'').\" },\r\n\t}","location":{"offset":[13747,9310],"column":26,"row":354,"file":"smallsql0.21_src/src/smallsql/database/language/Language.java"},"clone_class":"9145c5e6-a23b-4523-9c32-ddda7af9eb70","pairs":[{"type":3,"id":"39f98bf6-7aa2-4906-a9e2-b3d1cf6e55fe"},{"type":3,"id":"33f38047-2a67-40d8-bce3-ef22518a9c29"}],"id":"95f0f7c1-9362-4a73-9ea7-cf8a9b881a76"}]