[{"src":"|project://smallsql0.21_src/src/smallsql/junit/TestAlterTable.java|(2620,887,<72,4>,<92,5>)","metadata":{"length":21,"sloc":21,"mass":85},"fragment":"public void testAddWithTableLock_REPEATABLE_READ() throws Exception{\r\n        Connection con = AllTests.getConnection();\r\n        Statement st = con.createStatement();\r\n        int isolation = con.getTransactionIsolation();\r\n        con.setAutoCommit(false);\r\n        try{\r\n            con.setTransactionIsolation( Connection.TRANSACTION_REPEATABLE_READ );\r\n            ResultSet rs = st.executeQuery(\"Select * From \" + table);\r\n            rs.next();\r\n            try {\r\n                st.execute(\"Alter Table \" + table + \" Add a Varchar(20)\");\r\n                fail(\"Alter Table should not work on a table with a lock.\");\r\n            } catch (SQLException ex) {\r\n                assertSQLException( \"01000\", 0, ex );\r\n            }\r\n            rs.next();\r\n        }finally{\r\n            con.setTransactionIsolation(isolation);\r\n            con.setAutoCommit(true);\r\n        }\r\n    }","location":{"offset":[2620,887],"column":4,"row":72,"file":"smallsql0.21_src/src/smallsql/junit/TestAlterTable.java"},"clone_class":"6f7e42bd-ba5a-4da8-9ac2-b77fad739978","pairs":[{"type":3,"id":"2ce309d0-239e-4064-8d8c-cd6cda70885a"},{"type":3,"id":"4971ef85-8fb3-474f-9231-8aadfc6fc502"}],"id":"05e44637-bb97-4d62-9e60-2cbdd17329d7"},{"src":"|project://smallsql0.21_src/src/smallsql/junit/TestAlterTable.java|(3591,819,<95,70>,<115,5>)","metadata":{"length":21,"sloc":21,"mass":81},"fragment":"{\r\n        Connection con = AllTests.getConnection();\r\n        Statement st = con.createStatement();\r\n        int isolation = con.getTransactionIsolation();\r\n        con.setAutoCommit(false);\r\n        try{\r\n            con.setTransactionIsolation( Connection.TRANSACTION_READ_COMMITTED );\r\n            ResultSet rs = st.executeQuery(\"Select * From \" + table);\r\n            rs.next();\r\n            st.execute(\"Alter Table \" + table + \" Add a Varchar(20)\");\r\n            try {\r\n                rs.next();\r\n                fail(\"Alter Table should not work on a table with a lock.\");\r\n            } catch (SQLException ex) {\r\n                assertSQLException( \"01000\", 0, ex );\r\n            }\r\n        }finally{\r\n            con.setTransactionIsolation(isolation);\r\n            con.setAutoCommit(true);\r\n        }\r\n    }","location":{"offset":[3591,819],"column":70,"row":95,"file":"smallsql0.21_src/src/smallsql/junit/TestAlterTable.java"},"clone_class":"6f7e42bd-ba5a-4da8-9ac2-b77fad739978","pairs":[{"type":3,"id":"05e44637-bb97-4d62-9e60-2cbdd17329d7"},{"type":3,"id":"2ce309d0-239e-4064-8d8c-cd6cda70885a"}],"id":"4971ef85-8fb3-474f-9231-8aadfc6fc502"}]