[{"src":"|project://smallsql0.21_src/src/smallsql/database/SSResultSet.java|(13556,266,<411,45>,<419,2>)","metadata":{"length":9,"sloc":9,"mass":31},"fragment":"{\r\n\t\ttry{\r\n\t\t\tif(st.rsType == ResultSet.TYPE_FORWARD_ONLY) throw SmallSQLException.create(Language.RSET_FWDONLY);\r\n            moveToCurrentRow();\r\n            getCmd().afterLast();\r\n\t\t}catch(Exception e){\r\n\t\t\tthrow SmallSQLException.createFromException(e);\r\n\t\t}\r\n\t}","location":{"offset":[13556,266],"column":45,"row":411,"file":"smallsql0.21_src/src/smallsql/database/SSResultSet.java"},"clone_class":"de35d744-c247-47cb-84e7-f5ff88c8d813","pairs":[{"type":3,"id":"91ff030d-26fa-40d6-b469-e43f50c163af"}],"id":"cc2447a7-3069-4ea2-b086-084545136eee"},{"src":"|project://smallsql0.21_src/src/smallsql/database/SSResultSet.java|(12572,263,<370,47>,<378,5>)","metadata":{"length":9,"sloc":9,"mass":31},"fragment":"{\r\n\t\ttry{\r\n\t\t\tif(st.rsType == ResultSet.TYPE_FORWARD_ONLY) throw SmallSQLException.create(Language.RSET_FWDONLY);\r\n            moveToCurrentRow();\r\n\t\t\treturn getCmd().first();\r\n\t\t}catch(Exception e){\r\n\t\t\tthrow SmallSQLException.createFromException(e);\r\n\t\t}\r\n    }","location":{"offset":[12572,263],"column":47,"row":370,"file":"smallsql0.21_src/src/smallsql/database/SSResultSet.java"},"clone_class":"de35d744-c247-47cb-84e7-f5ff88c8d813","pairs":[{"type":3,"id":"cc2447a7-3069-4ea2-b086-084545136eee"}],"id":"91ff030d-26fa-40d6-b469-e43f50c163af"}]