[{"src":"|project://smallsql0.21_src/src/smallsql/junit/TestDBMetaData.java|(8442,274,<183,8>,<183,282>)","metadata":{"length":1,"sloc":1,"mass":60},"fragment":"int[] colTypes = {Types.VARCHAR, Types.NULL, Types.VARCHAR, Types.VARCHAR, Types.SMALLINT, Types.VARCHAR, Types.INTEGER, Types.NULL, Types.INTEGER, Types.INTEGER, Types.INTEGER, Types.NULL, Types.VARCHAR, Types.NULL, Types.NULL, Types.INTEGER, Types.INTEGER, Types.VARCHAR};","location":{"offset":[8442,274],"column":8,"row":183,"file":"smallsql0.21_src/src/smallsql/junit/TestDBMetaData.java"},"clone_class":"c95047fc-882d-4f48-9ddb-5c54fb54085f","pairs":[{"type":2,"id":"eee77939-cd10-4e3d-90db-6e0bb57cb376"}],"id":"d66d22a2-6e8e-4ed3-9a72-3184d9c4ab3a"},{"src":"|project://smallsql0.21_src/src/smallsql/junit/TestDBMetaData.java|(10017,280,<211,8>,<211,288>)","metadata":{"length":1,"sloc":1,"mass":60},"fragment":"int[] colTypes = {Types.VARCHAR, Types.SMALLINT, Types.INTEGER, Types.VARCHAR, Types.VARCHAR, Types.VARCHAR, Types.SMALLINT, Types.BOOLEAN, Types.SMALLINT, Types.BOOLEAN, Types.BOOLEAN, Types.BOOLEAN, Types.NULL, Types.INTEGER, Types.INTEGER, Types.NULL, Types.NULL, Types.NULL };","location":{"offset":[10017,280],"column":8,"row":211,"file":"smallsql0.21_src/src/smallsql/junit/TestDBMetaData.java"},"clone_class":"c95047fc-882d-4f48-9ddb-5c54fb54085f","pairs":[{"type":2,"id":"d66d22a2-6e8e-4ed3-9a72-3184d9c4ab3a"}],"id":"eee77939-cd10-4e3d-90db-6e0bb57cb376"}]