[{"src":"|project://smallsql0.21_src/src/smallsql/junit/TestOrderBy.java|(3892,676,<115,1>,<140,2>)","metadata":{"length":26,"sloc":22,"mass":107},"fragment":"public void testOrderBy_char() throws Exception{\r\n\t\tinit();\r\n\t\tConnection con = AllTests.getConnection();\r\n\t\tStatement st = con.createStatement();\r\n\t\tResultSet rs;\r\n\t\tString oldValue;\r\n\t\t\r\n\t\trs = st.executeQuery(\"SELECT * FROM \" + table1 + \" ORDER  by c\");\r\n\t\t\r\n\t\tassertTrue( rs.next() );\r\n\t\t\r\n\t\toldValue = rs.getString(\"c\");\r\n\t\tassertNull(oldValue);\r\n\t\tassertTrue( rs.next() );\r\n\t\toldValue = rs.getString(\"c\");\r\n\t\t\r\n\t\tint count = 1;\r\n\t\twhile(rs.next()){\r\n\t\t\tString newValue = rs.getString(\"c\");\r\n\t\t\tassertTrue( oldValue + \"<\" + newValue, oldValue.compareTo( newValue ) < 0 );\r\n\t\t\toldValue = newValue;\r\n\t\t\tcount++;\r\n\t\t}\r\n\t\trs.close();\r\n\t\tassertEquals( valueCount, count );\r\n\t}","location":{"offset":[3892,676],"column":1,"row":115,"file":"smallsql0.21_src/src/smallsql/junit/TestOrderBy.java"},"clone_class":"ae2e2e8f-2d91-4c62-b227-6f73f5afa080","pairs":[{"type":3,"id":"81aacdf3-3f5d-464c-b98b-53c68e86502e"},{"type":3,"id":"52492471-7540-4a21-acb0-9425f8e3eb41"}],"id":"e3f8ce31-f989-4dbe-874b-b99a2909b687"},{"src":"|project://smallsql0.21_src/src/smallsql/junit/TestOrderBy.java|(14569,713,<545,1>,<569,2>)","metadata":{"length":25,"sloc":21,"mass":113},"fragment":"public void test_bigint_withDoublicateValues() throws Exception{\r\n\t\tinit();\r\n\t\tConnection con = AllTests.getConnection();\r\n\t\tStatement st = con.createStatement();\r\n\t\tResultSet rs;\r\n\t\tLong oldValue;\r\n\t\t\r\n\t\trs = st.executeQuery(\"SELECT bi/2 bi_2 FROM \" + table1 + \" ORDER  by (bi/2)\");\r\n\t\t\r\n\t\tassertTrue( rs.next() );\r\n\t\t\r\n\t\toldValue = (Long)rs.getObject(\"bi_2\");\r\n\t\tassertNull(oldValue);\r\n\t\tassertTrue( rs.next() );\r\n\t\toldValue = (Long)rs.getObject(\"bi_2\");\r\n\t\t\r\n\t\tint count = 1;\r\n\t\twhile(rs.next()){\r\n\t\t\tLong newValue = (Long)rs.getObject(\"bi_2\");\r\n\t\t\tassertTrue( oldValue + \"<=\"+newValue, oldValue.compareTo( newValue ) <= 0 );\r\n\t\t\toldValue = newValue;\r\n\t\t\tcount++;\r\n\t\t}\r\n\t\tassertEquals( valueCount, count );\r\n\t}","location":{"offset":[14569,713],"column":1,"row":545,"file":"smallsql0.21_src/src/smallsql/junit/TestOrderBy.java"},"clone_class":"ae2e2e8f-2d91-4c62-b227-6f73f5afa080","pairs":[{"type":3,"id":"e3f8ce31-f989-4dbe-874b-b99a2909b687"},{"type":3,"id":"52492471-7540-4a21-acb0-9425f8e3eb41"}],"id":"81aacdf3-3f5d-464c-b98b-53c68e86502e"}]