[{"src":"|project://smallsql0.21_src/src/smallsql/database/ExpressionFunctionLTrim.java|(2066,221,<67,43>,<75,2>)","metadata":{"length":9,"sloc":9,"mass":36},"fragment":"{\r\n\t\tif(isNull()) return null;\r\n\t\tString str = param1.getString();\r\n        int start = 0;\r\n        while(start<str.length() && str.charAt(start)==' '){\r\n            start++;\r\n        }\r\n\t\treturn str.substring(start);\r\n\t}","location":{"offset":[2066,221],"column":43,"row":67,"file":"smallsql0.21_src/src/smallsql/database/ExpressionFunctionLTrim.java"},"clone_class":"0f09f960-dcf7-4e63-a33f-5416632770ed","pairs":[{"type":3,"id":"cc141d2c-081e-4ae7-8265-8d02b2bd5aca"}],"id":"e2fa7e87-e8c5-48d6-b6be-37895f454f1e"},{"src":"|project://smallsql0.21_src/src/smallsql/database/ExpressionFunctionRTrim.java|(2011,230,<65,43>,<73,2>)","metadata":{"length":9,"sloc":9,"mass":39},"fragment":"{\r\n\t\tif(isNull()) return null;\r\n\t\tString str = param1.getString();\r\n        int length = str.length();\r\n        while(length>0 && str.charAt(length-1)==' '){\r\n            length--;\r\n        }\r\n\t\treturn str.substring(0,length);\r\n\t}","location":{"offset":[2011,230],"column":43,"row":65,"file":"smallsql0.21_src/src/smallsql/database/ExpressionFunctionRTrim.java"},"clone_class":"0f09f960-dcf7-4e63-a33f-5416632770ed","pairs":[{"type":3,"id":"e2fa7e87-e8c5-48d6-b6be-37895f454f1e"}],"id":"cc141d2c-081e-4ae7-8265-8d02b2bd5aca"}]