[{"src":"|project://smallsql0.21_src/src/smallsql/database/CommandSelect.java|(12686,1087,<407,37>,<435,4>)","metadata":{"length":29,"sloc":25,"mass":145},"fragment":"{\r\n\t\t\t\tTableViewResult result = TableViewResult.getTableViewResult( tables.get(t) );\r\n\t\t\t\tTableView table = result.getTableView();\r\n\t\t\t\tColumns tableColumns = table.columns;\r\n\t\t\t\tint count = tableColumns.size();\r\n\t\t\t\t\r\n\t\t\t\t// order the new Values after it position in the table\r\n\t\t\t\tExpression[] updateValues = new Expression[count];\r\n\t\t\t\tboolean isUpdateNeeded = false;\r\n\t\t\t\tfor(int i=0; i<columnExpressions.size(); i++){\r\n\t\t\t\t\tExpression src = newRowSources[i];\r\n\t\t\t\t\tif(src != null && (!(src instanceof ExpressionValue) || !((ExpressionValue)src).isEmpty())){\t\r\n\t\t\t\t\t\tExpression col = columnExpressions.get(i);\r\n\t\t\t\t\t\tif(!col.isDefinitelyWritable())\r\n\t\t\t\t\t\t\tthrow SmallSQLException.create(Language.COL_READONLY, new Integer(i));\r\n\t\t\t\t\t\tExpressionName exp = (ExpressionName)col;\r\n\t\t\t\t\t\tif(table == exp.getTable()){\r\n\t\t\t\t\t\t\tupdateValues[exp.getColumnIndex()] = src;\r\n\t\t\t\t\t\t\tisUpdateNeeded = true;\r\n\t\t\t\t\t\t\tcontinue;\r\n\t\t\t\t\t\t}\r\n\t\t\t\t\t}\r\n\t\t\t\t}\r\n\t\t\t\t\r\n\t\t\t\t// save the new values if there are new value for this table\r\n\t\t\t\tif(isUpdateNeeded){\r\n\t\t\t\t\tresult.updateRow(updateValues);\r\n\t\t\t\t}\r\n\t\t\t}","location":{"offset":[12686,1087],"column":37,"row":407,"file":"smallsql0.21_src/src/smallsql/database/CommandSelect.java"},"clone_class":"903c575c-588a-4e23-8b90-f4819d997ee8","pairs":[{"type":3,"id":"5033cc98-0827-4713-82ba-203ca3f70c08"}],"id":"746f7874-5099-42b2-bfe1-aac18cf104db"},{"src":"|project://smallsql0.21_src/src/smallsql/database/CommandSelect.java|(14255,1084,<451,5>,<478,3>)","metadata":{"length":28,"sloc":24,"mass":144},"fragment":"{\r\n\t\t\tTableViewResult result = TableViewResult.getTableViewResult( tables.get(0) );\r\n\t\t\tTableView table = result.getTableView();\r\n\t\t\tColumns tabColumns = table.columns;\r\n\t\t\tint count = tabColumns.size();\r\n\t\t\t\t\t\r\n\t\t\t// order the new Values after it position in the table\r\n\t\t\tExpression[] updateValues = new Expression[count];\r\n\t\t\tif(newRowSources != null){\r\n\t\t\t\tfor(int i=0; i<columnExpressions.size(); i++){\r\n\t\t\t\t\tExpression src = newRowSources[i];\r\n\t\t\t\t\tif(src != null && (!(src instanceof ExpressionValue) || !((ExpressionValue)src).isEmpty())){\t\r\n\t\t\t\t\t\tExpression rsColumn = columnExpressions.get(i); // Column of the ResultSet\r\n\t\t\t\t\t\tif(!rsColumn.isDefinitelyWritable())\r\n\t\t\t\t\t\t\tthrow SmallSQLException.create(Language.COL_READONLY, new Integer(i));\r\n\t\t\t\t\t\tExpressionName exp = (ExpressionName)rsColumn;\r\n\t\t\t\t\t\tif(table == exp.getTable()){\r\n\t\t\t\t\t\t\tupdateValues[exp.getColumnIndex()] = src;\r\n\t\t\t\t\t\t\tcontinue;\r\n\t\t\t\t\t\t}\r\n\t\t\t\t\t}\r\n\t\t\t\t\tupdateValues[i] = null;\r\n\t\t\t\t}\r\n\t\t\t}\r\n\t\t\t\t\t\r\n\t\t\t// save the new values if there are new value for this table\r\n\t\t\tresult.insertRow(updateValues);\r\n\t\t}","location":{"offset":[14255,1084],"column":5,"row":451,"file":"smallsql0.21_src/src/smallsql/database/CommandSelect.java"},"clone_class":"903c575c-588a-4e23-8b90-f4819d997ee8","pairs":[{"type":3,"id":"746f7874-5099-42b2-bfe1-aac18cf104db"}],"id":"5033cc98-0827-4713-82ba-203ca3f70c08"}]