[{"src":"|project://smallsql0.21_src/src/smallsql/database/ExpressionFunctionConvert.java|(4040,291,<139,31>,<149,4>)","metadata":{"length":11,"sloc":10,"mass":46},"fragment":"{\r\n\t\t\t\tbyte[] bytes = param1.getBytes();\r\n\t\t\t\tint length = datatype.getPrecision();\r\n\t\t\t\tif(length < bytes.length){\r\n\t\t\t\t\tbyte[] buffer = new byte[length];\r\n\t\t\t\t\tSystem.arraycopy(bytes, 0, buffer, 0, Math.min(bytes.length,length) );\r\n\t\t\t\t\treturn buffer;\r\n\t\t\t\t}\r\n\t\t\t\treturn bytes;\r\n\t\t\t\t\r\n\t\t\t}","location":{"offset":[4040,291],"column":31,"row":139,"file":"smallsql0.21_src/src/smallsql/database/ExpressionFunctionConvert.java"},"clone_class":"009216a6-ecee-48a4-a20d-c84057fd5883","pairs":[{"type":2,"id":"f5e11adc-b496-44ad-a123-f129eed409e4"}],"id":"fe9ace72-838c-40d6-a177-fdaab4cd54d7"},{"src":"|project://smallsql0.21_src/src/smallsql/database/ExpressionFunctionConvert.java|(4361,292,<150,28>,<160,4>)","metadata":{"length":11,"sloc":10,"mass":46},"fragment":"{\r\n\t\t\t\tbyte[] bytes = param1.getBytes();\r\n\t\t\t\tint length = datatype.getPrecision();\r\n\t\t\t\tif(length != bytes.length){\r\n\t\t\t\t\tbyte[] buffer = new byte[length];\r\n\t\t\t\t\tSystem.arraycopy(bytes, 0, buffer, 0, Math.min(bytes.length,length) );\r\n\t\t\t\t\treturn buffer;\r\n\t\t\t\t}\r\n\t\t\t\treturn bytes;\r\n\t\t\t\t\r\n\t\t\t}","location":{"offset":[4361,292],"column":28,"row":150,"file":"smallsql0.21_src/src/smallsql/database/ExpressionFunctionConvert.java"},"clone_class":"009216a6-ecee-48a4-a20d-c84057fd5883","pairs":[{"type":2,"id":"fe9ace72-838c-40d6-a177-fdaab4cd54d7"}],"id":"f5e11adc-b496-44ad-a123-f129eed409e4"}]