[{"src":"|project://smallsql0.21_src/src/smallsql/database/SSResultSet.java|(27609,305,<818,59>,<827,5>)","metadata":{"length":10,"sloc":10,"mass":34},"fragment":"{\r\n        try{\r\n            Expression expr = getValue(columnIndex);\r\n            wasNull = expr.isNull();\r\n            if(wasNull) return null;\r\n            return new URL( expr.getString() );\r\n        }catch(Exception e){\r\n            throw SmallSQLException.createFromException( e );\r\n        }\r\n    }","location":{"offset":[27609,305],"column":59,"row":818,"file":"smallsql0.21_src/src/smallsql/database/SSResultSet.java"},"clone_class":"1b315443-4e64-4ef6-bf2b-7b0d8a3d47c2","pairs":[{"type":3,"id":"9b787fd5-5efd-4537-96b5-f15f4951a4e7"},{"type":3,"id":"e125a90c-2657-42a2-9e1c-0cef9b093e23"}],"id":"64cc9e5a-b7a8-4cbc-bc5a-8fc70b01f431"},{"src":"|project://smallsql0.21_src/src/smallsql/database/SSCallableStatement.java|(5950,275,<163,51>,<172,5>)","metadata":{"length":10,"sloc":10,"mass":33},"fragment":"{\r\n        try{\r\n\t\t\tExpression expr = getValue(i);\r\n            wasNull = expr.isNull();\r\n\t\t\tif(wasNull) return null;\r\n\t\t\treturn DateTime.getDate( expr.getLong() );\r\n        }catch(Exception e){\r\n            throw SmallSQLException.createFromException( e );\r\n        }\r\n    }","location":{"offset":[5950,275],"column":51,"row":163,"file":"smallsql0.21_src/src/smallsql/database/SSCallableStatement.java"},"clone_class":"1b315443-4e64-4ef6-bf2b-7b0d8a3d47c2","pairs":[{"type":3,"id":"64cc9e5a-b7a8-4cbc-bc5a-8fc70b01f431"},{"type":3,"id":"e125a90c-2657-42a2-9e1c-0cef9b093e23"}],"id":"9b787fd5-5efd-4537-96b5-f15f4951a4e7"},{"src":"|project://smallsql0.21_src/src/smallsql/database/SSCallableStatement.java|(5299,305,<144,74>,<153,5>)","metadata":{"length":10,"sloc":10,"mass":34},"fragment":"{\r\n        try{\r\n            MutableNumeric obj = getValue(i).getNumeric();\r\n            wasNull = obj == null;\r\n            if(wasNull) return null;\r\n            return obj.toBigDecimal(scale);\r\n        }catch(Exception e){\r\n            throw SmallSQLException.createFromException( e );\r\n        }\r\n    }","location":{"offset":[5299,305],"column":74,"row":144,"file":"smallsql0.21_src/src/smallsql/database/SSCallableStatement.java"},"clone_class":"1b315443-4e64-4ef6-bf2b-7b0d8a3d47c2","pairs":[{"type":3,"id":"64cc9e5a-b7a8-4cbc-bc5a-8fc70b01f431"},{"type":3,"id":"9b787fd5-5efd-4537-96b5-f15f4951a4e7"}],"id":"e125a90c-2657-42a2-9e1c-0cef9b093e23"}]