[{"src":"|project://smallsql0.21_src/src/smallsql/junit/TestThreads.java|(4449,636,<141,23>,<155,18>)","metadata":{"length":15,"sloc":13,"mass":52},"fragment":"thread = new Thread(new Runnable(){\r\n\r\n                    public void run(){\r\n                        try{\r\n                            Connection con2 = AllTests.createConnection();\r\n                            Statement st2 = con2.createStatement();\r\n                            int count = st2.executeUpdate(\"UPDATE ConcurrentWrite SET value = value + 1\");\r\n                            assertEquals(\"Update Count\", 1, count);\r\n                            con2.close();\r\n                        }catch(Throwable ex){\r\n                            throwable = ex;\r\n                        }\r\n                    }\r\n\r\n                })","location":{"offset":[4449,636],"column":23,"row":141,"file":"smallsql0.21_src/src/smallsql/junit/TestThreads.java"},"clone_class":"e7dca6c0-565f-4470-8a78-61fb257e28d6","pairs":[{"type":3,"id":"3d9bc35c-bf07-4ec0-95fb-d6a6ae2e18ff"}],"id":"5c195f6f-7a52-45a8-8bc2-db4af09b6698"},{"src":"|project://smallsql0.21_src/src/smallsql/junit/TestThreads.java|(2560,632,<88,40>,<104,13>)","metadata":{"length":17,"sloc":15,"mass":54},"fragment":"{\r\n                Thread thread = new Thread(new Runnable(){\r\n\r\n                    public void run(){\r\n                        try{\r\n                            Statement st2 = con.createStatement();\r\n                            int count = st2.executeUpdate(\"UPDATE ConcurrentWrite SET value = value + 1\");\r\n                            assertEquals(\"Update Count\", 1, count);\r\n                        }catch(Throwable ex){\r\n                            throwable = ex;\r\n                        }\r\n                    }\r\n\r\n                });\r\n                threadList.add(thread);\r\n                thread.start();\r\n            }","location":{"offset":[2560,632],"column":40,"row":88,"file":"smallsql0.21_src/src/smallsql/junit/TestThreads.java"},"clone_class":"e7dca6c0-565f-4470-8a78-61fb257e28d6","pairs":[{"type":3,"id":"5c195f6f-7a52-45a8-8bc2-db4af09b6698"}],"id":"3d9bc35c-bf07-4ec0-95fb-d6a6ae2e18ff"}]