[{"src":"|project://smallsql0.21_src/src/smallsql/database/SSResultSet.java|(3805,308,<113,4>,<121,5>)","metadata":{"length":9,"sloc":9,"mass":33},"fragment":"public int getInt(int columnIndex) throws SQLException {\r\n        try{\r\n            Expression expr = getValue(columnIndex);\r\n            wasNull = expr.isNull();\r\n            return expr.getInt();\r\n        }catch(Exception e){\r\n            throw SmallSQLException.createFromException( e );\r\n        }\r\n    }","location":{"offset":[3805,308],"column":4,"row":113,"file":"smallsql0.21_src/src/smallsql/database/SSResultSet.java"},"clone_class":"1b2e1f14-30d4-4dc8-b5b6-46be7f5b45b0","pairs":[{"type":2,"id":"773356ef-813e-44de-bff0-d61dbaeb7045"},{"type":2,"id":"d3b7dae8-f2aa-49d1-89da-e3f0debef3e8"},{"type":2,"id":"a09209cc-a33d-4fd3-a999-e9d933e30473"},{"type":2,"id":"d83ed963-8e5b-4648-8f98-23a13396e81c"},{"type":2,"id":"bafeeec5-db1d-42eb-83f6-406f105cce14"},{"type":2,"id":"89f80303-e6fa-47c1-b3fd-89ab034d4a81"},{"type":2,"id":"13811612-a325-45fe-864d-4776d6f06108"},{"type":2,"id":"9908bae9-5b6d-4f49-8b02-c04d09ce496a"},{"type":2,"id":"3b7f180e-4562-4120-bee1-21298d34c5a3"}],"id":"496217dd-1f92-4f86-9c51-9af5c354972c"},{"src":"|project://smallsql0.21_src/src/smallsql/database/SSCallableStatement.java|(4037,288,<108,4>,<116,5>)","metadata":{"length":9,"sloc":9,"mass":33},"fragment":"public int getInt(int i) throws SQLException {\r\n        try{\r\n            Expression expr = getValue(i);\r\n            wasNull = expr.isNull();\r\n            return expr.getInt();\r\n        }catch(Exception e){\r\n            throw SmallSQLException.createFromException( e );\r\n        }\r\n    }","location":{"offset":[4037,288],"column":4,"row":108,"file":"smallsql0.21_src/src/smallsql/database/SSCallableStatement.java"},"clone_class":"1b2e1f14-30d4-4dc8-b5b6-46be7f5b45b0","pairs":[{"type":2,"id":"496217dd-1f92-4f86-9c51-9af5c354972c"},{"type":2,"id":"d3b7dae8-f2aa-49d1-89da-e3f0debef3e8"},{"type":2,"id":"a09209cc-a33d-4fd3-a999-e9d933e30473"},{"type":2,"id":"d83ed963-8e5b-4648-8f98-23a13396e81c"},{"type":2,"id":"bafeeec5-db1d-42eb-83f6-406f105cce14"},{"type":2,"id":"89f80303-e6fa-47c1-b3fd-89ab034d4a81"},{"type":2,"id":"13811612-a325-45fe-864d-4776d6f06108"},{"type":2,"id":"9908bae9-5b6d-4f49-8b02-c04d09ce496a"},{"type":2,"id":"3b7f180e-4562-4120-bee1-21298d34c5a3"}],"id":"773356ef-813e-44de-bff0-d61dbaeb7045"},{"src":"|project://smallsql0.21_src/src/smallsql/database/SSCallableStatement.java|(4331,291,<117,4>,<125,5>)","metadata":{"length":9,"sloc":9,"mass":33},"fragment":"public long getLong(int i) throws SQLException {\r\n        try{\r\n            Expression expr = getValue(i);\r\n            wasNull = expr.isNull();\r\n            return expr.getLong();\r\n        }catch(Exception e){\r\n            throw SmallSQLException.createFromException( e );\r\n        }\r\n    }","location":{"offset":[4331,291],"column":4,"row":117,"file":"smallsql0.21_src/src/smallsql/database/SSCallableStatement.java"},"clone_class":"1b2e1f14-30d4-4dc8-b5b6-46be7f5b45b0","pairs":[{"type":2,"id":"496217dd-1f92-4f86-9c51-9af5c354972c"},{"type":2,"id":"773356ef-813e-44de-bff0-d61dbaeb7045"},{"type":2,"id":"a09209cc-a33d-4fd3-a999-e9d933e30473"},{"type":2,"id":"d83ed963-8e5b-4648-8f98-23a13396e81c"},{"type":2,"id":"bafeeec5-db1d-42eb-83f6-406f105cce14"},{"type":2,"id":"89f80303-e6fa-47c1-b3fd-89ab034d4a81"},{"type":2,"id":"13811612-a325-45fe-864d-4776d6f06108"},{"type":2,"id":"9908bae9-5b6d-4f49-8b02-c04d09ce496a"},{"type":2,"id":"3b7f180e-4562-4120-bee1-21298d34c5a3"}],"id":"d3b7dae8-f2aa-49d1-89da-e3f0debef3e8"},{"src":"|project://smallsql0.21_src/src/smallsql/database/SSResultSet.java|(4119,311,<122,4>,<130,5>)","metadata":{"length":9,"sloc":9,"mass":33},"fragment":"public long getLong(int columnIndex) throws SQLException {\r\n        try{\r\n            Expression expr = getValue(columnIndex);\r\n            wasNull = expr.isNull();\r\n            return expr.getLong();\r\n        }catch(Exception e){\r\n            throw SmallSQLException.createFromException( e );\r\n        }\r\n    }","location":{"offset":[4119,311],"column":4,"row":122,"file":"smallsql0.21_src/src/smallsql/database/SSResultSet.java"},"clone_class":"1b2e1f14-30d4-4dc8-b5b6-46be7f5b45b0","pairs":[{"type":2,"id":"496217dd-1f92-4f86-9c51-9af5c354972c"},{"type":2,"id":"773356ef-813e-44de-bff0-d61dbaeb7045"},{"type":2,"id":"d3b7dae8-f2aa-49d1-89da-e3f0debef3e8"},{"type":2,"id":"d83ed963-8e5b-4648-8f98-23a13396e81c"},{"type":2,"id":"bafeeec5-db1d-42eb-83f6-406f105cce14"},{"type":2,"id":"89f80303-e6fa-47c1-b3fd-89ab034d4a81"},{"type":2,"id":"13811612-a325-45fe-864d-4776d6f06108"},{"type":2,"id":"9908bae9-5b6d-4f49-8b02-c04d09ce496a"},{"type":2,"id":"3b7f180e-4562-4120-bee1-21298d34c5a3"}],"id":"a09209cc-a33d-4fd3-a999-e9d933e30473"},{"src":"|project://smallsql0.21_src/src/smallsql/database/SSResultSet.java|(3244,320,<98,4>,<106,5>)","metadata":{"length":9,"sloc":9,"mass":33},"fragment":"public boolean getBoolean(int columnIndex) throws SQLException {\r\n        try{\r\n            Expression expr = getValue(columnIndex);\r\n            wasNull = expr.isNull();\r\n            return expr.getBoolean();\r\n        }catch(Exception e){\r\n            throw SmallSQLException.createFromException( e );\r\n        }\r\n    }","location":{"offset":[3244,320],"column":4,"row":98,"file":"smallsql0.21_src/src/smallsql/database/SSResultSet.java"},"clone_class":"1b2e1f14-30d4-4dc8-b5b6-46be7f5b45b0","pairs":[{"type":2,"id":"496217dd-1f92-4f86-9c51-9af5c354972c"},{"type":2,"id":"773356ef-813e-44de-bff0-d61dbaeb7045"},{"type":2,"id":"d3b7dae8-f2aa-49d1-89da-e3f0debef3e8"},{"type":2,"id":"a09209cc-a33d-4fd3-a999-e9d933e30473"},{"type":2,"id":"bafeeec5-db1d-42eb-83f6-406f105cce14"},{"type":2,"id":"89f80303-e6fa-47c1-b3fd-89ab034d4a81"},{"type":2,"id":"13811612-a325-45fe-864d-4776d6f06108"},{"type":2,"id":"9908bae9-5b6d-4f49-8b02-c04d09ce496a"},{"type":2,"id":"3b7f180e-4562-4120-bee1-21298d34c5a3"}],"id":"d83ed963-8e5b-4648-8f98-23a13396e81c"},{"src":"|project://smallsql0.21_src/src/smallsql/database/SSResultSet.java|(4756,317,<140,4>,<148,5>)","metadata":{"length":9,"sloc":9,"mass":33},"fragment":"public double getDouble(int columnIndex) throws SQLException {\r\n        try{\r\n            Expression expr = getValue(columnIndex);\r\n            wasNull = expr.isNull();\r\n            return expr.getDouble();\r\n        }catch(Exception e){\r\n            throw SmallSQLException.createFromException( e );\r\n        }\r\n    }","location":{"offset":[4756,317],"column":4,"row":140,"file":"smallsql0.21_src/src/smallsql/database/SSResultSet.java"},"clone_class":"1b2e1f14-30d4-4dc8-b5b6-46be7f5b45b0","pairs":[{"type":2,"id":"496217dd-1f92-4f86-9c51-9af5c354972c"},{"type":2,"id":"773356ef-813e-44de-bff0-d61dbaeb7045"},{"type":2,"id":"d3b7dae8-f2aa-49d1-89da-e3f0debef3e8"},{"type":2,"id":"a09209cc-a33d-4fd3-a999-e9d933e30473"},{"type":2,"id":"d83ed963-8e5b-4648-8f98-23a13396e81c"},{"type":2,"id":"89f80303-e6fa-47c1-b3fd-89ab034d4a81"},{"type":2,"id":"13811612-a325-45fe-864d-4776d6f06108"},{"type":2,"id":"9908bae9-5b6d-4f49-8b02-c04d09ce496a"},{"type":2,"id":"3b7f180e-4562-4120-bee1-21298d34c5a3"}],"id":"bafeeec5-db1d-42eb-83f6-406f105cce14"},{"src":"|project://smallsql0.21_src/src/smallsql/database/SSCallableStatement.java|(4928,295,<135,4>,<143,5>)","metadata":{"length":9,"sloc":9,"mass":33},"fragment":"public double getDouble(int i) throws SQLException {\r\n        try{\r\n            Expression expr = getValue(i);\r\n            wasNull = expr.isNull();\r\n            return expr.getLong();\r\n        }catch(Exception e){\r\n            throw SmallSQLException.createFromException( e );\r\n        }\r\n    }","location":{"offset":[4928,295],"column":4,"row":135,"file":"smallsql0.21_src/src/smallsql/database/SSCallableStatement.java"},"clone_class":"1b2e1f14-30d4-4dc8-b5b6-46be7f5b45b0","pairs":[{"type":2,"id":"496217dd-1f92-4f86-9c51-9af5c354972c"},{"type":2,"id":"773356ef-813e-44de-bff0-d61dbaeb7045"},{"type":2,"id":"d3b7dae8-f2aa-49d1-89da-e3f0debef3e8"},{"type":2,"id":"a09209cc-a33d-4fd3-a999-e9d933e30473"},{"type":2,"id":"d83ed963-8e5b-4648-8f98-23a13396e81c"},{"type":2,"id":"bafeeec5-db1d-42eb-83f6-406f105cce14"},{"type":2,"id":"13811612-a325-45fe-864d-4776d6f06108"},{"type":2,"id":"9908bae9-5b6d-4f49-8b02-c04d09ce496a"},{"type":2,"id":"3b7f180e-4562-4120-bee1-21298d34c5a3"}],"id":"89f80303-e6fa-47c1-b3fd-89ab034d4a81"},{"src":"|project://smallsql0.21_src/src/smallsql/database/SSCallableStatement.java|(3537,300,<93,4>,<101,5>)","metadata":{"length":9,"sloc":9,"mass":33},"fragment":"public boolean getBoolean(int i) throws SQLException {\r\n        try{\r\n            Expression expr = getValue(i);\r\n            wasNull = expr.isNull();\r\n            return expr.getBoolean();\r\n        }catch(Exception e){\r\n            throw SmallSQLException.createFromException( e );\r\n        }\r\n    }","location":{"offset":[3537,300],"column":4,"row":93,"file":"smallsql0.21_src/src/smallsql/database/SSCallableStatement.java"},"clone_class":"1b2e1f14-30d4-4dc8-b5b6-46be7f5b45b0","pairs":[{"type":2,"id":"496217dd-1f92-4f86-9c51-9af5c354972c"},{"type":2,"id":"773356ef-813e-44de-bff0-d61dbaeb7045"},{"type":2,"id":"d3b7dae8-f2aa-49d1-89da-e3f0debef3e8"},{"type":2,"id":"a09209cc-a33d-4fd3-a999-e9d933e30473"},{"type":2,"id":"d83ed963-8e5b-4648-8f98-23a13396e81c"},{"type":2,"id":"bafeeec5-db1d-42eb-83f6-406f105cce14"},{"type":2,"id":"89f80303-e6fa-47c1-b3fd-89ab034d4a81"},{"type":2,"id":"9908bae9-5b6d-4f49-8b02-c04d09ce496a"},{"type":2,"id":"3b7f180e-4562-4120-bee1-21298d34c5a3"}],"id":"13811612-a325-45fe-864d-4776d6f06108"},{"src":"|project://smallsql0.21_src/src/smallsql/database/SSResultSet.java|(4436,314,<131,4>,<139,5>)","metadata":{"length":9,"sloc":9,"mass":33},"fragment":"public float getFloat(int columnIndex) throws SQLException {\r\n        try{\r\n            Expression expr = getValue(columnIndex);\r\n            wasNull = expr.isNull();\r\n            return expr.getFloat();\r\n        }catch(Exception e){\r\n            throw SmallSQLException.createFromException( e );\r\n        }\r\n    }","location":{"offset":[4436,314],"column":4,"row":131,"file":"smallsql0.21_src/src/smallsql/database/SSResultSet.java"},"clone_class":"1b2e1f14-30d4-4dc8-b5b6-46be7f5b45b0","pairs":[{"type":2,"id":"496217dd-1f92-4f86-9c51-9af5c354972c"},{"type":2,"id":"773356ef-813e-44de-bff0-d61dbaeb7045"},{"type":2,"id":"d3b7dae8-f2aa-49d1-89da-e3f0debef3e8"},{"type":2,"id":"a09209cc-a33d-4fd3-a999-e9d933e30473"},{"type":2,"id":"d83ed963-8e5b-4648-8f98-23a13396e81c"},{"type":2,"id":"bafeeec5-db1d-42eb-83f6-406f105cce14"},{"type":2,"id":"89f80303-e6fa-47c1-b3fd-89ab034d4a81"},{"type":2,"id":"13811612-a325-45fe-864d-4776d6f06108"},{"type":2,"id":"3b7f180e-4562-4120-bee1-21298d34c5a3"}],"id":"9908bae9-5b6d-4f49-8b02-c04d09ce496a"},{"src":"|project://smallsql0.21_src/src/smallsql/database/SSCallableStatement.java|(4628,294,<126,4>,<134,5>)","metadata":{"length":9,"sloc":9,"mass":33},"fragment":"public float getFloat(int i) throws SQLException {\r\n        try{\r\n            Expression expr = getValue(i);\r\n            wasNull = expr.isNull();\r\n            return expr.getFloat();\r\n        }catch(Exception e){\r\n            throw SmallSQLException.createFromException( e );\r\n        }\r\n    }","location":{"offset":[4628,294],"column":4,"row":126,"file":"smallsql0.21_src/src/smallsql/database/SSCallableStatement.java"},"clone_class":"1b2e1f14-30d4-4dc8-b5b6-46be7f5b45b0","pairs":[{"type":2,"id":"496217dd-1f92-4f86-9c51-9af5c354972c"},{"type":2,"id":"773356ef-813e-44de-bff0-d61dbaeb7045"},{"type":2,"id":"d3b7dae8-f2aa-49d1-89da-e3f0debef3e8"},{"type":2,"id":"a09209cc-a33d-4fd3-a999-e9d933e30473"},{"type":2,"id":"d83ed963-8e5b-4648-8f98-23a13396e81c"},{"type":2,"id":"bafeeec5-db1d-42eb-83f6-406f105cce14"},{"type":2,"id":"89f80303-e6fa-47c1-b3fd-89ab034d4a81"},{"type":2,"id":"13811612-a325-45fe-864d-4776d6f06108"},{"type":2,"id":"9908bae9-5b6d-4f49-8b02-c04d09ce496a"}],"id":"3b7f180e-4562-4120-bee1-21298d34c5a3"}]