[{"src":"|project://smallsql0.21_src/src/smallsql/database/Table.java|(17958,433,<507,9>,<519,10>)","metadata":{"length":13,"sloc":9,"mass":34},"fragment":"//remove lock\r\n\t\t\t\t\t\t\t\t\tif(lock == prev){\r\n\t\t\t\t\t\t\t\t\t\tif(lock.nextLock == null){\r\n\t\t\t\t\t\t\t\t\t\t\t// the first lock is the only lock in the list\r\n\t\t\t\t\t\t\t\t\t\t\tlocksInsert.remove(i--);\r\n\t\t\t\t\t\t\t\t\t\t}else{\r\n\t\t\t\t\t\t\t\t\t\t\t// only the first lock of the list is remove\r\n\t\t\t\t\t\t\t\t\t\t\tlocksInsert.set( i, lock.nextLock );\r\n\t\t\t\t\t\t\t\t\t\t}\r\n\t\t\t\t\t\t\t\t\t}else{\r\n\t\t\t\t\t\t\t\t\t\t// a lock in the mid or end is removed\r\n\t\t\t\t\t\t\t\t\t\tprev.nextLock = lock.nextLock;\r\n\t\t\t\t\t\t\t\t\t}","location":{"offset":[17958,433],"column":9,"row":507,"file":"smallsql0.21_src/src/smallsql/database/Table.java"},"clone_class":"8c1d6945-37ed-42e9-a360-275a75a9f713","pairs":[{"type":3,"id":"22388518-aee5-43aa-a1e4-1f0a148bf0e4"}],"id":"5ac140ff-45d7-4772-b35f-bea7e75caa68"},{"src":"|project://smallsql0.21_src/src/smallsql/database/Table.java|(18744,459,<533,28>,<548,8>)","metadata":{"length":16,"sloc":12,"mass":35},"fragment":"{\r\n\t\t\t\t\t\t\t\t//lock entfernen\r\n\t\t\t\t\t\t\t\tif(lock == prev){\r\n\t\t\t\t\t\t\t\t\tif(lock.nextLock == null){\r\n\t\t\t\t\t\t\t\t\t\t// erste und einzige Lock in Liste\r\n\t\t\t\t\t\t\t\t\t\tlocks.remove(pageKey);\r\n\t\t\t\t\t\t\t\t\t}else{\r\n\t\t\t\t\t\t\t\t\t\t// the first lock in the list is removed\r\n\t\t\t\t\t\t\t\t\t\tlocks.put( pageKey, lock.nextLock );\r\n\t\t\t\t\t\t\t\t\t}\r\n\t\t\t\t\t\t\t\t}else{\r\n\t\t\t\t\t\t\t\t\t// a lock in the middle or end of the list is removed\r\n\t\t\t\t\t\t\t\t\tprev.nextLock = lock.nextLock;\r\n\t\t\t\t\t\t\t\t}\r\n\t\t\t\t\t\t\t\treturn;\r\n\t\t\t\t\t\t\t}","location":{"offset":[18744,459],"column":28,"row":533,"file":"smallsql0.21_src/src/smallsql/database/Table.java"},"clone_class":"8c1d6945-37ed-42e9-a360-275a75a9f713","pairs":[{"type":3,"id":"5ac140ff-45d7-4772-b35f-bea7e75caa68"}],"id":"22388518-aee5-43aa-a1e4-1f0a148bf0e4"}]