[{"src":"|project://smallsql0.21_src/src/smallsql/database/ExpressionFunctionRepeat.java|(2006,270,<61,43>,<70,2>)","metadata":{"length":10,"sloc":10,"mass":45},"fragment":"{\r\n\t\tif(isNull()) return null;\r\n\t\tString str = param1.getString();\r\n        int count  = param2.getInt();\r\n        StringBuffer buffer = new StringBuffer();\r\n        for(int i=0; i<count; i++){\r\n            buffer.append(str);\r\n        }\r\n\t\treturn buffer.toString();\r\n\t}","location":{"offset":[2006,270],"column":43,"row":61,"file":"smallsql0.21_src/src/smallsql/database/ExpressionFunctionRepeat.java"},"clone_class":"a06f5b82-8910-4b48-9f5b-0ac6386309b3","pairs":[{"type":3,"id":"fe57400c-6489-4066-9f45-d017d7189a75"}],"id":"2bf839ca-662d-41cd-a769-d341705a08f1"},{"src":"|project://smallsql0.21_src/src/smallsql/database/ExpressionFunctionRepeat.java|(1604,351,<49,1>,<58,2>)","metadata":{"length":10,"sloc":10,"mass":50},"fragment":"final byte[] getBytes() throws Exception{\r\n        if(isNull()) return null;\r\n        byte[] bytes = param1.getBytes();\r\n        int count  = param2.getInt();\r\n        ByteArrayOutputStream buffer = new ByteArrayOutputStream();\r\n        for(int i=0; i<count; i++){\r\n            buffer.write(bytes);\r\n        }\r\n        return buffer.toByteArray();\r\n\t}","location":{"offset":[1604,351],"column":1,"row":49,"file":"smallsql0.21_src/src/smallsql/database/ExpressionFunctionRepeat.java"},"clone_class":"a06f5b82-8910-4b48-9f5b-0ac6386309b3","pairs":[{"type":3,"id":"2bf839ca-662d-41cd-a769-d341705a08f1"}],"id":"fe57400c-6489-4066-9f45-d017d7189a75"}]