[{"src":"|project://smallsql0.21_src/src/smallsql/database/ExpressionFunctionCase.java|(4293,188,<185,1>,<191,2>)","metadata":{"length":7,"sloc":7,"mass":36},"fragment":"final int getPrecision(){\r\n\t\tint precision = 0;\r\n\t\tfor(int i=results.size()-1; i>=0; i--){\r\n\t\t\tprecision = Math.max(precision, results.get(i).getPrecision());\r\n\t\t}\r\n\t\treturn precision;\r\n\t}","location":{"offset":[4293,188],"column":1,"row":185,"file":"smallsql0.21_src/src/smallsql/database/ExpressionFunctionCase.java"},"clone_class":"bc74eefb-6950-474a-a45b-fc5d00d25acc","pairs":[{"type":2,"id":"2266417f-beaf-4429-891b-9a0d370246f4"}],"id":"f9e59b34-be9f-4fb2-8fb4-f6d9b7c7396e"},{"src":"|project://smallsql0.21_src/src/smallsql/database/ExpressionFunctionCase.java|(4489,180,<194,1>,<200,2>)","metadata":{"length":7,"sloc":7,"mass":36},"fragment":"final int getScale(){\r\n\t\tint precision = 0;\r\n\t\tfor(int i=results.size()-1; i>=0; i--){\r\n\t\t\tprecision = Math.max(precision, results.get(i).getScale());\r\n\t\t}\r\n\t\treturn precision;\r\n\t}","location":{"offset":[4489,180],"column":1,"row":194,"file":"smallsql0.21_src/src/smallsql/database/ExpressionFunctionCase.java"},"clone_class":"bc74eefb-6950-474a-a45b-fc5d00d25acc","pairs":[{"type":2,"id":"f9e59b34-be9f-4fb2-8fb4-f6d9b7c7396e"}],"id":"2266417f-beaf-4429-891b-9a0d370246f4"}]