[{"src":"|project://smallsql0.21_src/src/smallsql/database/SSCallableStatement.java|(7224,359,<202,4>,<211,5>)","metadata":{"length":10,"sloc":10,"mass":40},"fragment":"public BigDecimal getBigDecimal(int i) throws SQLException {\r\n        try{\r\n            MutableNumeric obj = getValue(i).getNumeric();\r\n            wasNull = obj == null;\r\n            if(wasNull) return null;\r\n            return obj.toBigDecimal();\r\n        }catch(Exception e){\r\n            throw SmallSQLException.createFromException( e );\r\n        }\r\n    }","location":{"offset":[7224,359],"column":4,"row":202,"file":"smallsql0.21_src/src/smallsql/database/SSCallableStatement.java"},"clone_class":"3747c13b-3958-4fa2-bef3-cfd870634b03","pairs":[{"type":2,"id":"7e8b8141-70d8-45df-92ef-207a982a8903"}],"id":"31aa2825-7aae-4778-8bc2-716435c34fa0"},{"src":"|project://smallsql0.21_src/src/smallsql/database/SSResultSet.java|(11116,379,<319,4>,<328,5>)","metadata":{"length":10,"sloc":10,"mass":40},"fragment":"public BigDecimal getBigDecimal(int columnIndex) throws SQLException {\r\n        try{\r\n            MutableNumeric obj = getValue(columnIndex).getNumeric();\r\n            wasNull = obj == null;\r\n            if(wasNull) return null;\r\n            return obj.toBigDecimal();\r\n        }catch(Exception e){\r\n            throw SmallSQLException.createFromException( e );\r\n        }\r\n    }","location":{"offset":[11116,379],"column":4,"row":319,"file":"smallsql0.21_src/src/smallsql/database/SSResultSet.java"},"clone_class":"3747c13b-3958-4fa2-bef3-cfd870634b03","pairs":[{"type":2,"id":"31aa2825-7aae-4778-8bc2-716435c34fa0"}],"id":"7e8b8141-70d8-45df-92ef-207a982a8903"}]