[{"src":"|project://smallsql0.21_src/src/smallsql/database/Utils.java|(4081,184,<125,1>,<131,2>)","metadata":{"length":7,"sloc":7,"mass":30},"fragment":"static int long2int(long value){\r\n\t\tif(value > Integer.MAX_VALUE)\r\n\t\t\treturn Integer.MAX_VALUE;\r\n\t\tif(value < Integer.MIN_VALUE)\r\n\t\t\treturn Integer.MIN_VALUE;\r\n\t\treturn (int)value;\r\n\t}","location":{"offset":[4081,184],"column":1,"row":125,"file":"smallsql0.21_src/src/smallsql/database/Utils.java"},"clone_class":"1e7eb7e5-54b0-449a-964d-c6403038a497","pairs":[{"type":2,"id":"f6b41515-7a5c-45ba-aef6-6b00214a35c2"}],"id":"ce61fc56-0b4a-4b83-8c4f-fb3a878e2caf"},{"src":"|project://smallsql0.21_src/src/smallsql/database/Utils.java|(4271,179,<133,1>,<139,2>)","metadata":{"length":7,"sloc":7,"mass":30},"fragment":"static long double2long(double value){\r\n\t\tif(value > Long.MAX_VALUE)\r\n\t\t\treturn Long.MAX_VALUE;\r\n\t\tif(value < Long.MIN_VALUE)\r\n\t\t\treturn Long.MIN_VALUE;\r\n\t\treturn (long)value;\r\n\t}","location":{"offset":[4271,179],"column":1,"row":133,"file":"smallsql0.21_src/src/smallsql/database/Utils.java"},"clone_class":"1e7eb7e5-54b0-449a-964d-c6403038a497","pairs":[{"type":2,"id":"ce61fc56-0b4a-4b83-8c4f-fb3a878e2caf"}],"id":"f6b41515-7a5c-45ba-aef6-6b00214a35c2"}]