[{"src":"|project://smallsql0.21_src/src/smallsql/database/Table.java|(12314,314,<357,6>,<364,7>)","metadata":{"length":8,"sloc":7,"mass":36},"fragment":"// first check if another connection has a lock before creating a table lock\r\n\t\t\t\t\t\tif(locks.size() > 0){\r\n\t\t\t\t\t\t\tIterator values = locks.values().iterator();\r\n\t\t\t\t\t\t\twhile(values.hasNext()){\r\n\t\t\t\t\t\t\t\tTableStorePage lock = (TableStorePage)values.next();\r\n\t\t\t\t\t\t\t\tif(lock.con != con) return null;\r\n\t\t\t\t\t\t\t}\r\n\t\t\t\t\t\t}","location":{"offset":[12314,314],"column":6,"row":357,"file":"smallsql0.21_src/src/smallsql/database/Table.java"},"clone_class":"10140642-9d4a-40aa-954f-688024499d2a","pairs":[{"type":2,"id":"c26f74e6-606c-4bee-b075-3f13c3066fa9"},{"type":2,"id":"4b5b2c59-6bda-469b-9f9f-1e7840cc1c6f"}],"id":"ef112df0-84f5-448d-9ced-d1b9be0b1dc1"},{"src":"|project://smallsql0.21_src/src/smallsql/database/Table.java|(12895,245,<370,6>,<376,7>)","metadata":{"length":7,"sloc":7,"mass":36},"fragment":"if(serializeConnections.size() > 0){\r\n\t\t\t\t\t\t\tIterator values = locks.values().iterator();\r\n\t\t\t\t\t\t\twhile(values.hasNext()){\r\n\t\t\t\t\t\t\t\tTableStorePage lock = (TableStorePage)values.next();\r\n\t\t\t\t\t\t\t\tif(lock.con != con) return null;\r\n\t\t\t\t\t\t\t}\r\n\t\t\t\t\t\t}","location":{"offset":[12895,245],"column":6,"row":370,"file":"smallsql0.21_src/src/smallsql/database/Table.java"},"clone_class":"10140642-9d4a-40aa-954f-688024499d2a","pairs":[{"type":2,"id":"ef112df0-84f5-448d-9ced-d1b9be0b1dc1"},{"type":1,"id":"4b5b2c59-6bda-469b-9f9f-1e7840cc1c6f"}],"id":"c26f74e6-606c-4bee-b075-3f13c3066fa9"},{"src":"|project://smallsql0.21_src/src/smallsql/database/Table.java|(13602,350,<388,20>,<394,21>)","metadata":{"length":7,"sloc":7,"mass":36},"fragment":"if(serializeConnections.size() > 0){\r\n                        Iterator values = locks.values().iterator();\r\n                        while(values.hasNext()){\r\n                            TableStorePage lock = (TableStorePage)values.next();\r\n                            if(lock.con != con) return null;\r\n                        }\r\n                    }","location":{"offset":[13602,350],"column":20,"row":388,"file":"smallsql0.21_src/src/smallsql/database/Table.java"},"clone_class":"10140642-9d4a-40aa-954f-688024499d2a","pairs":[{"type":2,"id":"ef112df0-84f5-448d-9ced-d1b9be0b1dc1"},{"type":1,"id":"c26f74e6-606c-4bee-b075-3f13c3066fa9"}],"id":"4b5b2c59-6bda-469b-9f9f-1e7840cc1c6f"}]