[{"src":"|project://smallsql0.21_src/src/smallsql/junit/TestTransactions.java|(2609,922,<79,42>,<104,2>)","metadata":{"length":26,"sloc":21,"mass":77},"fragment":"{\r\n\t\tConnection con = AllTests.getConnection();\r\n\t\ttry{\t\t\t\r\n\t\t\tcon.setAutoCommit(false);\r\n\t\t\tcon.createStatement().execute(\"Create Table transactions (i int identity, v varchar(20))\");\r\n\t\t\tassertRowCount( 0, \"Select * from transactions\");\r\n\r\n\t\t\tcon.createStatement().execute(\"Insert Into transactions(v) Values('qwert')\");\r\n\t\t\tassertRowCount( 1, \"Select * from transactions\");\r\n\r\n\t\t\tcon.createStatement().execute(\"Insert Into transactions(v) Select v From transactions\");\r\n\t\t\tassertRowCount( 2, \"Select * from transactions\");\r\n\r\n\t\t\tcon.createStatement().execute(\"Insert Into transactions Select * From transactions\");\r\n\t\t\tassertRowCount( 4, \"Select * from transactions\");\r\n\t\t\t\r\n\t\t\tcon.commit();\r\n\t\t\tassertRowCount( 4, \"Select * from transactions\");\r\n\t\t\t\r\n\t\t}finally{\r\n\t\t\ttry{\r\n\t\t\t\tcon.createStatement().execute(\"Drop Table transactions\");\r\n\t\t\t}catch(Throwable e){e.printStackTrace();}\r\n\t\t\tcon.setAutoCommit(true);\r\n\t\t}\r\n\t}","location":{"offset":[2609,922],"column":42,"row":79,"file":"smallsql0.21_src/src/smallsql/junit/TestTransactions.java"},"clone_class":"f252913a-f5c0-4054-be7e-ed01a9112348","pairs":[{"type":3,"id":"08aa278d-7fc5-48dd-bbe4-315d14caea87"},{"type":3,"id":"dd0c2eed-016b-4944-9894-53d2c0d4c926"},{"type":3,"id":"398f44c3-3373-4127-9faa-aa2754ff76b4"},{"type":3,"id":"dc5f30d9-7759-49c7-8042-843b84332273"}],"id":"86232de6-749e-4ff2-8604-21b8bdfc1af3"},{"src":"|project://smallsql0.21_src/src/smallsql/junit/TestTransactions.java|(4645,932,<138,44>,<163,2>)","metadata":{"length":26,"sloc":21,"mass":77},"fragment":"{\r\n\t\tConnection con = AllTests.getConnection();\r\n\t\ttry{\t\t\t\r\n\t\t    con.createStatement().execute(\"Create Table transactions (i int identity, v varchar(20))\");\r\n\t\t\tcon.setAutoCommit(false);\r\n\t\t\tassertRowCount( 0, \"Select * from transactions\");\r\n\r\n\t\t\tcon.createStatement().execute(\"Insert Into transactions(v) Values('qwert')\");\r\n\t\t\tassertRowCount( 1, \"Select * from transactions\");\r\n\r\n\t\t\tcon.createStatement().execute(\"Insert Into transactions(v) Select v From transactions\");\r\n\t\t\tassertRowCount( 2, \"Select * from transactions\");\r\n\r\n\t\t\tcon.createStatement().execute(\"Insert Into transactions(v) (Select v From transactions)\");\r\n\t\t\tassertRowCount( 4, \"Select * from transactions\");\r\n\t\t\t\r\n\t\t\tcon.rollback();\r\n\t\t\tassertRowCount( 0, \"Select * from transactions\");\r\n\t\t\t\r\n\t\t}finally{\r\n\t\t\ttry{\r\n\t\t\t\tcon.createStatement().execute(\"Drop Table transactions\");\r\n\t\t\t}catch(Throwable e){e.printStackTrace();}\r\n\t\t\tcon.setAutoCommit(true);\r\n\t\t}\r\n\t}","location":{"offset":[4645,932],"column":44,"row":138,"file":"smallsql0.21_src/src/smallsql/junit/TestTransactions.java"},"clone_class":"f252913a-f5c0-4054-be7e-ed01a9112348","pairs":[{"type":3,"id":"86232de6-749e-4ff2-8604-21b8bdfc1af3"},{"type":3,"id":"08aa278d-7fc5-48dd-bbe4-315d14caea87"},{"type":3,"id":"398f44c3-3373-4127-9faa-aa2754ff76b4"},{"type":3,"id":"dc5f30d9-7759-49c7-8042-843b84332273"}],"id":"dd0c2eed-016b-4944-9894-53d2c0d4c926"},{"src":"|project://smallsql0.21_src/src/smallsql/junit/TestTransactions.java|(5767,874,<171,2>,<193,3>)","metadata":{"length":23,"sloc":18,"mass":69},"fragment":"try{\t\t\t\r\n\t\t\tcon.createStatement().execute(\"Create Table transactions (i int identity, v varchar(20))\");\r\n\t\t\tassertRowCount( 0, \"Select * from transactions\");\r\n\r\n\t\t\tcon.createStatement().execute(\"Insert Into transactions(v) Values('qwert')\");\r\n\t\t\tassertRowCount( 1, \"Select * from transactions\");\r\n\r\n\t\t\tcon.setAutoCommit(false);\r\n\t\t\tcon.createStatement().execute(\"Insert Into transactions(v) Select v From transactions\");\r\n\t\t\tassertRowCount( 2, \"Select * from transactions\");\r\n\r\n\t\t\tcon.createStatement().execute(\"Insert Into transactions(v) (Select v From transactions)\");\r\n\t\t\tassertRowCount( 4, \"Select * from transactions\");\r\n\t\t\t\r\n\t\t\tcon.rollback();\r\n\t\t\tassertRowCount( 1, \"Select * from transactions\");\r\n\t\t\t\r\n\t\t}finally{\r\n\t\t\ttry{\r\n\t\t\t\tcon.createStatement().execute(\"Drop Table transactions\");\r\n\t\t\t}catch(Throwable e){e.printStackTrace();}\r\n\t\t\tcon.setAutoCommit(true);\r\n\t\t}","location":{"offset":[5767,874],"column":2,"row":171,"file":"smallsql0.21_src/src/smallsql/junit/TestTransactions.java"},"clone_class":"f252913a-f5c0-4054-be7e-ed01a9112348","pairs":[{"type":3,"id":"86232de6-749e-4ff2-8604-21b8bdfc1af3"},{"type":3,"id":"08aa278d-7fc5-48dd-bbe4-315d14caea87"},{"type":3,"id":"dd0c2eed-016b-4944-9894-53d2c0d4c926"},{"type":3,"id":"dc5f30d9-7759-49c7-8042-843b84332273"}],"id":"398f44c3-3373-4127-9faa-aa2754ff76b4"},{"src":"|project://smallsql0.21_src/src/smallsql/junit/TestTransactions.java|(3721,869,<112,2>,<134,3>)","metadata":{"length":23,"sloc":18,"mass":69},"fragment":"try{\t\t\t\r\n\t\t\tcon.createStatement().execute(\"Create Table transactions (i int identity, v varchar(20))\");\r\n\t\t\tassertRowCount( 0, \"Select * from transactions\");\r\n\r\n\t\t\tcon.createStatement().execute(\"Insert Into transactions(v) Values('qwert')\");\r\n\t\t\tassertRowCount( 1, \"Select * from transactions\");\r\n\r\n\t\t\tcon.setAutoCommit(false);\r\n\t\t\tcon.createStatement().execute(\"Insert Into transactions(v) Select v From transactions\");\r\n\t\t\tassertRowCount( 2, \"Select * from transactions\");\r\n\r\n\t\t\tcon.createStatement().execute(\"Insert Into transactions (Select * From transactions)\");\r\n\t\t\tassertRowCount( 4, \"Select * from transactions\");\r\n\t\t\t\r\n\t\t\tcon.commit();\r\n\t\t\tassertRowCount( 4, \"Select * from transactions\");\r\n\t\t\t\r\n\t\t}finally{\r\n\t\t\ttry{\r\n\t\t\t\tcon.createStatement().execute(\"Drop Table transactions\");\r\n\t\t\t}catch(Throwable e){e.printStackTrace();}\r\n\t\t\tcon.setAutoCommit(true);\r\n\t\t}","location":{"offset":[3721,869],"column":2,"row":112,"file":"smallsql0.21_src/src/smallsql/junit/TestTransactions.java"},"clone_class":"f252913a-f5c0-4054-be7e-ed01a9112348","pairs":[{"type":3,"id":"86232de6-749e-4ff2-8604-21b8bdfc1af3"},{"type":3,"id":"08aa278d-7fc5-48dd-bbe4-315d14caea87"},{"type":3,"id":"dd0c2eed-016b-4944-9894-53d2c0d4c926"},{"type":3,"id":"398f44c3-3373-4127-9faa-aa2754ff76b4"}],"id":"dc5f30d9-7759-49c7-8042-843b84332273"}]