[{"src":"|project://smallsql0.21_src/src/smallsql/database/SSDatabaseMetaData.java|(30785,346,<860,3>,<860,349>)","metadata":{"length":1,"sloc":1,"mass":41},"fragment":"{SQLTokenizer.getKeyWord(SQLTokenizer.JAVA_OBJECT),   \t Utils.getShort(SQLTokenizer.getSQLDataType( SQLTokenizer.JAVA_OBJECT) ),     Utils.getInteger(65535),\t    null, null, null, \t\t\t\tUtils.getShort(typeNullable), Boolean.FALSE, Utils.getShort(typeSearchable), null, \t\t\tBoolean.FALSE, Boolean.FALSE, null, null, \t\t\t\t null, \t\t\t\t  null, null, null}","location":{"offset":[30785,346],"column":3,"row":860,"file":"smallsql0.21_src/src/smallsql/database/SSDatabaseMetaData.java"},"clone_class":"7ecb7b6a-1d78-4820-a163-fd28fba4ea6c","pairs":[{"type":3,"id":"4d2f8277-32d1-4aea-a333-c995a4448d99"},{"type":3,"id":"2f163d4f-9169-45e0-8bb2-afa75421b4e7"},{"type":3,"id":"ffee1fa2-563f-4e63-b39b-9fea260df7cb"}],"id":"bd645377-f5dc-4351-b55c-ca2324e4c375"},{"src":"|project://smallsql0.21_src/src/smallsql/database/SSDatabaseMetaData.java|(22787,349,<838,3>,<838,352>)","metadata":{"length":1,"sloc":1,"mass":41},"fragment":"{SQLTokenizer.getKeyWord(SQLTokenizer.VARBINARY),   \t Utils.getShort(SQLTokenizer.getSQLDataType( SQLTokenizer.VARBINARY) ),   \t  Utils.getInteger(65535),\t    \"0x\", null, \"max length\", \t\tUtils.getShort(typeNullable), Boolean.FALSE, Utils.getShort(typeSearchable), null, \t\t\tBoolean.FALSE, Boolean.FALSE, null, null, \t\t\t\t null, \t\t\t\t  null, null, null}","location":{"offset":[22787,349],"column":3,"row":838,"file":"smallsql0.21_src/src/smallsql/database/SSDatabaseMetaData.java"},"clone_class":"7ecb7b6a-1d78-4820-a163-fd28fba4ea6c","pairs":[{"type":3,"id":"bd645377-f5dc-4351-b55c-ca2324e4c375"},{"type":3,"id":"2f163d4f-9169-45e0-8bb2-afa75421b4e7"},{"type":3,"id":"ffee1fa2-563f-4e63-b39b-9fea260df7cb"}],"id":"4d2f8277-32d1-4aea-a333-c995a4448d99"},{"src":"|project://smallsql0.21_src/src/smallsql/database/SSDatabaseMetaData.java|(22433,348,<837,3>,<837,351>)","metadata":{"length":1,"sloc":1,"mass":41},"fragment":"{SQLTokenizer.getKeyWord(SQLTokenizer.LONGVARBINARY),   Utils.getShort(SQLTokenizer.getSQLDataType( SQLTokenizer.LONGVARBINARY) ),   Utils.getInteger(2147483647),\t\"0x\", null, null, \t\t \t\tUtils.getShort(typeNullable), Boolean.FALSE, Utils.getShort(typeSearchable), null, \t\t\tBoolean.FALSE, Boolean.FALSE, null, null, \t\t\t\t null, \t\t\t\t  null, null, null}","location":{"offset":[22433,348],"column":3,"row":837,"file":"smallsql0.21_src/src/smallsql/database/SSDatabaseMetaData.java"},"clone_class":"7ecb7b6a-1d78-4820-a163-fd28fba4ea6c","pairs":[{"type":3,"id":"bd645377-f5dc-4351-b55c-ca2324e4c375"},{"type":3,"id":"4d2f8277-32d1-4aea-a333-c995a4448d99"},{"type":3,"id":"ffee1fa2-563f-4e63-b39b-9fea260df7cb"}],"id":"2f163d4f-9169-45e0-8bb2-afa75421b4e7"},{"src":"|project://smallsql0.21_src/src/smallsql/database/SSDatabaseMetaData.java|(20932,370,<833,3>,<833,373>)","metadata":{"length":1,"sloc":1,"mass":41},"fragment":"{SQLTokenizer.getKeyWord(SQLTokenizer.UNIQUEIDENTIFIER),Utils.getShort(SQLTokenizer.getSQLDataType( SQLTokenizer.UNIQUEIDENTIFIER)), Utils.getInteger(36),      \t\"'\",  \"'\",  null, \t\t\t\tUtils.getShort(typeNullable), Boolean.FALSE, Utils.getShort(typeSearchable), null,          Boolean.FALSE, Boolean.FALSE, null, null,                null,                null, null, null}","location":{"offset":[20932,370],"column":3,"row":833,"file":"smallsql0.21_src/src/smallsql/database/SSDatabaseMetaData.java"},"clone_class":"7ecb7b6a-1d78-4820-a163-fd28fba4ea6c","pairs":[{"type":3,"id":"bd645377-f5dc-4351-b55c-ca2324e4c375"},{"type":3,"id":"4d2f8277-32d1-4aea-a333-c995a4448d99"},{"type":3,"id":"2f163d4f-9169-45e0-8bb2-afa75421b4e7"}],"id":"ffee1fa2-563f-4e63-b39b-9fea260df7cb"}]