[{"src":"|project://smallsql0.21_src/src/smallsql/junit/TestOrderBy.java|(4576,664,<143,1>,<167,2>)","metadata":{"length":25,"sloc":21,"mass":104},"fragment":"public void testOrderBy_varchar() throws Exception{\r\n\t\tinit();\r\n\t\tConnection con = AllTests.getConnection();\r\n\t\tStatement st = con.createStatement();\r\n\t\tResultSet rs;\r\n\t\tString oldValue;\r\n\t\t\r\n\t\trs = st.executeQuery(\"SELECT * FROM \" + table1 + \" ORDER  by v\");\r\n\t\t\r\n\t\tassertTrue( rs.next() );\r\n\t\t\r\n\t\toldValue = rs.getString(\"v\");\r\n\t\tassertNull(oldValue);\r\n\t\tassertTrue( rs.next() );\r\n\t\toldValue = rs.getString(\"v\");\r\n\t\t\r\n\t\tint count = 1;\r\n\t\twhile(rs.next()){\r\n\t\t\tString newValue = rs.getString(\"v\");\r\n\t\t\tassertTrue( oldValue + \"<\" + newValue, oldValue.compareTo( newValue ) < 0 );\r\n\t\t\toldValue = newValue;\r\n\t\t\tcount++;\r\n\t\t}\r\n\t\tassertEquals( valueCount, count );\r\n\t}","location":{"offset":[4576,664],"column":1,"row":143,"file":"smallsql0.21_src/src/smallsql/junit/TestOrderBy.java"},"clone_class":"904975ce-e260-4650-9a15-1debd579e95a","pairs":[{"type":3,"id":"70fdd7cb-d396-41df-9f3a-ff2f0a9ed33f"},{"type":3,"id":"02c03718-cd52-4304-8b1e-3729627d7cb1"},{"type":3,"id":"93e2723a-fc10-4426-9bed-b83dc014151d"},{"type":3,"id":"1d3512aa-dc60-417e-8505-22270cbf39a6"},{"type":3,"id":"c86fedfb-d21c-4461-8a1a-7bdb90491bc3"},{"type":3,"id":"a4f3e855-a830-41b0-90d0-fffc4352f760"}],"id":"c4117f74-f790-4269-97f9-06485652968b"},{"src":"|project://smallsql0.21_src/src/smallsql/junit/TestOrderBy.java|(13928,633,<519,1>,<542,2>)","metadata":{"length":24,"sloc":20,"mass":107},"fragment":"public void test_bigint() throws Exception{\r\n\t\tinit();\r\n\t\tConnection con = AllTests.getConnection();\r\n\t\tStatement st = con.createStatement();\r\n\t\tResultSet rs;\r\n\t\tLong oldValue;\r\n\t\t\r\n\t\trs = st.executeQuery(\"SELECT * FROM \" + table1 + \" ORDER  by bi\");\r\n\t\t\r\n\t\tassertTrue( rs.next() );\r\n\t\t\r\n\t\toldValue = (Long)rs.getObject(\"bi\");\r\n\t\tassertNull(oldValue);\r\n\t\tassertTrue( rs.next() );\r\n\t\toldValue = (Long)rs.getObject(\"bi\");\r\n\t\t\r\n\t\tint count = 1;\r\n\t\twhile(rs.next()){\r\n\t\t\tassertTrue( oldValue.compareTo( (Long)rs.getObject(\"bi\") ) < 0 );\r\n\t\t\toldValue = (Long)rs.getObject(\"bi\");\r\n\t\t\tcount++;\r\n\t\t}\r\n\t\tassertEquals( valueCount, count );\r\n\t}","location":{"offset":[13928,633],"column":1,"row":519,"file":"smallsql0.21_src/src/smallsql/junit/TestOrderBy.java"},"clone_class":"904975ce-e260-4650-9a15-1debd579e95a","pairs":[{"type":3,"id":"70fdd7cb-d396-41df-9f3a-ff2f0a9ed33f"},{"type":3,"id":"c4117f74-f790-4269-97f9-06485652968b"},{"type":3,"id":"93e2723a-fc10-4426-9bed-b83dc014151d"},{"type":3,"id":"1d3512aa-dc60-417e-8505-22270cbf39a6"},{"type":3,"id":"c86fedfb-d21c-4461-8a1a-7bdb90491bc3"},{"type":3,"id":"a4f3e855-a830-41b0-90d0-fffc4352f760"}],"id":"02c03718-cd52-4304-8b1e-3729627d7cb1"},{"src":"|project://smallsql0.21_src/src/smallsql/junit/TestOrderBy.java|(8524,650,<303,1>,<326,2>)","metadata":{"length":24,"sloc":20,"mass":98},"fragment":"public void testOrderBy_nvarchar() throws Exception{\r\n\t\tinit();\r\n\t\tConnection con = AllTests.getConnection();\r\n\t\tStatement st = con.createStatement();\r\n\t\tResultSet rs;\r\n\t\tString oldValue;\r\n\t\t\r\n\t\trs = st.executeQuery(\"SELECT * FROM \" + table1 + \" ORDER  by nv\");\r\n\t\t\r\n\t\tassertTrue( rs.next() );\r\n\t\t\r\n\t\toldValue = rs.getString(\"nv\");\r\n\t\tassertNull(oldValue);\r\n\t\tassertTrue( rs.next() );\r\n\t\toldValue = rs.getString(\"nv\");\r\n\t\t\r\n\t\tint count = 1;\r\n\t\twhile(rs.next()){\r\n\t\t\tassertTrue( String.CASE_INSENSITIVE_ORDER.compare( oldValue, rs.getString(\"nv\") ) <= 0 );\r\n\t\t\toldValue = rs.getString(\"nv\");\r\n\t\t\tcount++;\r\n\t\t}\r\n\t\tassertEquals( valueCount, count );\r\n\t}","location":{"offset":[8524,650],"column":1,"row":303,"file":"smallsql0.21_src/src/smallsql/junit/TestOrderBy.java"},"clone_class":"904975ce-e260-4650-9a15-1debd579e95a","pairs":[{"type":3,"id":"70fdd7cb-d396-41df-9f3a-ff2f0a9ed33f"},{"type":3,"id":"c4117f74-f790-4269-97f9-06485652968b"},{"type":3,"id":"02c03718-cd52-4304-8b1e-3729627d7cb1"},{"type":3,"id":"93e2723a-fc10-4426-9bed-b83dc014151d"},{"type":3,"id":"1d3512aa-dc60-417e-8505-22270cbf39a6"},{"type":3,"id":"a4f3e855-a830-41b0-90d0-fffc4352f760"}],"id":"c86fedfb-d21c-4461-8a1a-7bdb90491bc3"},{"src":"|project://smallsql0.21_src/src/smallsql/junit/TestOrderBy.java|(5248,660,<170,1>,<195,2>)","metadata":{"length":26,"sloc":22,"mass":102},"fragment":"public void testOrderBy_varchar_asc() throws Exception{\r\n\t\tinit();\r\n\t\tConnection con = AllTests.getConnection();\r\n\t\tStatement st = con.createStatement();\r\n\t\tResultSet rs;\r\n\t\tString oldValue;\r\n\t\t\r\n\t\trs = st.executeQuery(\"SELECT * FROM \" + table1 + \" ORDER  by v ASC\");\r\n\t\t\r\n\t\tassertTrue( rs.next() );\r\n\t\t\r\n\t\toldValue = rs.getString(\"v\");\r\n\t\tassertNull(oldValue);\r\n\t\tassertTrue( rs.next() );\r\n\t\toldValue = rs.getString(\"v\");\r\n\t\t\r\n\t\tint count = 1;\r\n\t\twhile(rs.next()){\r\n\t\t\tString newValue = rs.getString(\"v\");\r\n\t\t\tassertTrue( oldValue.compareTo( newValue ) < 0 );\r\n\t\t\toldValue = newValue;\r\n\t\t\tcount++;\r\n\t\t}\r\n\t\trs.close();\r\n\t\tassertEquals( valueCount, count );\r\n\t}","location":{"offset":[5248,660],"column":1,"row":170,"file":"smallsql0.21_src/src/smallsql/junit/TestOrderBy.java"},"clone_class":"904975ce-e260-4650-9a15-1debd579e95a","pairs":[{"type":3,"id":"70fdd7cb-d396-41df-9f3a-ff2f0a9ed33f"},{"type":3,"id":"c4117f74-f790-4269-97f9-06485652968b"},{"type":3,"id":"02c03718-cd52-4304-8b1e-3729627d7cb1"},{"type":3,"id":"93e2723a-fc10-4426-9bed-b83dc014151d"},{"type":3,"id":"1d3512aa-dc60-417e-8505-22270cbf39a6"},{"type":3,"id":"c86fedfb-d21c-4461-8a1a-7bdb90491bc3"}],"id":"a4f3e855-a830-41b0-90d0-fffc4352f760"}]