[{"src":"|project://smallsql0.21_src/src/smallsql/junit/TestScrollable.java|(7225,431,<167,75>,<179,5>)","metadata":{"length":13,"sloc":13,"mass":40},"fragment":"{\r\n        assertTrue( rs.isBeforeFirst() );\r\n        assertTrue( rs.isAfterLast() );\r\n        rs.afterLast();\r\n        assertTrue( rs.isAfterLast() );\r\n        assertFalse(\"There should be no rows:\", rs.previous());\r\n        try{\r\n            rs.getString(\"v\");\r\n            fail(\"SQLException 'No current row' should be throw\");\r\n        }catch(SQLException ex){\r\n            assertSQLException(\"01000\", 0, ex);\r\n        }\r\n    }","location":{"offset":[7225,431],"column":75,"row":167,"file":"smallsql0.21_src/src/smallsql/junit/TestScrollable.java"},"clone_class":"cfe6e20a-0251-4fd6-94c9-8c779b8c3602","pairs":[{"type":3,"id":"b6d281e0-9952-4355-959e-f9268a861069"}],"id":"e5d3c732-45a4-481a-a135-5485e40621b1"},{"src":"|project://smallsql0.21_src/src/smallsql/junit/TestScrollable.java|(5474,463,<129,72>,<141,5>)","metadata":{"length":13,"sloc":13,"mass":43},"fragment":"{\r\n        assertFalse( \"isFirst\", rs.isFirst() );\r\n        assertTrue( rs.isBeforeFirst() );\r\n        assertFalse( \"There should be no rows:\", rs.first());\r\n        assertFalse( \"isFirst\", rs.isFirst() );\r\n        assertTrue( rs.isBeforeFirst() );\r\n        try{\r\n            rs.getString(\"v\");\r\n            fail(\"SQLException 'No current row' should be throw\");\r\n        }catch(SQLException ex){\r\n            assertSQLException(\"01000\", 0, ex);\r\n        }\r\n    }","location":{"offset":[5474,463],"column":72,"row":129,"file":"smallsql0.21_src/src/smallsql/junit/TestScrollable.java"},"clone_class":"cfe6e20a-0251-4fd6-94c9-8c779b8c3602","pairs":[{"type":3,"id":"e5d3c732-45a4-481a-a135-5485e40621b1"}],"id":"b6d281e0-9952-4355-959e-f9268a861069"}]