[{"src":"|project://smallsql0.21_src/src/smallsql/junit/TestOrderBy.java|(13282,638,<493,1>,<516,2>)","metadata":{"length":24,"sloc":20,"mass":107},"fragment":"public void testOrderBy_real() throws Exception{\r\n\t\tinit();\r\n\t\tConnection con = AllTests.getConnection();\r\n\t\tStatement st = con.createStatement();\r\n\t\tResultSet rs;\r\n\t\tFloat oldValue;\r\n\t\t\r\n\t\trs = st.executeQuery(\"SELECT * FROM \" + table1 + \" ORDER  by r\");\r\n\t\t\r\n\t\tassertTrue( rs.next() );\r\n\t\t\r\n\t\toldValue = (Float)rs.getObject(\"r\");\r\n\t\tassertNull(oldValue);\r\n\t\tassertTrue( rs.next() );\r\n\t\toldValue = (Float)rs.getObject(\"r\");\r\n\t\t\r\n\t\tint count = 1;\r\n\t\twhile(rs.next()){\r\n\t\t\tassertTrue( oldValue.compareTo( (Float)rs.getObject(\"r\") ) < 0 );\r\n\t\t\toldValue = (Float)rs.getObject(\"r\");\r\n\t\t\tcount++;\r\n\t\t}\r\n\t\tassertEquals( valueCount, count );\r\n\t}","location":{"offset":[13282,638],"column":1,"row":493,"file":"smallsql0.21_src/src/smallsql/junit/TestOrderBy.java"},"clone_class":"94b4d869-1971-4ee4-9345-ec2041aba92f","pairs":[{"type":2,"id":"e8efde76-2001-4295-9357-3852b6669c8d"},{"type":2,"id":"02c03718-cd52-4304-8b1e-3729627d7cb1"},{"type":2,"id":"cfa701b8-5d00-45e3-944c-519b48f00223"},{"type":2,"id":"bb7c2595-9a88-48f1-ba9d-25b930dcb264"}],"id":"12ea8395-3867-44e5-9821-f25e3426f385"},{"src":"|project://smallsql0.21_src/src/smallsql/junit/TestOrderBy.java|(12629,645,<467,1>,<490,2>)","metadata":{"length":24,"sloc":20,"mass":107},"fragment":"public void testOrderBy_double() throws Exception{\r\n\t\tinit();\r\n\t\tConnection con = AllTests.getConnection();\r\n\t\tStatement st = con.createStatement();\r\n\t\tResultSet rs;\r\n\t\tDouble oldValue;\r\n\t\t\r\n\t\trs = st.executeQuery(\"SELECT * FROM \" + table1 + \" ORDER  by d\");\r\n\t\t\r\n\t\tassertTrue( rs.next() );\r\n\t\t\r\n\t\toldValue = (Double)rs.getObject(\"d\");\r\n\t\tassertNull(oldValue);\r\n\t\tassertTrue( rs.next() );\r\n\t\toldValue = (Double)rs.getObject(\"d\");\r\n\t\t\r\n\t\tint count = 1;\r\n\t\twhile(rs.next()){\r\n\t\t\tassertTrue( oldValue.compareTo( (Double)rs.getObject(\"d\") ) < 0 );\r\n\t\t\toldValue = (Double)rs.getObject(\"d\");\r\n\t\t\tcount++;\r\n\t\t}\r\n\t\tassertEquals( valueCount, count );\r\n\t}","location":{"offset":[12629,645],"column":1,"row":467,"file":"smallsql0.21_src/src/smallsql/junit/TestOrderBy.java"},"clone_class":"94b4d869-1971-4ee4-9345-ec2041aba92f","pairs":[{"type":2,"id":"12ea8395-3867-44e5-9821-f25e3426f385"},{"type":2,"id":"02c03718-cd52-4304-8b1e-3729627d7cb1"},{"type":2,"id":"cfa701b8-5d00-45e3-944c-519b48f00223"},{"type":2,"id":"bb7c2595-9a88-48f1-ba9d-25b930dcb264"}],"id":"e8efde76-2001-4295-9357-3852b6669c8d"},{"src":"|project://smallsql0.21_src/src/smallsql/junit/TestOrderBy.java|(13928,633,<519,1>,<542,2>)","metadata":{"length":24,"sloc":20,"mass":107},"fragment":"public void test_bigint() throws Exception{\r\n\t\tinit();\r\n\t\tConnection con = AllTests.getConnection();\r\n\t\tStatement st = con.createStatement();\r\n\t\tResultSet rs;\r\n\t\tLong oldValue;\r\n\t\t\r\n\t\trs = st.executeQuery(\"SELECT * FROM \" + table1 + \" ORDER  by bi\");\r\n\t\t\r\n\t\tassertTrue( rs.next() );\r\n\t\t\r\n\t\toldValue = (Long)rs.getObject(\"bi\");\r\n\t\tassertNull(oldValue);\r\n\t\tassertTrue( rs.next() );\r\n\t\toldValue = (Long)rs.getObject(\"bi\");\r\n\t\t\r\n\t\tint count = 1;\r\n\t\twhile(rs.next()){\r\n\t\t\tassertTrue( oldValue.compareTo( (Long)rs.getObject(\"bi\") ) < 0 );\r\n\t\t\toldValue = (Long)rs.getObject(\"bi\");\r\n\t\t\tcount++;\r\n\t\t}\r\n\t\tassertEquals( valueCount, count );\r\n\t}","location":{"offset":[13928,633],"column":1,"row":519,"file":"smallsql0.21_src/src/smallsql/junit/TestOrderBy.java"},"clone_class":"94b4d869-1971-4ee4-9345-ec2041aba92f","pairs":[{"type":2,"id":"12ea8395-3867-44e5-9821-f25e3426f385"},{"type":2,"id":"e8efde76-2001-4295-9357-3852b6669c8d"},{"type":2,"id":"cfa701b8-5d00-45e3-944c-519b48f00223"},{"type":2,"id":"bb7c2595-9a88-48f1-ba9d-25b930dcb264"}],"id":"02c03718-cd52-4304-8b1e-3729627d7cb1"},{"src":"|project://smallsql0.21_src/src/smallsql/junit/TestOrderBy.java|(9182,647,<329,1>,<352,2>)","metadata":{"length":24,"sloc":20,"mass":107},"fragment":"public void testOrderBy_int() throws Exception{\r\n\t\tinit();\r\n\t\tConnection con = AllTests.getConnection();\r\n\t\tStatement st = con.createStatement();\r\n\t\tResultSet rs;\r\n\t\tInteger oldValue;\r\n\t\t\r\n\t\trs = st.executeQuery(\"SELECT * FROM \" + table1 + \" ORDER  by i\");\r\n\t\t\r\n\t\tassertTrue( rs.next() );\r\n\t\t\r\n\t\toldValue = (Integer)rs.getObject(\"i\");\r\n\t\tassertNull(oldValue);\r\n\t\tassertTrue( rs.next() );\r\n\t\toldValue = (Integer)rs.getObject(\"i\");\r\n\t\t\r\n\t\tint count = 1;\r\n\t\twhile(rs.next()){\r\n\t\t\tassertTrue( oldValue.compareTo( (Integer)rs.getObject(\"i\") ) < 0 );\r\n\t\t\toldValue = (Integer)rs.getObject(\"i\");\r\n\t\t\tcount++;\r\n\t\t}\r\n\t\tassertEquals( valueCount, count );\r\n\t}","location":{"offset":[9182,647],"column":1,"row":329,"file":"smallsql0.21_src/src/smallsql/junit/TestOrderBy.java"},"clone_class":"94b4d869-1971-4ee4-9345-ec2041aba92f","pairs":[{"type":2,"id":"12ea8395-3867-44e5-9821-f25e3426f385"},{"type":2,"id":"e8efde76-2001-4295-9357-3852b6669c8d"},{"type":2,"id":"02c03718-cd52-4304-8b1e-3729627d7cb1"},{"type":2,"id":"bb7c2595-9a88-48f1-ba9d-25b930dcb264"}],"id":"cfa701b8-5d00-45e3-944c-519b48f00223"},{"src":"|project://smallsql0.21_src/src/smallsql/junit/TestOrderBy.java|(11277,655,<414,1>,<437,2>)","metadata":{"length":24,"sloc":20,"mass":107},"fragment":"public void testOrderBy_int_asc() throws Exception{\r\n\t\tinit();\r\n\t\tConnection con = AllTests.getConnection();\r\n\t\tStatement st = con.createStatement();\r\n\t\tResultSet rs;\r\n\t\tInteger oldValue;\r\n\t\t\r\n\t\trs = st.executeQuery(\"SELECT * FROM \" + table1 + \" ORDER  by i Asc\");\r\n\t\t\r\n\t\tassertTrue( rs.next() );\r\n\t\t\r\n\t\toldValue = (Integer)rs.getObject(\"i\");\r\n\t\tassertNull(oldValue);\r\n\t\tassertTrue( rs.next() );\r\n\t\toldValue = (Integer)rs.getObject(\"i\");\r\n\t\t\r\n\t\tint count = 1;\r\n\t\twhile(rs.next()){\r\n\t\t\tassertTrue( oldValue.compareTo( (Integer)rs.getObject(\"i\") ) < 0 );\r\n\t\t\toldValue = (Integer)rs.getObject(\"i\");\r\n\t\t\tcount++;\r\n\t\t}\r\n\t\tassertEquals( valueCount, count );\r\n\t}","location":{"offset":[11277,655],"column":1,"row":414,"file":"smallsql0.21_src/src/smallsql/junit/TestOrderBy.java"},"clone_class":"94b4d869-1971-4ee4-9345-ec2041aba92f","pairs":[{"type":2,"id":"12ea8395-3867-44e5-9821-f25e3426f385"},{"type":2,"id":"e8efde76-2001-4295-9357-3852b6669c8d"},{"type":2,"id":"02c03718-cd52-4304-8b1e-3729627d7cb1"},{"type":2,"id":"cfa701b8-5d00-45e3-944c-519b48f00223"}],"id":"bb7c2595-9a88-48f1-ba9d-25b930dcb264"}]