[{"src":"|project://smallsql0.21_src/src/smallsql/junit/BenchTest.java|(22001,2133,<518,8>,<558,9>)","metadata":{"length":41,"sloc":41,"mass":241},"fragment":"try{\r\n            PreparedStatement pr = con.prepareStatement( \"UPDATE \" + tableName + \" SET bi=?,c=?,d=?,de=?,f=?,im=?,i=?,m=?,n=?,r=?,sd=?,si=?,sm=?,sy=?,t=?,ti=?,vb=?,vc=? WHERE i=?\" );\r\n            long time = -System.currentTimeMillis();\r\n            for (int i=0; i<batches; i++){\r\n                for (int r=0; r<batchSize; r++){\r\n\t                pr.setBytes (  1, byteArray );\r\n\t                pr.setString(  2 , \"Test\" );\r\n\t                pr.setDate  (  3 , new Date( System.currentTimeMillis() ) );\r\n\t                pr.setFloat (  4, (float)1234.56789 );\r\n\t                pr.setFloat (  5 , (float)9876.54321 );\r\n\t                pr.setBytes (  6, largeByteArray );\r\n\t                pr.setInt   (  7 , i*batchSize + r );\r\n\t                pr.setDouble(  8 , 23.45 );\r\n\t                pr.setDouble(  9 , 567.45 );\r\n\t                pr.setFloat (  10 , (float)78.89 );\r\n\t                pr.setTime  (  11, new Time( System.currentTimeMillis() ) );\r\n\t                pr.setShort (  12, (short)23456 );\r\n\t                pr.setFloat (  13, (float)34.56 );\r\n\t                pr.setString(  14, \"sysname (30) NULL\" );\r\n\t                pr.setString(  15 , \"text NULL\" );\r\n\t                pr.setByte  (  16, (byte)28 );\r\n\t                pr.setBytes (  17, byteArray );\r\n\t                pr.setString(  18, \"varchar (255) NULL\" );\r\n\t                pr.setInt   (  19 , i );\r\n\t                pr.addBatch();\r\n\t            }\r\n                int[] updateCount = pr.executeBatch();\r\n                if (updateCount.length != batchSize){\r\n                    System.out.println( \"  Failed: Update count size should be \" + batchSize + \" but it is \" + updateCount.length + \".\");\r\n                    return;\r\n                }\r\n            }\r\n            time += System.currentTimeMillis();\r\n            System.out.println( \"  Test time: \" + time + \" ms\");\r\n            pr.close();\r\n        }catch(Exception e){\r\n            System.out.println(\"  Failed:\"+e);\r\n        }finally{\r\n            System.out.println();\r\n            System.out.println(\"===================================================================\");\r\n        }","location":{"offset":[22001,2133],"column":8,"row":518,"file":"smallsql0.21_src/src/smallsql/junit/BenchTest.java"},"clone_class":"0bbed3a9-e238-4131-9fbd-4fd1305852d2","pairs":[{"type":3,"id":"4d942085-71e5-4a5c-ad17-634ea053ba36"}],"id":"f0e8a626-def2-43b7-a007-97b56abc0365"},{"src":"|project://smallsql0.21_src/src/smallsql/junit/BenchTest.java|(16533,2185,<404,4>,<449,5>)","metadata":{"length":46,"sloc":42,"mass":235},"fragment":"/**\r\n      *  8. Test\r\n      *  Update rows with a PreparedStatement.\r\n      */  \r\n    static void test_UpdateRowsPrepare(Connection con){\r\n        System.out.println();\r\n        System.out.println( \"Test update rows with a PreparedStatement: \" + rowCount + \" rows\");\r\n        try{\r\n            PreparedStatement pr = con.prepareStatement( \"UPDATE \" + tableName + \" SET bi=?,c=?,d=?,de=?,f=?,im=?,i=?,m=?,n=?,r=?,sd=?,si=?,sm=?,sy=?,t=?,ti=?,vb=?,vc=? WHERE i=?\" );\r\n            long time = -System.currentTimeMillis();\r\n            for (int i=0; i<rowCount; i++){\r\n\t            pr.setBytes (  1, byteArray );\r\n\t            pr.setString(  2 , \"Test\" );\r\n\t            pr.setDate  (  3 , new Date( System.currentTimeMillis() ) );\r\n\t            pr.setFloat (  4, (float)1234.56789 );\r\n\t            pr.setFloat (  5 , (float)9876.54321 );\r\n\t            pr.setBytes (  6, largeByteArray );\r\n\t            pr.setInt   (  7 , i );\r\n\t            pr.setDouble(  8 , 23.45 );\r\n\t            pr.setDouble(  9 , 567.45 );\r\n\t            pr.setFloat (  10 , (float)78.89 );\r\n\t            pr.setTime  (  11, new Time( System.currentTimeMillis() ) );\r\n\t            pr.setShort (  12, (short)23456 );\r\n\t            pr.setFloat (  13, (float)34.56 );\r\n\t            pr.setString(  14, \"sysname (30) NULL\" );\r\n\t            pr.setString(  15 , \"text NULL\" );\r\n\t            pr.setByte  (  16, (byte)28 );\r\n\t            pr.setBytes (  17, byteArray );\r\n\t            pr.setString(  18, \"varchar (255) NULL\" );\r\n\t            pr.setInt   (  19 , i );\r\n                int updateCount = pr.executeUpdate();\r\n                if (updateCount != 1){\r\n                    System.out.println( \"  Failed: Update count should be 1 but it is \" + updateCount + \".\");\r\n                    return;\r\n                }\r\n            }\r\n            time += System.currentTimeMillis();\r\n            System.out.println( \"  Test time: \" + time + \" ms\");\r\n            pr.close();\r\n        }catch(Exception e){\r\n            System.out.println(\"  Failed:\"+e);\r\n        }finally{\r\n            System.out.println();\r\n            System.out.println(\"===================================================================\");\r\n        }\r\n    }","location":{"offset":[16533,2185],"column":4,"row":404,"file":"smallsql0.21_src/src/smallsql/junit/BenchTest.java"},"clone_class":"0bbed3a9-e238-4131-9fbd-4fd1305852d2","pairs":[{"type":3,"id":"f0e8a626-def2-43b7-a007-97b56abc0365"}],"id":"4d942085-71e5-4a5c-ad17-634ea053ba36"}]