[{"src":"|project://smallsql0.21_src/src/smallsql/database/ExpressionFunctionATan2.java|(0,1732,<1,0>,<48,1>)","metadata":{"length":48,"sloc":11,"mass":41},"fragment":"/* =============================================================\r\n * SmallSQL : a free Java DBMS library for the Java(tm) platform\r\n * =============================================================\r\n *\r\n * (C) Copyright 2004-2006, by Volker Berlin.\r\n *\r\n * Project Info:  http://www.smallsql.de/\r\n *\r\n * This library is free software; you can redistribute it and/or modify it \r\n * under the terms of the GNU Lesser General Public License as published by \r\n * the Free Software Foundation; either version 2.1 of the License, or \r\n * (at your option) any later version.\r\n *\r\n * This library is distributed in the hope that it will be useful, but \r\n * WITHOUT ANY WARRANTY; without even the implied warranty of MERCHANTABILITY \r\n * or FITNESS FOR A PARTICULAR PURPOSE. See the GNU Lesser General Public \r\n * License for more details.\r\n *\r\n * You should have received a copy of the GNU Lesser General Public\r\n * License along with this library; if not, write to the Free Software\r\n * Foundation, Inc., 51 Franklin Street, Fifth Floor, Boston, MA  02110-1301, \r\n * USA.  \r\n *\r\n * [Java is a trademark or registered trademark of Sun Microsystems, Inc. \r\n * in the United States and other countries.]\r\n *\r\n * ---------------\r\n * ExpressionFunctionATan2.java\r\n * ---------------\r\n * Author: Volker Berlin\r\n * \r\n */\r\npackage smallsql.database;\r\n\r\n\r\nfinal class ExpressionFunctionATan2 extends ExpressionFunctionReturnFloat {\r\n\r\n    final int getFunction(){ return SQLTokenizer.ATAN2; }\r\n\r\n    boolean isNull() throws Exception{\r\n        return param1.isNull() || param2.isNull();\r\n    }\r\n\r\n    final double getDouble() throws Exception{\r\n\t\tif(isNull()) return 0;\r\n        return Math.atan2( param1.getDouble(), param2.getDouble() );\r\n    }\r\n}","location":{"offset":[0,1732],"column":0,"row":1,"file":"smallsql0.21_src/src/smallsql/database/ExpressionFunctionATan2.java"},"clone_class":"edb96426-f319-4f78-9a06-6b76c7230525","pairs":[{"type":2,"id":"7d939227-0d25-4184-aba8-2cbd8299744f"}],"id":"1cf60117-5bd9-44af-8914-2d97593fab61"},{"src":"|project://smallsql0.21_src/src/smallsql/database/ExpressionFunctionPower.java|(0,1730,<1,0>,<48,1>)","metadata":{"length":48,"sloc":11,"mass":41},"fragment":"/* =============================================================\r\n * SmallSQL : a free Java DBMS library for the Java(tm) platform\r\n * =============================================================\r\n *\r\n * (C) Copyright 2004-2006, by Volker Berlin.\r\n *\r\n * Project Info:  http://www.smallsql.de/\r\n *\r\n * This library is free software; you can redistribute it and/or modify it \r\n * under the terms of the GNU Lesser General Public License as published by \r\n * the Free Software Foundation; either version 2.1 of the License, or \r\n * (at your option) any later version.\r\n *\r\n * This library is distributed in the hope that it will be useful, but \r\n * WITHOUT ANY WARRANTY; without even the implied warranty of MERCHANTABILITY \r\n * or FITNESS FOR A PARTICULAR PURPOSE. See the GNU Lesser General Public \r\n * License for more details.\r\n *\r\n * You should have received a copy of the GNU Lesser General Public\r\n * License along with this library; if not, write to the Free Software\r\n * Foundation, Inc., 51 Franklin Street, Fifth Floor, Boston, MA  02110-1301, \r\n * USA.  \r\n *\r\n * [Java is a trademark or registered trademark of Sun Microsystems, Inc. \r\n * in the United States and other countries.]\r\n *\r\n * ---------------\r\n * ExpressionFunctionPower.java\r\n * ---------------\r\n * Author: Volker Berlin\r\n * \r\n */\r\npackage smallsql.database;\r\n\r\n\r\nfinal class ExpressionFunctionPower extends ExpressionFunctionReturnFloat {\r\n\r\n    final int getFunction(){ return SQLTokenizer.POWER; }\r\n\r\n    boolean isNull() throws Exception{\r\n        return param1.isNull() || param2.isNull();\r\n    }\r\n\r\n    final double getDouble() throws Exception{\r\n\t\tif(isNull()) return 0;\r\n        return Math.pow( param1.getDouble(), param2.getDouble() );\r\n    }\r\n}","location":{"offset":[0,1730],"column":0,"row":1,"file":"smallsql0.21_src/src/smallsql/database/ExpressionFunctionPower.java"},"clone_class":"edb96426-f319-4f78-9a06-6b76c7230525","pairs":[{"type":2,"id":"1cf60117-5bd9-44af-8914-2d97593fab61"}],"id":"7d939227-0d25-4184-aba8-2cbd8299744f"}]