[{"src":"|project://smallsql0.21_src/src/smallsql/junit/BenchTest.java|(19867,1219,<468,12>,<492,13>)","metadata":{"length":25,"sloc":25,"mass":144},"fragment":"for (int i=0; i<rowCount; i++){\r\n\t            pr.setBytes (  1, byteArray );\r\n\t            pr.setString(  2 , \"Test\" );\r\n\t            pr.setDate  (  3 , new Date( System.currentTimeMillis() ) );\r\n\t            pr.setFloat (  4, (float)1234.56789 );\r\n\t            pr.setFloat (  5 , (float)9876.54321 );\r\n\t            pr.setBytes (  6, largeByteArray );\r\n\t            pr.setInt   (  7 , i );\r\n\t            pr.setDouble(  8 , 23.45 );\r\n\t            pr.setDouble(  9 , 567.45 );\r\n\t            pr.setFloat (  10 , (float)78.89 );\r\n\t            pr.setTime  (  11, new Time( System.currentTimeMillis() ) );\r\n\t            pr.setShort (  12, (short)23456 );\r\n\t            pr.setFloat (  13, (float)34.56 );\r\n\t            pr.setString(  14, \"sysname (30) NULL\" );\r\n\t            pr.setString(  15 , \"text NULL\" );\r\n\t            pr.setByte  (  16, (byte)28 );\r\n\t            pr.setBytes (  17, byteArray );\r\n\t            pr.setString(  18, \"varchar (255) NULL\" );\r\n                int updateCount = pr.executeUpdate();\r\n                if (updateCount != 1){\r\n                    System.out.println( \"  Failed: Update count should be 1 but it is \" + updateCount + \".\");\r\n                    return;\r\n                }\r\n            }","location":{"offset":[19867,1219],"column":12,"row":468,"file":"smallsql0.21_src/src/smallsql/junit/BenchTest.java"},"clone_class":"d50cf0d1-76c0-4137-b0c0-ac434d56ea37","pairs":[{"type":3,"id":"58ce4c8a-7009-43bd-b445-e4edbabf19c4"}],"id":"49e59989-c804-4dcc-97db-8d6e7eae1346"},{"src":"|project://smallsql0.21_src/src/smallsql/junit/BenchTest.java|(17096,1228,<414,42>,<439,13>)","metadata":{"length":26,"sloc":26,"mass":138},"fragment":"{\r\n\t            pr.setBytes (  1, byteArray );\r\n\t            pr.setString(  2 , \"Test\" );\r\n\t            pr.setDate  (  3 , new Date( System.currentTimeMillis() ) );\r\n\t            pr.setFloat (  4, (float)1234.56789 );\r\n\t            pr.setFloat (  5 , (float)9876.54321 );\r\n\t            pr.setBytes (  6, largeByteArray );\r\n\t            pr.setInt   (  7 , i );\r\n\t            pr.setDouble(  8 , 23.45 );\r\n\t            pr.setDouble(  9 , 567.45 );\r\n\t            pr.setFloat (  10 , (float)78.89 );\r\n\t            pr.setTime  (  11, new Time( System.currentTimeMillis() ) );\r\n\t            pr.setShort (  12, (short)23456 );\r\n\t            pr.setFloat (  13, (float)34.56 );\r\n\t            pr.setString(  14, \"sysname (30) NULL\" );\r\n\t            pr.setString(  15 , \"text NULL\" );\r\n\t            pr.setByte  (  16, (byte)28 );\r\n\t            pr.setBytes (  17, byteArray );\r\n\t            pr.setString(  18, \"varchar (255) NULL\" );\r\n\t            pr.setInt   (  19 , i );\r\n                int updateCount = pr.executeUpdate();\r\n                if (updateCount != 1){\r\n                    System.out.println( \"  Failed: Update count should be 1 but it is \" + updateCount + \".\");\r\n                    return;\r\n                }\r\n            }","location":{"offset":[17096,1228],"column":42,"row":414,"file":"smallsql0.21_src/src/smallsql/junit/BenchTest.java"},"clone_class":"d50cf0d1-76c0-4137-b0c0-ac434d56ea37","pairs":[{"type":3,"id":"49e59989-c804-4dcc-97db-8d6e7eae1346"}],"id":"58ce4c8a-7009-43bd-b445-e4edbabf19c4"}]