[{"src":"|project://smallsql0.21_src/src/smallsql/junit/TestExceptionMethods.java|(5715,597,<165,4>,<179,5>)","metadata":{"length":15,"sloc":15,"mass":49},"fragment":"public void testDuplicatedColumnAlter() throws Exception{\r\n        Connection con = AllTests.getConnection();\r\n        try{\r\n            Statement st = con.createStatement();\r\n            st.execute(\"Create Table DuplicatedColumn(col INT)\");\r\n            try{\r\n                st.execute(\"ALTER TABLE DuplicatedColumn Add Col INT\");\r\n                fail(\"SQLException 'Duplicated Column' should be throw\");\r\n            }catch(SQLException e){\r\n                assertSQLException(\"01000\", 0, e);\r\n            }\r\n        }finally{\r\n            dropTable(con, \"DuplicatedColumn\");\r\n        }\r\n    }","location":{"offset":[5715,597],"column":4,"row":165,"file":"smallsql0.21_src/src/smallsql/junit/TestExceptionMethods.java"},"clone_class":"a7df8208-965b-4387-98d2-e7941d1348ec","pairs":[{"type":2,"id":"ea1da73e-20ae-47ae-a29a-3c473c55b63a"}],"id":"22a0bbb5-a132-48aa-8628-3ca6393ba8a5"},{"src":"|project://smallsql0.21_src/src/smallsql/junit/TestExceptionMethods.java|(6322,607,<182,4>,<196,5>)","metadata":{"length":15,"sloc":15,"mass":49},"fragment":"public void testDuplicatedColumnInsert() throws Exception{\r\n        Connection con = AllTests.getConnection();\r\n        try{\r\n            Statement st = con.createStatement();\r\n            st.execute(\"Create Table DuplicatedColumn(col INT)\");\r\n            try{\r\n                st.execute(\"INSERT INTO DuplicatedColumn(col,Col) Values(1,2)\");\r\n                fail(\"SQLException 'Duplicated Column' should be throw\");\r\n            }catch(SQLException e){\r\n                assertSQLException(\"01000\", 0, e);\r\n            }\r\n        }finally{\r\n            dropTable(con, \"DuplicatedColumn\");\r\n        }\r\n    }","location":{"offset":[6322,607],"column":4,"row":182,"file":"smallsql0.21_src/src/smallsql/junit/TestExceptionMethods.java"},"clone_class":"a7df8208-965b-4387-98d2-e7941d1348ec","pairs":[{"type":2,"id":"22a0bbb5-a132-48aa-8628-3ca6393ba8a5"}],"id":"ea1da73e-20ae-47ae-a29a-3c473c55b63a"}]