[{"src":"|project://smallsql0.21_src/src/smallsql/database/MutableNumeric.java|(7233,177,<253,8>,<256,9>)","metadata":{"length":4,"sloc":4,"mass":43},"fragment":"for(int v2 = val2.length; v2>0; ){\r\n            temp = (value[--v1] & 0xFFFFFFFFL) - (val2 [--v2] & 0xFFFFFFFFL) + (temp >>>= 32);\r\n            value[v1] = (int)temp;\r\n        }","location":{"offset":[7233,177],"column":8,"row":253,"file":"smallsql0.21_src/src/smallsql/database/MutableNumeric.java"},"clone_class":"01988930-2a23-494a-ac8a-a1952a69d3c5","pairs":[{"type":3,"id":"03314e41-6c51-4066-b293-6f1ab5ba2ba8"}],"id":"68ddef8b-b5f6-4ea5-9c1b-93956cf1ec76"},{"src":"|project://smallsql0.21_src/src/smallsql/database/MutableNumeric.java|(5768,176,<202,8>,<205,9>)","metadata":{"length":4,"sloc":4,"mass":43},"fragment":"for(int v2 = val2.length; v2>0; ){\r\n            temp = (value[--v1] & 0xFFFFFFFFL) + (val2 [--v2] & 0xFFFFFFFFL) + (temp >>> 32);\r\n            value[v1] = (int)temp;\r\n        }","location":{"offset":[5768,176],"column":8,"row":202,"file":"smallsql0.21_src/src/smallsql/database/MutableNumeric.java"},"clone_class":"01988930-2a23-494a-ac8a-a1952a69d3c5","pairs":[{"type":3,"id":"68ddef8b-b5f6-4ea5-9c1b-93956cf1ec76"}],"id":"03314e41-6c51-4066-b293-6f1ab5ba2ba8"}]