[{"src":"|project://smallsql0.21_src/src/smallsql/database/SSResultSet.java|(27554,360,<818,4>,<827,5>)","metadata":{"length":10,"sloc":10,"mass":41},"fragment":"public URL getURL(int columnIndex) throws SQLException {\r\n        try{\r\n            Expression expr = getValue(columnIndex);\r\n            wasNull = expr.isNull();\r\n            if(wasNull) return null;\r\n            return new URL( expr.getString() );\r\n        }catch(Exception e){\r\n            throw SmallSQLException.createFromException( e );\r\n        }\r\n    }","location":{"offset":[27554,360],"column":4,"row":818,"file":"smallsql0.21_src/src/smallsql/database/SSResultSet.java"},"clone_class":"5e0c143e-de9a-4cab-98ae-c8613939c58f","pairs":[{"type":3,"id":"c4325578-12f7-47da-8cb6-b063463317b3"}],"id":"da14b361-e677-4495-9134-7775a315931a"},{"src":"|project://smallsql0.21_src/src/smallsql/database/SSCallableStatement.java|(5903,322,<163,4>,<172,5>)","metadata":{"length":10,"sloc":10,"mass":40},"fragment":"public Date getDate(int i) throws SQLException {\r\n        try{\r\n\t\t\tExpression expr = getValue(i);\r\n            wasNull = expr.isNull();\r\n\t\t\tif(wasNull) return null;\r\n\t\t\treturn DateTime.getDate( expr.getLong() );\r\n        }catch(Exception e){\r\n            throw SmallSQLException.createFromException( e );\r\n        }\r\n    }","location":{"offset":[5903,322],"column":4,"row":163,"file":"smallsql0.21_src/src/smallsql/database/SSCallableStatement.java"},"clone_class":"5e0c143e-de9a-4cab-98ae-c8613939c58f","pairs":[{"type":3,"id":"da14b361-e677-4495-9134-7775a315931a"}],"id":"c4325578-12f7-47da-8cb6-b063463317b3"}]