[{"src":"|project://smallsql0.21_src/src/smallsql/junit/TestScrollable.java|(7768,903,<184,5>,<197,3>)","metadata":{"length":14,"sloc":12,"mass":58},"fragment":"{\t\t\t\r\n\t\t\tcon.createStatement().execute(\"Create Table Scrollable (i counter, v varchar(20))\");\r\n\t\t\tassertRowCount( 0, \"Select * from Scrollable\");\r\n\r\n\t\t\tcon.createStatement().execute(\"Insert Into Scrollable(v) Values('qwert1')\");\r\n\t\t\tcon.createStatement().execute(\"Insert Into Scrollable(v) Values('qwert2')\");\r\n\t\t\tcon.createStatement().execute(\"Insert Into Scrollable(v) Values('qwert3')\");\r\n\r\n            Statement st = con.createStatement(ResultSet.TYPE_SCROLL_SENSITIVE, ResultSet.CONCUR_UPDATABLE);\r\n            testAbsoluteRelativeAssert( st.executeQuery(\"Select * from Scrollable\") );\r\n            testAbsoluteRelativeAssert( st.executeQuery(\"Select * from Scrollable Order By i\") );\r\n            testAbsoluteRelativeAssert( st.executeQuery(\"Select v from Scrollable Group By v\") );\r\n            testAbsoluteRelativeAssert( st.executeQuery(\"Select v from Scrollable Group By v Order By v\") );\r\n\t\t}","location":{"offset":[7768,903],"column":5,"row":184,"file":"smallsql0.21_src/src/smallsql/junit/TestScrollable.java"},"clone_class":"b0fba2ef-f64b-47ed-ad1f-839b14157cdf","pairs":[{"type":3,"id":"1c2113d9-e45f-4b7b-8ef4-943d4c6ffd5e"},{"type":3,"id":"f72baea8-285c-428d-ae91-05b06929eeb6"}],"id":"f5adaa4f-6635-4148-bd6b-f2718445117b"},{"src":"|project://smallsql0.21_src/src/smallsql/junit/TestTransactions.java|(13019,659,<347,5>,<365,3>)","metadata":{"length":19,"sloc":15,"mass":62},"fragment":"{\t\t\t\r\n\t\t\tcon.setAutoCommit(false);\r\n\t\t\tcon.createStatement().execute(\"Create Table transactions (i int identity, v varchar(20))\");\r\n\t\t\tassertRowCount( 0, \"Select * from transactions\");\r\n\r\n\t\t\tcon.createStatement().execute(\"Insert Into transactions(v) Values('qwert')\");\r\n\r\n\t\t\tResultSet rs = con.createStatement(ResultSet.TYPE_SCROLL_SENSITIVE, ResultSet.CONCUR_UPDATABLE)\r\n\t\t\t\t\t\t\t\t.executeQuery(\"Select * from transactions Where 1=0\");\r\n\t\t\t\r\n\t\t\trs.moveToInsertRow();\r\n\t\t\trs.updateString(\"v\", \"qwert2\");\r\n\t\t\trs.insertRow();\r\n\t\t\t\r\n\t\t\trs.beforeFirst();\r\n\t\t\tassertTrue( rs.next() );\r\n\t\t\tassertEquals(\"qwert2\", rs.getString(\"v\"));\r\n\t\t\tassertFalse( rs.next() );\r\n\t\t}","location":{"offset":[13019,659],"column":5,"row":347,"file":"smallsql0.21_src/src/smallsql/junit/TestTransactions.java"},"clone_class":"b0fba2ef-f64b-47ed-ad1f-839b14157cdf","pairs":[{"type":3,"id":"f5adaa4f-6635-4148-bd6b-f2718445117b"},{"type":3,"id":"f72baea8-285c-428d-ae91-05b06929eeb6"}],"id":"1c2113d9-e45f-4b7b-8ef4-943d4c6ffd5e"},{"src":"|project://smallsql0.21_src/src/smallsql/junit/TestScrollable.java|(6050,1025,<146,5>,<161,3>)","metadata":{"length":16,"sloc":13,"mass":61},"fragment":"{\t\t\t\r\n\t\t\tcon.createStatement().execute(\"Create Table Scrollable (i counter, v varchar(20))\");\r\n\t\t\tassertRowCount( 0, \"Select * from Scrollable\");\r\n\r\n\t\t\tcon.createStatement().execute(\"Insert Into Scrollable(v) Values('qwert')\");\r\n\t\t\tassertRowCount( 1, \"Select * from Scrollable\");\r\n\t\t\tassertRowCount( 0, \"Select * from Scrollable Where 1=0\");\r\n\r\n            Statement st = con.createStatement(ResultSet.TYPE_SCROLL_SENSITIVE, ResultSet.CONCUR_UPDATABLE);\r\n            testPreviousWithWhereAssert( st.executeQuery(\"Select * from Scrollable Where 1=0\") );\r\n            testPreviousWithWhereAssert( st.executeQuery(\"Select * from Scrollable Where 1=0 Order By v\") );\r\n            testPreviousWithWhereAssert( st.executeQuery(\"Select v from Scrollable Where 1=0 Group By v\") );\r\n            testPreviousWithWhereAssert( st.executeQuery(\"Select v from Scrollable Where 1=0 Group By v Order By v\") );\r\n            testPreviousWithWhereAssert( st.executeQuery(\"Select v from Scrollable Group By v Having 1=0 Order By v\") );\r\n\t\t\t\r\n\t\t}","location":{"offset":[6050,1025],"column":5,"row":146,"file":"smallsql0.21_src/src/smallsql/junit/TestScrollable.java"},"clone_class":"b0fba2ef-f64b-47ed-ad1f-839b14157cdf","pairs":[{"type":3,"id":"f5adaa4f-6635-4148-bd6b-f2718445117b"},{"type":3,"id":"1c2113d9-e45f-4b7b-8ef4-943d4c6ffd5e"}],"id":"f72baea8-285c-428d-ae91-05b06929eeb6"}]