[{"src":"|project://smallsql0.21_src/src/smallsql/database/SQLTokenizer.java|(27802,1043,<696,10>,<722,5>)","metadata":{"length":27,"sloc":27,"mass":101},"fragment":"{\r\n        addKeyWord( \"ABS\",      ABS);\r\n        addKeyWord( \"ACOS\",     ACOS);\r\n        addKeyWord( \"ASIN\",     ASIN);\r\n        addKeyWord( \"ATAN\",     ATAN);\r\n        addKeyWord( \"ATN2\",    \tATAN2); //alias for MS SQL Server\r\n        addKeyWord( \"ATAN2\",    ATAN2);\r\n        addKeyWord( \"CEILING\",  CEILING);\r\n        addKeyWord( \"COS\",      COS);\r\n        addKeyWord( \"COT\",      COT);\r\n        addKeyWord( \"DEGREES\",  DEGREES);\r\n        addKeyWord( \"EXP\",      EXP);\r\n        addKeyWord( \"FLOOR\",    FLOOR);\r\n        addKeyWord( \"LOG\",      LOG);\r\n        addKeyWord( \"LOG10\",    LOG10);\r\n        addKeyWord( \"MOD\",      MOD);\r\n        addKeyWord( \"PI\",       PI);\r\n        addKeyWord( \"POWER\",    POWER);\r\n        addKeyWord( \"RADIANS\",  RADIANS);\r\n        addKeyWord( \"RAND\",     RAND);\r\n        addKeyWord( \"ROUND\",    ROUND);\r\n        addKeyWord( \"SIGN\",     SIGN);\r\n        addKeyWord( \"SIN\",      SIN);\r\n        addKeyWord( \"SQRT\",     SQRT);\r\n        addKeyWord( \"TAN\",      TAN);\r\n        addKeyWord( \"TRUNCATE\", TRUNCATE);\r\n    }","location":{"offset":[27802,1043],"column":10,"row":696,"file":"smallsql0.21_src/src/smallsql/database/SQLTokenizer.java"},"clone_class":"5ded7c32-29ea-43ef-afc5-b21e66bd77f0","pairs":[{"type":3,"id":"f7a9198a-3d74-4495-849c-7bef7878d559"}],"id":"928d9276-5294-4856-b13f-374a6a7a839d"},{"src":"|project://smallsql0.21_src/src/smallsql/database/SQLTokenizer.java|(33785,1125,<835,1>,<861,2>)","metadata":{"length":27,"sloc":26,"mass":99},"fragment":"static{\r\n\t\taddKeyWord( \"MS\",\t\t\t\t\tSQL_TSI_FRAC_SECOND);\r\n\t\taddKeyWord( \"SQL_TSI_FRAC_SECOND\",\tSQL_TSI_FRAC_SECOND);\r\n\t\taddKeyWord( \"S\",\t\t\t\t\tSQL_TSI_SECOND);\r\n\t\taddKeyWord( \"SS\",\t\t\t\t\tSQL_TSI_SECOND);\r\n\t\taddKeyWord( \"SQL_TSI_SECOND\",\t\tSQL_TSI_SECOND);\r\n\t\taddKeyWord( \"MI\",\t\t\t\t\tSQL_TSI_MINUTE);\r\n\t\taddKeyWord( \"N\",\t\t\t\t\tSQL_TSI_MINUTE);\r\n\t\taddKeyWord( \"SQL_TSI_MINUTE\",\t\tSQL_TSI_MINUTE);\r\n\t\taddKeyWord( \"HH\",\t\t\t\t\tSQL_TSI_HOUR);\r\n\t\taddKeyWord( \"SQL_TSI_HOUR\",\t\t\tSQL_TSI_HOUR);\r\n\t\t//addKeyWord( \"D\",\t\t\t\t\tSQL_TSI_DAY);\r\n\t\taddKeyWord( \"DD\",\t\t\t\t\tSQL_TSI_DAY);\r\n\t\taddKeyWord( \"SQL_TSI_DAY\",\t\t\tSQL_TSI_DAY);\r\n\t\taddKeyWord( \"WK\",\t\t\t\t\tSQL_TSI_WEEK);\r\n\t\taddKeyWord( \"WW\",\t\t\t\t\tSQL_TSI_WEEK);\r\n\t\taddKeyWord( \"SQL_TSI_WEEK\",\t\t\tSQL_TSI_WEEK);\r\n\t\taddKeyWord( \"M\",\t\t\t\t\tSQL_TSI_MONTH);\r\n\t\taddKeyWord( \"MM\",\t\t\t\t\tSQL_TSI_MONTH);\r\n\t\taddKeyWord( \"SQL_TSI_MONTH\",\t\tSQL_TSI_MONTH);\r\n\t\taddKeyWord( \"Q\",\t\t\t\t\tSQL_TSI_QUARTER);\r\n\t\taddKeyWord( \"QQ\",\t\t\t\t\tSQL_TSI_QUARTER);\r\n\t\taddKeyWord( \"SQL_TSI_QUARTER\",\t\tSQL_TSI_QUARTER);\r\n\t\taddKeyWord( \"YY\",\t\t\t\t\tSQL_TSI_YEAR);\r\n\t\taddKeyWord( \"YYYY\",\t\t\t\t\tSQL_TSI_YEAR);\r\n\t\taddKeyWord( \"SQL_TSI_YEAR\",\t\t\tSQL_TSI_YEAR);\r\n\t}","location":{"offset":[33785,1125],"column":1,"row":835,"file":"smallsql0.21_src/src/smallsql/database/SQLTokenizer.java"},"clone_class":"5ded7c32-29ea-43ef-afc5-b21e66bd77f0","pairs":[{"type":3,"id":"928d9276-5294-4856-b13f-374a6a7a839d"}],"id":"f7a9198a-3d74-4495-849c-7bef7878d559"}]