[{"src":"|project://smallsql0.21_src/src/smallsql/junit/TestScrollable.java|(7663,1069,<182,1>,<200,2>)","metadata":{"length":19,"sloc":17,"mass":76},"fragment":"public void testAbsoluteRelative() throws Exception{\r\n\t\tConnection con = AllTests.getConnection();\r\n\t\ttry{\t\t\t\r\n\t\t\tcon.createStatement().execute(\"Create Table Scrollable (i counter, v varchar(20))\");\r\n\t\t\tassertRowCount( 0, \"Select * from Scrollable\");\r\n\r\n\t\t\tcon.createStatement().execute(\"Insert Into Scrollable(v) Values('qwert1')\");\r\n\t\t\tcon.createStatement().execute(\"Insert Into Scrollable(v) Values('qwert2')\");\r\n\t\t\tcon.createStatement().execute(\"Insert Into Scrollable(v) Values('qwert3')\");\r\n\r\n            Statement st = con.createStatement(ResultSet.TYPE_SCROLL_SENSITIVE, ResultSet.CONCUR_UPDATABLE);\r\n            testAbsoluteRelativeAssert( st.executeQuery(\"Select * from Scrollable\") );\r\n            testAbsoluteRelativeAssert( st.executeQuery(\"Select * from Scrollable Order By i\") );\r\n            testAbsoluteRelativeAssert( st.executeQuery(\"Select v from Scrollable Group By v\") );\r\n            testAbsoluteRelativeAssert( st.executeQuery(\"Select v from Scrollable Group By v Order By v\") );\r\n\t\t}finally{\r\n            dropTable( con, \"Scrollable\");\r\n\t\t}\r\n\t}","location":{"offset":[7663,1069],"column":1,"row":182,"file":"smallsql0.21_src/src/smallsql/junit/TestScrollable.java"},"clone_class":"e0cc4f15-d918-419f-8036-d00fa61af904","pairs":[{"type":3,"id":"d0d16901-9489-4861-9df8-9e8348c53608"},{"type":3,"id":"54d26649-ce6b-43cd-b2b5-ba7bedbec3ab"}],"id":"ceb6a1d4-b8cb-486c-b859-23ff7cde0ebd"},{"src":"|project://smallsql0.21_src/src/smallsql/junit/TestScrollable.java|(5996,1140,<144,53>,<164,2>)","metadata":{"length":21,"sloc":18,"mass":75},"fragment":"{\r\n\t\tConnection con = AllTests.getConnection();\r\n\t\ttry{\t\t\t\r\n\t\t\tcon.createStatement().execute(\"Create Table Scrollable (i counter, v varchar(20))\");\r\n\t\t\tassertRowCount( 0, \"Select * from Scrollable\");\r\n\r\n\t\t\tcon.createStatement().execute(\"Insert Into Scrollable(v) Values('qwert')\");\r\n\t\t\tassertRowCount( 1, \"Select * from Scrollable\");\r\n\t\t\tassertRowCount( 0, \"Select * from Scrollable Where 1=0\");\r\n\r\n            Statement st = con.createStatement(ResultSet.TYPE_SCROLL_SENSITIVE, ResultSet.CONCUR_UPDATABLE);\r\n            testPreviousWithWhereAssert( st.executeQuery(\"Select * from Scrollable Where 1=0\") );\r\n            testPreviousWithWhereAssert( st.executeQuery(\"Select * from Scrollable Where 1=0 Order By v\") );\r\n            testPreviousWithWhereAssert( st.executeQuery(\"Select v from Scrollable Where 1=0 Group By v\") );\r\n            testPreviousWithWhereAssert( st.executeQuery(\"Select v from Scrollable Where 1=0 Group By v Order By v\") );\r\n            testPreviousWithWhereAssert( st.executeQuery(\"Select v from Scrollable Group By v Having 1=0 Order By v\") );\r\n\t\t\t\r\n\t\t}finally{\r\n            dropTable( con, \"Scrollable\");\r\n\t\t}\r\n\t}","location":{"offset":[5996,1140],"column":53,"row":144,"file":"smallsql0.21_src/src/smallsql/junit/TestScrollable.java"},"clone_class":"e0cc4f15-d918-419f-8036-d00fa61af904","pairs":[{"type":3,"id":"ceb6a1d4-b8cb-486c-b859-23ff7cde0ebd"},{"type":3,"id":"54d26649-ce6b-43cd-b2b5-ba7bedbec3ab"}],"id":"d0d16901-9489-4861-9df8-9e8348c53608"},{"src":"|project://smallsql0.21_src/src/smallsql/junit/TestScrollable.java|(1466,1036,<43,1>,<61,2>)","metadata":{"length":19,"sloc":17,"mass":74},"fragment":"public void testLastWithWhere() throws Exception{\r\n\t\tConnection con = AllTests.getConnection();\r\n\t\ttry{\t\t\t\r\n\t\t\tcon.createStatement().execute(\"Create Table Scrollable (i counter, v varchar(20))\");\r\n\t\t\tassertRowCount( 0, \"Select * from Scrollable\");\r\n\r\n\t\t\tcon.createStatement().execute(\"Insert Into Scrollable(v) Values('qwert')\");\r\n\t\t\tassertRowCount( 1, \"Select * from Scrollable\");\r\n\t\t\tassertRowCount( 0, \"Select * from Scrollable Where 1=0\");\r\n\r\n\t\t\tStatement st = con.createStatement(ResultSet.TYPE_SCROLL_SENSITIVE, ResultSet.CONCUR_UPDATABLE);\r\n            testLastWithWhereAssert( st.executeQuery(\"Select * from Scrollable Where 1=0\") );\r\n            testLastWithWhereAssert( st.executeQuery(\"Select * from Scrollable Where 1=0 Order By v\") );\r\n            testLastWithWhereAssert( st.executeQuery(\"Select v from Scrollable Where 1=0 Order By v\") );\r\n            testLastWithWhereAssert( st.executeQuery(\"Select v from Scrollable Where 1=0 Group By v Order By v\") );\r\n\t\t}finally{\r\n            dropTable( con, \"Scrollable\");\r\n\t\t}\r\n\t}","location":{"offset":[1466,1036],"column":1,"row":43,"file":"smallsql0.21_src/src/smallsql/junit/TestScrollable.java"},"clone_class":"e0cc4f15-d918-419f-8036-d00fa61af904","pairs":[{"type":3,"id":"ceb6a1d4-b8cb-486c-b859-23ff7cde0ebd"},{"type":3,"id":"d0d16901-9489-4861-9df8-9e8348c53608"}],"id":"54d26649-ce6b-43cd-b2b5-ba7bedbec3ab"}]