[{"src":"|project://smallsql0.21_src/src/smallsql/database/ExpressionFunctionMonth.java|(0,1727,<1,0>,<54,3>)","metadata":{"length":54,"sloc":11,"mass":45},"fragment":"/* =============================================================\r\n * SmallSQL : a free Java DBMS library for the Java(tm) platform\r\n * =============================================================\r\n *\r\n * (C) Copyright 2004-2006, by Volker Berlin.\r\n *\r\n * Project Info:  http://www.smallsql.de/\r\n *\r\n * This library is free software; you can redistribute it and/or modify it \r\n * under the terms of the GNU Lesser General Public License as published by \r\n * the Free Software Foundation; either version 2.1 of the License, or \r\n * (at your option) any later version.\r\n *\r\n * This library is distributed in the hope that it will be useful, but \r\n * WITHOUT ANY WARRANTY; without even the implied warranty of MERCHANTABILITY \r\n * or FITNESS FOR A PARTICULAR PURPOSE. See the GNU Lesser General Public \r\n * License for more details.\r\n *\r\n * You should have received a copy of the GNU Lesser General Public\r\n * License along with this library; if not, write to the Free Software\r\n * Foundation, Inc., 51 Franklin Street, Fifth Floor, Boston, MA  02110-1301, \r\n * USA.  \r\n *\r\n * [Java is a trademark or registered trademark of Sun Microsystems, Inc. \r\n * in the United States and other countries.]\r\n *\r\n * ---------------\r\n * ExpressionFunctionMonth.java\r\n * ---------------\r\n * Author: Volker Berlin\r\n * \r\n * Created on 17.02.2006\r\n */\r\npackage smallsql.database;\r\n\r\n\r\n/**\r\n * @author Volker Berlin\r\n */\r\nfinal class ExpressionFunctionMonth extends ExpressionFunctionReturnInt {\r\n\r\n\t\r\n\tfinal int getFunction() {\r\n\t\treturn SQLTokenizer.MONTH;\r\n\t}\r\n\t\r\n\r\n\tfinal int getInt() throws Exception {\r\n\t\tif(param1.isNull()) return 0;\r\n\t\tDateTime.Details details = new DateTime.Details(param1.getLong());\r\n\t\treturn details.month+1;\r\n\t}\r\n\r\n}\r\n","location":{"offset":[0,1727],"column":0,"row":1,"file":"smallsql0.21_src/src/smallsql/database/ExpressionFunctionMonth.java"},"clone_class":"da0eafb4-aaa9-4f47-a873-608df56d5b29","pairs":[{"type":2,"id":"093ba40c-4316-4165-8616-983c7dc63dfd"}],"id":"cc4cb4b3-b703-4f09-b30c-8a6ea195a2ed"},{"src":"|project://smallsql0.21_src/src/smallsql/database/ExpressionFunctionDayOfYear.java|(0,1743,<1,0>,<54,3>)","metadata":{"length":54,"sloc":11,"mass":45},"fragment":"/* =============================================================\r\n * SmallSQL : a free Java DBMS library for the Java(tm) platform\r\n * =============================================================\r\n *\r\n * (C) Copyright 2004-2006, by Volker Berlin.\r\n *\r\n * Project Info:  http://www.smallsql.de/\r\n *\r\n * This library is free software; you can redistribute it and/or modify it \r\n * under the terms of the GNU Lesser General Public License as published by \r\n * the Free Software Foundation; either version 2.1 of the License, or \r\n * (at your option) any later version.\r\n *\r\n * This library is distributed in the hope that it will be useful, but \r\n * WITHOUT ANY WARRANTY; without even the implied warranty of MERCHANTABILITY \r\n * or FITNESS FOR A PARTICULAR PURPOSE. See the GNU Lesser General Public \r\n * License for more details.\r\n *\r\n * You should have received a copy of the GNU Lesser General Public\r\n * License along with this library; if not, write to the Free Software\r\n * Foundation, Inc., 51 Franklin Street, Fifth Floor, Boston, MA  02110-1301, \r\n * USA.  \r\n *\r\n * [Java is a trademark or registered trademark of Sun Microsystems, Inc. \r\n * in the United States and other countries.]\r\n *\r\n * ---------------\r\n * ExpressionFunctionDayOfYear.java\r\n * ---------------\r\n * Author: Volker Berlin\r\n * \r\n * Created on 16.02.2006\r\n */\r\npackage smallsql.database;\r\n\r\n\r\n/**\r\n * @author Volker Berlin\r\n */\r\nfinal class ExpressionFunctionDayOfYear extends ExpressionFunctionReturnInt {\r\n\r\n\t\r\n\tfinal int getFunction() {\r\n\t\treturn SQLTokenizer.DAYOFYEAR;\r\n\t}\r\n\t\r\n\r\n\tfinal int getInt() throws Exception {\r\n\t\tif(param1.isNull()) return 0;\r\n\t\tDateTime.Details details = new DateTime.Details(param1.getLong());\r\n\t\treturn details.dayofyear+1;\r\n\t}\r\n\r\n}\r\n","location":{"offset":[0,1743],"column":0,"row":1,"file":"smallsql0.21_src/src/smallsql/database/ExpressionFunctionDayOfYear.java"},"clone_class":"da0eafb4-aaa9-4f47-a873-608df56d5b29","pairs":[{"type":2,"id":"cc4cb4b3-b703-4f09-b30c-8a6ea195a2ed"}],"id":"093ba40c-4316-4165-8616-983c7dc63dfd"}]