[{"src":"|project://smallsql0.21_src/src/smallsql/database/Index.java|(3540,452,<96,110>,<109,5>)","metadata":{"length":14,"sloc":14,"mass":62},"fragment":"{\r\n        IndexNode page = rootPage;\r\n        int count = expressions.size();\r\n        for(int i = 0; i < count; i++){\r\n            page = findRows(page, expressions.get(i), searchNullValues, nodeList);\r\n            if(page == null)\r\n                return null;\r\n            if(i + 1 == count)\r\n                return page.getValue();\r\n            else\r\n                page = (IndexNode)page.getValue();\r\n        }\r\n        throw new Error();\r\n    }","location":{"offset":[3540,452],"column":110,"row":96,"file":"smallsql0.21_src/src/smallsql/database/Index.java"},"clone_class":"188b087e-9c29-4cf4-821e-4e72c108de73","pairs":[{"type":3,"id":"d2a6b751-4215-4878-8026-efa9e9bffd5e"}],"id":"a277a88c-d3d3-4a31-8df5-08fb93fb66ce"},{"src":"|project://smallsql0.21_src/src/smallsql/database/Index.java|(4571,448,<123,114>,<136,5>)","metadata":{"length":14,"sloc":14,"mass":63},"fragment":"{\r\n        IndexNode page = rootPage;\r\n        int count = expressions.length;\r\n        for(int i = 0; i < count; i++){\r\n            page = findRows(page, expressions[i], searchNullValues, nodeList);\r\n            if(page == null)\r\n                return null;\r\n            if(i + 1 == count)\r\n                return page.getValue();\r\n            else\r\n                page = (IndexNode)page.getValue();\r\n        }\r\n        throw new Error();\r\n    }","location":{"offset":[4571,448],"column":114,"row":123,"file":"smallsql0.21_src/src/smallsql/database/Index.java"},"clone_class":"188b087e-9c29-4cf4-821e-4e72c108de73","pairs":[{"type":3,"id":"a277a88c-d3d3-4a31-8df5-08fb93fb66ce"}],"id":"d2a6b751-4215-4878-8026-efa9e9bffd5e"}]