[{"src":"|project://smallsql0.21_src/src/smallsql/junit/TestScrollable.java|(1514,988,<43,49>,<61,2>)","metadata":{"length":19,"sloc":17,"mass":70},"fragment":"{\r\n\t\tConnection con = AllTests.getConnection();\r\n\t\ttry{\t\t\t\r\n\t\t\tcon.createStatement().execute(\"Create Table Scrollable (i counter, v varchar(20))\");\r\n\t\t\tassertRowCount( 0, \"Select * from Scrollable\");\r\n\r\n\t\t\tcon.createStatement().execute(\"Insert Into Scrollable(v) Values('qwert')\");\r\n\t\t\tassertRowCount( 1, \"Select * from Scrollable\");\r\n\t\t\tassertRowCount( 0, \"Select * from Scrollable Where 1=0\");\r\n\r\n\t\t\tStatement st = con.createStatement(ResultSet.TYPE_SCROLL_SENSITIVE, ResultSet.CONCUR_UPDATABLE);\r\n            testLastWithWhereAssert( st.executeQuery(\"Select * from Scrollable Where 1=0\") );\r\n            testLastWithWhereAssert( st.executeQuery(\"Select * from Scrollable Where 1=0 Order By v\") );\r\n            testLastWithWhereAssert( st.executeQuery(\"Select v from Scrollable Where 1=0 Order By v\") );\r\n            testLastWithWhereAssert( st.executeQuery(\"Select v from Scrollable Where 1=0 Group By v Order By v\") );\r\n\t\t}finally{\r\n            dropTable( con, \"Scrollable\");\r\n\t\t}\r\n\t}","location":{"offset":[1514,988],"column":49,"row":43,"file":"smallsql0.21_src/src/smallsql/junit/TestScrollable.java"},"clone_class":"02573d61-2dbf-401a-a172-98837d08a716","pairs":[{"type":3,"id":"0584db99-7120-4538-b3fb-4b084d3282c2"}],"id":"e94c8bb4-0b08-4d35-a3e1-22bd1db7ecac"},{"src":"|project://smallsql0.21_src/src/smallsql/junit/TestScrollable.java|(7714,1018,<182,52>,<200,2>)","metadata":{"length":19,"sloc":17,"mass":72},"fragment":"{\r\n\t\tConnection con = AllTests.getConnection();\r\n\t\ttry{\t\t\t\r\n\t\t\tcon.createStatement().execute(\"Create Table Scrollable (i counter, v varchar(20))\");\r\n\t\t\tassertRowCount( 0, \"Select * from Scrollable\");\r\n\r\n\t\t\tcon.createStatement().execute(\"Insert Into Scrollable(v) Values('qwert1')\");\r\n\t\t\tcon.createStatement().execute(\"Insert Into Scrollable(v) Values('qwert2')\");\r\n\t\t\tcon.createStatement().execute(\"Insert Into Scrollable(v) Values('qwert3')\");\r\n\r\n            Statement st = con.createStatement(ResultSet.TYPE_SCROLL_SENSITIVE, ResultSet.CONCUR_UPDATABLE);\r\n            testAbsoluteRelativeAssert( st.executeQuery(\"Select * from Scrollable\") );\r\n            testAbsoluteRelativeAssert( st.executeQuery(\"Select * from Scrollable Order By i\") );\r\n            testAbsoluteRelativeAssert( st.executeQuery(\"Select v from Scrollable Group By v\") );\r\n            testAbsoluteRelativeAssert( st.executeQuery(\"Select v from Scrollable Group By v Order By v\") );\r\n\t\t}finally{\r\n            dropTable( con, \"Scrollable\");\r\n\t\t}\r\n\t}","location":{"offset":[7714,1018],"column":52,"row":182,"file":"smallsql0.21_src/src/smallsql/junit/TestScrollable.java"},"clone_class":"02573d61-2dbf-401a-a172-98837d08a716","pairs":[{"type":3,"id":"e94c8bb4-0b08-4d35-a3e1-22bd1db7ecac"}],"id":"0584db99-7120-4538-b3fb-4b084d3282c2"}]