[{"src":"|project://smallsql0.21_src/src/smallsql/junit/TestAlterTable.java|(2620,887,<72,4>,<92,5>)","metadata":{"length":21,"sloc":21,"mass":85},"fragment":"public void testAddWithTableLock_REPEATABLE_READ() throws Exception{\r\n        Connection con = AllTests.getConnection();\r\n        Statement st = con.createStatement();\r\n        int isolation = con.getTransactionIsolation();\r\n        con.setAutoCommit(false);\r\n        try{\r\n            con.setTransactionIsolation( Connection.TRANSACTION_REPEATABLE_READ );\r\n            ResultSet rs = st.executeQuery(\"Select * From \" + table);\r\n            rs.next();\r\n            try {\r\n                st.execute(\"Alter Table \" + table + \" Add a Varchar(20)\");\r\n                fail(\"Alter Table should not work on a table with a lock.\");\r\n            } catch (SQLException ex) {\r\n                assertSQLException( \"01000\", 0, ex );\r\n            }\r\n            rs.next();\r\n        }finally{\r\n            con.setTransactionIsolation(isolation);\r\n            con.setAutoCommit(true);\r\n        }\r\n    }","location":{"offset":[2620,887],"column":4,"row":72,"file":"smallsql0.21_src/src/smallsql/junit/TestAlterTable.java"},"clone_class":"f2765ae4-9e63-4648-a8f1-c0a4a040819c","pairs":[{"type":3,"id":"b2d8a535-43b7-4c88-9ff0-b01f62ac67be"}],"id":"05e44637-bb97-4d62-9e60-2cbdd17329d7"},{"src":"|project://smallsql0.21_src/src/smallsql/junit/TestAlterTable.java|(3525,885,<95,4>,<115,5>)","metadata":{"length":21,"sloc":21,"mass":85},"fragment":"public void testAddWithTableLock_READ_COMMITTED() throws Exception{\r\n        Connection con = AllTests.getConnection();\r\n        Statement st = con.createStatement();\r\n        int isolation = con.getTransactionIsolation();\r\n        con.setAutoCommit(false);\r\n        try{\r\n            con.setTransactionIsolation( Connection.TRANSACTION_READ_COMMITTED );\r\n            ResultSet rs = st.executeQuery(\"Select * From \" + table);\r\n            rs.next();\r\n            st.execute(\"Alter Table \" + table + \" Add a Varchar(20)\");\r\n            try {\r\n                rs.next();\r\n                fail(\"Alter Table should not work on a table with a lock.\");\r\n            } catch (SQLException ex) {\r\n                assertSQLException( \"01000\", 0, ex );\r\n            }\r\n        }finally{\r\n            con.setTransactionIsolation(isolation);\r\n            con.setAutoCommit(true);\r\n        }\r\n    }","location":{"offset":[3525,885],"column":4,"row":95,"file":"smallsql0.21_src/src/smallsql/junit/TestAlterTable.java"},"clone_class":"f2765ae4-9e63-4648-a8f1-c0a4a040819c","pairs":[{"type":3,"id":"05e44637-bb97-4d62-9e60-2cbdd17329d7"}],"id":"b2d8a535-43b7-4c88-9ff0-b01f62ac67be"}]