[{"src":"|project://smallsql0.21_src/src/smallsql/database/MemoryStream.java|(2740,106,<89,35>,<93,3>)","metadata":{"length":5,"sloc":5,"mass":30},"fragment":"{\r\n\t\t\tchar c = value[i];\r\n\t\t\tpuffer[ offset++ ] = (byte)(c >> 8);\r\n\t\t\tpuffer[ offset++ ] = (byte)(c);\r\n\t\t}","location":{"offset":[2740,106],"column":35,"row":89,"file":"smallsql0.21_src/src/smallsql/database/MemoryStream.java"},"clone_class":"f03db2de-1bea-4871-b3ff-673d6c3ed99f","pairs":[{"type":3,"id":"fa77bb4e-5a7f-4142-b9ee-c74a8cf8fb1f"}],"id":"599592c5-9e1f-4cbd-99b2-edc60660d1d8"},{"src":"|project://smallsql0.21_src/src/smallsql/database/StoreImpl.java|(19812,135,<573,35>,<577,9>)","metadata":{"length":5,"sloc":5,"mass":30},"fragment":"{\r\n            char c = daten[i];\r\n            page[ offset++ ] = (byte)(c);\r\n            page[ offset++ ] = (byte)(c >> 8);\r\n        }","location":{"offset":[19812,135],"column":35,"row":573,"file":"smallsql0.21_src/src/smallsql/database/StoreImpl.java"},"clone_class":"f03db2de-1bea-4871-b3ff-673d6c3ed99f","pairs":[{"type":3,"id":"599592c5-9e1f-4cbd-99b2-edc60660d1d8"}],"id":"fa77bb4e-5a7f-4142-b9ee-c74a8cf8fb1f"}]