[{"src":"|project://smallsql0.21_src/src/smallsql/database/SQLParser.java|(77633,532,<1969,1>,<1969,533>)","metadata":{"length":1,"sloc":1,"mass":62},"fragment":"private static final int[] MISSING_SQL_DATATYPE = { SQLTokenizer.SQL_BIGINT , SQLTokenizer.SQL_BINARY , SQLTokenizer.SQL_BIT , SQLTokenizer.SQL_CHAR , SQLTokenizer.SQL_DATE , SQLTokenizer.SQL_DECIMAL , SQLTokenizer.SQL_DOUBLE , SQLTokenizer.SQL_FLOAT , SQLTokenizer.SQL_INTEGER , SQLTokenizer.SQL_LONGVARBINARY , SQLTokenizer.SQL_LONGVARCHAR , SQLTokenizer.SQL_REAL , SQLTokenizer.SQL_SMALLINT , SQLTokenizer.SQL_TIME , SQLTokenizer.SQL_TIMESTAMP , SQLTokenizer.SQL_TINYINT , SQLTokenizer.SQL_VARBINARY , SQLTokenizer.SQL_VARCHAR };","location":{"offset":[77633,532],"column":1,"row":1969,"file":"smallsql0.21_src/src/smallsql/database/SQLParser.java"},"clone_class":"ccecd1b6-12de-4180-a6d8-596868ee431d","pairs":[{"type":3,"id":"d66d22a2-6e8e-4ed3-9a72-3184d9c4ab3a"},{"type":3,"id":"06eef989-d47a-42b8-8ed5-de1f0fe8f90b"},{"type":3,"id":"fcff7e24-07d9-4a31-bb24-7a37957c08f3"}],"id":"f99e0d4d-ebd3-453b-a611-80b04455a418"},{"src":"|project://smallsql0.21_src/src/smallsql/junit/TestDBMetaData.java|(8442,274,<183,8>,<183,282>)","metadata":{"length":1,"sloc":1,"mass":60},"fragment":"int[] colTypes = {Types.VARCHAR, Types.NULL, Types.VARCHAR, Types.VARCHAR, Types.SMALLINT, Types.VARCHAR, Types.INTEGER, Types.NULL, Types.INTEGER, Types.INTEGER, Types.INTEGER, Types.NULL, Types.VARCHAR, Types.NULL, Types.NULL, Types.INTEGER, Types.INTEGER, Types.VARCHAR};","location":{"offset":[8442,274],"column":8,"row":183,"file":"smallsql0.21_src/src/smallsql/junit/TestDBMetaData.java"},"clone_class":"ccecd1b6-12de-4180-a6d8-596868ee431d","pairs":[{"type":3,"id":"f99e0d4d-ebd3-453b-a611-80b04455a418"},{"type":3,"id":"06eef989-d47a-42b8-8ed5-de1f0fe8f90b"},{"type":3,"id":"fcff7e24-07d9-4a31-bb24-7a37957c08f3"}],"id":"d66d22a2-6e8e-4ed3-9a72-3184d9c4ab3a"},{"src":"|project://smallsql0.21_src/src/smallsql/database/SQLParser.java|(80848,478,<2000,28>,<2000,506>)","metadata":{"length":1,"sloc":1,"mass":59},"fragment":"MISSING_INTERVALS = {SQLTokenizer.SQL_TSI_FRAC_SECOND, SQLTokenizer.SQL_TSI_SECOND, SQLTokenizer.SQL_TSI_MINUTE, SQLTokenizer.SQL_TSI_HOUR, SQLTokenizer.SQL_TSI_DAY, SQLTokenizer.SQL_TSI_WEEK, SQLTokenizer.SQL_TSI_MONTH, SQLTokenizer.SQL_TSI_QUARTER, SQLTokenizer.SQL_TSI_YEAR, SQLTokenizer.MILLISECOND, SQLTokenizer.SECOND, SQLTokenizer.MINUTE, SQLTokenizer.HOUR, SQLTokenizer.DAY, SQLTokenizer.WEEK, SQLTokenizer.MONTH, SQLTokenizer.QUARTER, SQLTokenizer.YEAR, SQLTokenizer.D}","location":{"offset":[80848,478],"column":28,"row":2000,"file":"smallsql0.21_src/src/smallsql/database/SQLParser.java"},"clone_class":"ccecd1b6-12de-4180-a6d8-596868ee431d","pairs":[{"type":3,"id":"f99e0d4d-ebd3-453b-a611-80b04455a418"},{"type":3,"id":"d66d22a2-6e8e-4ed3-9a72-3184d9c4ab3a"},{"type":3,"id":"06eef989-d47a-42b8-8ed5-de1f0fe8f90b"}],"id":"fcff7e24-07d9-4a31-bb24-7a37957c08f3"}]