[{"src":"|project://smallsql0.21_src/src/smallsql/database/StoreImpl.java|(14388,502,<403,8>,<411,44>)","metadata":{"length":9,"sloc":8,"mass":94},"fragment":"//return (((long)readInt()) << 32) | (readInt() & 0xFFFFFFFFL);\r\n        return  ((long)(page[ offset++ ]) << 56) |\r\n                ((long)(page[ offset++ ] & 0xFF) << 48) |\r\n                ((long)(page[ offset++ ] & 0xFF) << 40) |\r\n                ((long)(page[ offset++ ] & 0xFF) << 32) |\r\n                ((long)(page[ offset++ ] & 0xFF) << 24) |\r\n                ((page[ offset++ ] & 0xFF) << 16) |\r\n                ((page[ offset++ ] & 0xFF) << 8) |\r\n                ((page[ offset++ ] & 0xFF));","location":{"offset":[14388,502],"column":8,"row":403,"file":"smallsql0.21_src/src/smallsql/database/StoreImpl.java"},"clone_class":"c8bb2699-9673-4fb6-b1a2-9d78cba13ba1","pairs":[{"type":3,"id":"efeee2da-e7fd-42ea-8560-e6e7f525157c"},{"type":3,"id":"3b059864-ff93-4d64-99c9-ebf635284978"},{"type":3,"id":"f84c632e-f9c9-43d5-9817-5156535d6059"},{"type":3,"id":"8bc09da6-b791-435e-a9f7-fb4b3d26ca5c"}],"id":"0d0c6fda-a2b2-4511-8cbf-4d42f1bfc363"},{"src":"|project://smallsql0.21_src/src/smallsql/database/MemoryStream.java|(3776,392,<137,1>,<146,2>)","metadata":{"length":10,"sloc":10,"mass":100},"fragment":"long readLong(){\r\n\t\treturn (((long)(puffer[ offset++ ] & 0xFF)) << 56)\r\n\t\t\t | (((long)(puffer[ offset++ ] & 0xFF)) << 48)\r\n\t\t\t | (((long)(puffer[ offset++ ] & 0xFF)) << 40)\r\n\t\t\t | (((long)(puffer[ offset++ ] & 0xFF)) << 32)\r\n\t\t\t | ((puffer[ offset++ ] & 0xFF) << 24)\r\n\t\t\t | ((puffer[ offset++ ] & 0xFF) << 16)\r\n\t\t\t | ((puffer[ offset++ ] & 0xFF) << 8)\r\n\t\t\t |  (puffer[ offset++ ] & 0xFF);\r\n\t}","location":{"offset":[3776,392],"column":1,"row":137,"file":"smallsql0.21_src/src/smallsql/database/MemoryStream.java"},"clone_class":"c8bb2699-9673-4fb6-b1a2-9d78cba13ba1","pairs":[{"type":3,"id":"efeee2da-e7fd-42ea-8560-e6e7f525157c"},{"type":3,"id":"3b059864-ff93-4d64-99c9-ebf635284978"},{"type":3,"id":"f84c632e-f9c9-43d5-9817-5156535d6059"},{"type":3,"id":"0d0c6fda-a2b2-4511-8cbf-4d42f1bfc363"}],"id":"8bc09da6-b791-435e-a9f7-fb4b3d26ca5c"}]