[{"src":"|project://smallsql0.21_src/src/smallsql/database/StoreImpl.java|(48749,2682,<1277,8>,<1332,9>)","metadata":{"length":56,"sloc":56,"mass":244},"fragment":"switch(dataType){\r\n            case SQLTokenizer.BIT:\r\n            case SQLTokenizer.BOOLEAN:\r\n                    return readBoolean() ? Boolean.TRUE : Boolean.FALSE;\r\n            case SQLTokenizer.BINARY:\r\n            case SQLTokenizer.VARBINARY:\r\n                    return readBinary();\r\n            case SQLTokenizer.TINYINT:\r\n                    return Utils.getInteger( readUnsignedByte() );\r\n            case SQLTokenizer.SMALLINT:\r\n                    return Utils.getInteger( readShort() );\r\n            case SQLTokenizer.INT:\r\n                    return Utils.getInteger(readInt());\r\n            case SQLTokenizer.BIGINT:\r\n                    return new Long(readLong());\r\n            case SQLTokenizer.REAL:\r\n                    return new Float( readFloat() );\r\n            case SQLTokenizer.FLOAT:\r\n            case SQLTokenizer.DOUBLE:\r\n                    return new Double( readDouble() );\r\n            case SQLTokenizer.MONEY:\r\n                    return Money.createFromUnscaledValue(readLong());\r\n            case SQLTokenizer.SMALLMONEY:\r\n                    return Money.createFromUnscaledValue(readInt());\r\n            case SQLTokenizer.NUMERIC:\r\n            case SQLTokenizer.DECIMAL:\r\n                    return readNumeric();\r\n            case SQLTokenizer.CHAR:\r\n            case SQLTokenizer.NCHAR:\r\n            case SQLTokenizer.VARCHAR:\r\n            case SQLTokenizer.NVARCHAR:\r\n                    return readString();\r\n\t\t\tcase SQLTokenizer.CLOB:\r\n\t\t\tcase SQLTokenizer.NCLOB:\r\n            case SQLTokenizer.LONGNVARCHAR:\r\n            case SQLTokenizer.LONGVARCHAR:\r\n                    return readLongString();\r\n            case SQLTokenizer.JAVA_OBJECT:\r\n                    ByteArrayInputStream bais = new ByteArrayInputStream(readLongBinary());\r\n                    ObjectInputStream ois = new ObjectInputStream(bais);\r\n                    return ois.readObject();\r\n            case SQLTokenizer.LONGVARBINARY:\r\n            case SQLTokenizer.BLOB:\r\n                    return readLongBinary();\r\n            case SQLTokenizer.TIMESTAMP:\r\n                    return new DateTime( readTimestamp(), SQLTokenizer.TIMESTAMP );\r\n            case SQLTokenizer.TIME:\r\n                    return new DateTime( readTime(), SQLTokenizer.TIME );\r\n            case SQLTokenizer.DATE:\r\n                    return new DateTime( readDate(), SQLTokenizer.DATE );\r\n            case SQLTokenizer.SMALLDATETIME:\r\n                    return new DateTime( readSmallDateTime(), SQLTokenizer.TIMESTAMP );\r\n            case SQLTokenizer.UNIQUEIDENTIFIER:\r\n                    return Utils.bytes2unique( page, this.offset);\r\n            default: throw new Error();\r\n        }","location":{"offset":[48749,2682],"column":8,"row":1277,"file":"smallsql0.21_src/src/smallsql/database/StoreImpl.java"},"clone_class":"6561f8d8-917f-4384-a5ff-f81691c41f3c","pairs":[{"type":3,"id":"787934e3-03f8-4635-b95f-58c21426c614"}],"id":"354c9900-c549-4ad4-a3bf-48baa47b6282"},{"src":"|project://smallsql0.21_src/src/smallsql/database/StoreImpl.java|(51679,2867,<1343,8>,<1399,9>)","metadata":{"length":57,"sloc":57,"mass":253},"fragment":"switch(dataType){\r\n            case SQLTokenizer.BIT:\r\n                    return readBoolean() ? \"1\" : \"0\";\r\n            case SQLTokenizer.BOOLEAN:\r\n                    return String.valueOf( readBoolean() );\r\n            case SQLTokenizer.BINARY:\r\n            case SQLTokenizer.VARBINARY:\r\n                    return Utils.bytes2hex( readBinary() );\r\n            case SQLTokenizer.TINYINT:\r\n                    return String.valueOf( readUnsignedByte() );\r\n            case SQLTokenizer.SMALLINT:\r\n                    return String.valueOf( readShort() );\r\n            case SQLTokenizer.INT:\r\n                    return String.valueOf( readInt() );\r\n            case SQLTokenizer.BIGINT:\r\n                    return String.valueOf( readLong() );\r\n            case SQLTokenizer.REAL:\r\n                    return String.valueOf( readFloat() );\r\n            case SQLTokenizer.FLOAT:\r\n            case SQLTokenizer.DOUBLE:\r\n                    return String.valueOf( readDouble() );\r\n            case SQLTokenizer.MONEY:\r\n                    return Money.createFromUnscaledValue( readLong() ).toString();\r\n            case SQLTokenizer.SMALLMONEY:\r\n                    return Money.createFromUnscaledValue( readInt() ).toString();\r\n            case SQLTokenizer.NUMERIC:\r\n            case SQLTokenizer.DECIMAL:\r\n                    return readNumeric().toString();\r\n            case SQLTokenizer.CHAR:\r\n            case SQLTokenizer.NCHAR:\r\n            case SQLTokenizer.VARCHAR:\r\n            case SQLTokenizer.NVARCHAR:\r\n                    return readString();\r\n\t\t\tcase SQLTokenizer.CLOB:\r\n\t\t\tcase SQLTokenizer.NCLOB:\r\n            case SQLTokenizer.LONGNVARCHAR:\r\n            case SQLTokenizer.LONGVARCHAR:\r\n                    return readLongString();\r\n            case SQLTokenizer.JAVA_OBJECT:\r\n                    ByteArrayInputStream bais = new ByteArrayInputStream(readLongBinary());\r\n                    ObjectInputStream ois = new ObjectInputStream(bais);\r\n                    return ois.readObject().toString();\r\n            case SQLTokenizer.LONGVARBINARY:\r\n            case SQLTokenizer.BLOB:\r\n                    return Utils.bytes2hex( readLongBinary() );\r\n            case SQLTokenizer.TIMESTAMP:\r\n                    return new DateTime( readTimestamp(), SQLTokenizer.TIMESTAMP ).toString();\r\n            case SQLTokenizer.TIME:\r\n                    return new DateTime( readTime(), SQLTokenizer.TIME ).toString();\r\n            case SQLTokenizer.DATE:\r\n                    return new DateTime( readDate(), SQLTokenizer.DATE ).toString();\r\n            case SQLTokenizer.SMALLDATETIME:\r\n                    return new DateTime( readSmallDateTime(), SQLTokenizer.TIMESTAMP ).toString();\r\n            case SQLTokenizer.UNIQUEIDENTIFIER:\r\n                    return Utils.bytes2unique( page, this.offset);\r\n            default: throw new Error();\r\n        }","location":{"offset":[51679,2867],"column":8,"row":1343,"file":"smallsql0.21_src/src/smallsql/database/StoreImpl.java"},"clone_class":"6561f8d8-917f-4384-a5ff-f81691c41f3c","pairs":[{"type":3,"id":"354c9900-c549-4ad4-a3bf-48baa47b6282"}],"id":"787934e3-03f8-4635-b95f-58c21426c614"}]