[{"src":"|project://smallsql0.21_src/src/smallsql/database/SSDatabaseMetaData.java|(23142,345,<839,3>,<839,348>)","metadata":{"length":1,"sloc":1,"mass":41},"fragment":"{SQLTokenizer.getKeyWord(SQLTokenizer.BINARY),   \t \t Utils.getShort(SQLTokenizer.getSQLDataType( SQLTokenizer.BINARY) ),   \t  \t  Utils.getInteger(65535),\t    \"0x\", null, \"length\", \t\t\tUtils.getShort(typeNullable), Boolean.FALSE, Utils.getShort(typeSearchable), null, \t\t\tBoolean.FALSE, Boolean.FALSE, null, null, \t\t\t\t null, \t\t\t\t  null, null, null}","location":{"offset":[23142,345],"column":3,"row":839,"file":"smallsql0.21_src/src/smallsql/database/SSDatabaseMetaData.java"},"clone_class":"48b43819-a978-4ebe-b857-2f96d46ba672","pairs":[{"type":2,"id":"4d2f8277-32d1-4aea-a333-c995a4448d99"}],"id":"6fcfcdbc-1dd0-4fc9-bb89-1026035d074a"},{"src":"|project://smallsql0.21_src/src/smallsql/database/SSDatabaseMetaData.java|(22787,349,<838,3>,<838,352>)","metadata":{"length":1,"sloc":1,"mass":41},"fragment":"{SQLTokenizer.getKeyWord(SQLTokenizer.VARBINARY),   \t Utils.getShort(SQLTokenizer.getSQLDataType( SQLTokenizer.VARBINARY) ),   \t  Utils.getInteger(65535),\t    \"0x\", null, \"max length\", \t\tUtils.getShort(typeNullable), Boolean.FALSE, Utils.getShort(typeSearchable), null, \t\t\tBoolean.FALSE, Boolean.FALSE, null, null, \t\t\t\t null, \t\t\t\t  null, null, null}","location":{"offset":[22787,349],"column":3,"row":838,"file":"smallsql0.21_src/src/smallsql/database/SSDatabaseMetaData.java"},"clone_class":"48b43819-a978-4ebe-b857-2f96d46ba672","pairs":[{"type":2,"id":"6fcfcdbc-1dd0-4fc9-bb89-1026035d074a"}],"id":"4d2f8277-32d1-4aea-a333-c995a4448d99"}]