[{"src":"|project://smallsql0.21_src/src/smallsql/junit/TestDBMetaData.java|(4845,175,<104,8>,<104,183>)","metadata":{"length":1,"sloc":1,"mass":45},"fragment":"int[] colTypes = {Types.NULL, Types.NULL, Types.NULL, Types.NULL, Types.NULL, Types.NULL, Types.NULL, Types.NULL, Types.NULL, Types.NULL, Types.NULL, Types.NULL, Types.NULL };","location":{"offset":[4845,175],"column":8,"row":104,"file":"smallsql0.21_src/src/smallsql/junit/TestDBMetaData.java"},"clone_class":"f07f857d-48eb-4b3d-b453-f7f94633b941","pairs":[{"type":2,"id":"b921c7a7-8464-4c11-80d9-fca6a3ebdb85"}],"id":"c1daf71d-92f6-488c-b5dc-b136f3eecc72"},{"src":"|project://smallsql0.21_src/src/smallsql/junit/TestDBMetaData.java|(14141,198,<281,8>,<281,206>)","metadata":{"length":1,"sloc":1,"mass":45},"fragment":"int[] colTypes3 = {Types.VARCHAR, Types.NULL, Types.VARCHAR, Types.BOOLEAN, Types.NULL, Types.VARCHAR, Types.SMALLINT, Types.SMALLINT, Types.VARCHAR, Types.NULL, Types.NULL, Types.NULL, Types.NULL};","location":{"offset":[14141,198],"column":8,"row":281,"file":"smallsql0.21_src/src/smallsql/junit/TestDBMetaData.java"},"clone_class":"f07f857d-48eb-4b3d-b453-f7f94633b941","pairs":[{"type":2,"id":"c1daf71d-92f6-488c-b5dc-b136f3eecc72"}],"id":"b921c7a7-8464-4c11-80d9-fca6a3ebdb85"}]