[{"src":"|project://smallsql0.21_src/src/smallsql/database/Index.java|(3628,329,<99,8>,<107,9>)","metadata":{"length":9,"sloc":9,"mass":45},"fragment":"for(int i = 0; i < count; i++){\r\n            page = findRows(page, expressions.get(i), searchNullValues, nodeList);\r\n            if(page == null)\r\n                return null;\r\n            if(i + 1 == count)\r\n                return page.getValue();\r\n            else\r\n                page = (IndexNode)page.getValue();\r\n        }","location":{"offset":[3628,329],"column":8,"row":99,"file":"smallsql0.21_src/src/smallsql/database/Index.java"},"clone_class":"31af56f3-e61a-4be8-98b7-171fd09aa612","pairs":[{"type":3,"id":"3b8a6d29-720e-4797-badc-cad9dd10efe5"}],"id":"a63c352f-0d3c-409b-b623-5b1e22fc7cab"},{"src":"|project://smallsql0.21_src/src/smallsql/database/Index.java|(4659,325,<126,8>,<134,9>)","metadata":{"length":9,"sloc":9,"mass":45},"fragment":"for(int i = 0; i < count; i++){\r\n            page = findRows(page, expressions[i], searchNullValues, nodeList);\r\n            if(page == null)\r\n                return null;\r\n            if(i + 1 == count)\r\n                return page.getValue();\r\n            else\r\n                page = (IndexNode)page.getValue();\r\n        }","location":{"offset":[4659,325],"column":8,"row":126,"file":"smallsql0.21_src/src/smallsql/database/Index.java"},"clone_class":"31af56f3-e61a-4be8-98b7-171fd09aa612","pairs":[{"type":3,"id":"a63c352f-0d3c-409b-b623-5b1e22fc7cab"}],"id":"3b8a6d29-720e-4797-badc-cad9dd10efe5"}]