[{"src":"|project://smallsql0.21_src/src/smallsql/junit/BenchTest.java|(13127,561,<321,12>,<333,13>)","metadata":{"length":13,"sloc":12,"mass":49},"fragment":"if (count != rowCount){\r\n                // There are not the correct count of rows.\r\n                if (count == 0){\r\n                    createTestDataWithClassicInsert( con );\r\n                    rs = st1.executeQuery( \"SELECT count(*) FROM \" + tableName);\r\n                    rs.next();\r\n                    count = rs.getInt(1);\r\n                }\r\n                if (count != rowCount){\r\n                    System.out.println( \"  Failed: Only \" + (rowCount-count) + \" rows were found.\");\r\n                    return;\r\n                }\r\n            }","location":{"offset":[13127,561],"column":12,"row":321,"file":"smallsql0.21_src/src/smallsql/junit/BenchTest.java"},"clone_class":"5e7ac29f-b9a5-46b9-bffd-82e3501e21bf","pairs":[{"type":2,"id":"58f999b7-d658-4f1b-aea3-41e76ad4d3a6"}],"id":"d6c0fca1-6a04-42e3-93ec-0cce89e5114c"},{"src":"|project://smallsql0.21_src/src/smallsql/junit/BenchTest.java|(8192,563,<207,12>,<219,13>)","metadata":{"length":13,"sloc":12,"mass":49},"fragment":"if (count != rowCount){\r\n                // There are not the correct count of rows.\r\n                if (count == 0){\r\n                    createTestDataWithClassicInsert( con );\r\n                    rs = st1.executeQuery( \"SELECT count(*) FROM \" + tableName);\r\n                    rs.next();\r\n                    count = rs.getInt(1);\r\n                }\r\n                if (count != rowCount){\r\n                    System.out.println( \"  Failed: Only \" + (rowCount-count) + \" rows were deleted.\");\r\n                    return;\r\n                }\r\n            }","location":{"offset":[8192,563],"column":12,"row":207,"file":"smallsql0.21_src/src/smallsql/junit/BenchTest.java"},"clone_class":"5e7ac29f-b9a5-46b9-bffd-82e3501e21bf","pairs":[{"type":2,"id":"d6c0fca1-6a04-42e3-93ec-0cce89e5114c"}],"id":"58f999b7-d658-4f1b-aea3-41e76ad4d3a6"}]