[{"src":"|project://smallsql0.21_src/src/smallsql/database/SSResultSet.java|(5480,307,<159,4>,<167,5>)","metadata":{"length":9,"sloc":9,"mass":35},"fragment":"public byte[] getBytes(int columnIndex) throws SQLException {\r\n        try{\r\n            byte[] obj = getValue(columnIndex).getBytes();\r\n            wasNull = obj == null;\r\n            return obj;\r\n        }catch(Exception e){\r\n            throw SmallSQLException.createFromException( e );\r\n        }\r\n    }","location":{"offset":[5480,307],"column":4,"row":159,"file":"smallsql0.21_src/src/smallsql/database/SSResultSet.java"},"clone_class":"95cc5c57-cfac-4aca-b47b-dc232cd8d937","pairs":[{"type":2,"id":"520d4ea5-18f2-450e-a703-143599bd259a"}],"id":"16dd5a82-1af9-462e-a966-23f66a243814"},{"src":"|project://smallsql0.21_src/src/smallsql/database/SSCallableStatement.java|(5610,287,<154,4>,<162,5>)","metadata":{"length":9,"sloc":9,"mass":35},"fragment":"public byte[] getBytes(int i) throws SQLException {\r\n        try{\r\n            byte[] obj = getValue(i).getBytes();\r\n            wasNull = obj == null;\r\n            return obj;\r\n        }catch(Exception e){\r\n            throw SmallSQLException.createFromException( e );\r\n        }\r\n    }","location":{"offset":[5610,287],"column":4,"row":154,"file":"smallsql0.21_src/src/smallsql/database/SSCallableStatement.java"},"clone_class":"95cc5c57-cfac-4aca-b47b-dc232cd8d937","pairs":[{"type":2,"id":"16dd5a82-1af9-462e-a966-23f66a243814"}],"id":"520d4ea5-18f2-450e-a703-143599bd259a"}]