[{"src":"|project://smallsql0.21_src/src/smallsql/database/Utils.java|(11150,303,<317,4>,<322,5>)","metadata":{"length":6,"sloc":6,"mass":32},"fragment":"static boolean string2boolean( String val){\r\n        try{\r\n            return Double.parseDouble( val ) != 0;\r\n        }catch(NumberFormatException e){/*ignore it if it not a number*/}\r\n        return \"true\".equalsIgnoreCase( val ) || \"yes\".equalsIgnoreCase( val ) || \"t\".equalsIgnoreCase( val );\r\n    }","location":{"offset":[11150,303],"column":4,"row":317,"file":"smallsql0.21_src/src/smallsql/database/Utils.java"},"clone_class":"7423fcee-23ce-4088-8855-c5e9d4af57e0","pairs":[{"type":1,"id":"baf01508-cda5-47f1-9ca8-c7261172cf9c"}],"id":"b5c0b24c-d4ca-4e6a-95b6-7baa2b37a1b7"},{"src":"|project://smallsql0.21_src/src/smallsql/junit/BasicTestCase.java|(6282,388,<188,4>,<196,5>)","metadata":{"length":9,"sloc":6,"mass":32},"fragment":"/**\r\n     * Identical to the Implementation from Utils.string2boolean\r\n     */\r\n    private boolean string2boolean( String val){\r\n        try{\r\n            return Double.parseDouble( val ) != 0;\r\n        }catch(NumberFormatException e){/*ignore it if it not a number*/}\r\n        return \"true\".equalsIgnoreCase( val ) || \"yes\".equalsIgnoreCase( val ) || \"t\".equalsIgnoreCase( val );\r\n    }","location":{"offset":[6282,388],"column":4,"row":188,"file":"smallsql0.21_src/src/smallsql/junit/BasicTestCase.java"},"clone_class":"7423fcee-23ce-4088-8855-c5e9d4af57e0","pairs":[{"type":1,"id":"b5c0b24c-d4ca-4e6a-95b6-7baa2b37a1b7"}],"id":"baf01508-cda5-47f1-9ca8-c7261172cf9c"}]