[{"src":"|project://smallsql0.21_src/src/smallsql/junit/TestOrderBy.java|(5016,182,<160,2>,<165,3>)","metadata":{"length":6,"sloc":6,"mass":31},"fragment":"while(rs.next()){\r\n\t\t\tString newValue = rs.getString(\"v\");\r\n\t\t\tassertTrue( oldValue + \"<\" + newValue, oldValue.compareTo( newValue ) < 0 );\r\n\t\t\toldValue = newValue;\r\n\t\t\tcount++;\r\n\t\t}","location":{"offset":[5016,182],"column":2,"row":160,"file":"smallsql0.21_src/src/smallsql/junit/TestOrderBy.java"},"clone_class":"7f404ac4-2a9e-412d-9d5a-7bda983b2580","pairs":[{"type":2,"id":"6b6775d4-75bb-456e-9822-b1a4c2cf1143"},{"type":2,"id":"6d9e9d89-daf3-449e-9ac2-1bbeacd170ac"}],"id":"7b00ad59-e1b9-4552-a2c4-ec89caf8d5ae"},{"src":"|project://smallsql0.21_src/src/smallsql/junit/TestDBMetaData.java|(7491,200,<164,8>,<169,9>)","metadata":{"length":6,"sloc":6,"mass":31},"fragment":"while(rs.next()){\r\n            String type2 = rs.getString(\"TABLE_TYPE\");\r\n            assertTrue( type+\"-\"+type2, type.compareTo(type2)<0);\r\n            type = type2;\r\n            count++;\r\n        }","location":{"offset":[7491,200],"column":8,"row":164,"file":"smallsql0.21_src/src/smallsql/junit/TestDBMetaData.java"},"clone_class":"7f404ac4-2a9e-412d-9d5a-7bda983b2580","pairs":[{"type":2,"id":"7b00ad59-e1b9-4552-a2c4-ec89caf8d5ae"},{"type":2,"id":"6d9e9d89-daf3-449e-9ac2-1bbeacd170ac"}],"id":"6b6775d4-75bb-456e-9822-b1a4c2cf1143"},{"src":"|project://smallsql0.21_src/src/smallsql/junit/TestOrderBy.java|(4329,182,<132,2>,<137,3>)","metadata":{"length":6,"sloc":6,"mass":31},"fragment":"while(rs.next()){\r\n\t\t\tString newValue = rs.getString(\"c\");\r\n\t\t\tassertTrue( oldValue + \"<\" + newValue, oldValue.compareTo( newValue ) < 0 );\r\n\t\t\toldValue = newValue;\r\n\t\t\tcount++;\r\n\t\t}","location":{"offset":[4329,182],"column":2,"row":132,"file":"smallsql0.21_src/src/smallsql/junit/TestOrderBy.java"},"clone_class":"7f404ac4-2a9e-412d-9d5a-7bda983b2580","pairs":[{"type":2,"id":"7b00ad59-e1b9-4552-a2c4-ec89caf8d5ae"},{"type":2,"id":"6b6775d4-75bb-456e-9822-b1a4c2cf1143"}],"id":"6d9e9d89-daf3-449e-9ac2-1bbeacd170ac"}]