[{"src":"|project://smallsql0.21_src/src/smallsql/database/CommandSelect.java|(14584,642,<459,3>,<474,4>)","metadata":{"length":16,"sloc":16,"mass":98},"fragment":"if(newRowSources != null){\r\n\t\t\t\tfor(int i=0; i<columnExpressions.size(); i++){\r\n\t\t\t\t\tExpression src = newRowSources[i];\r\n\t\t\t\t\tif(src != null && (!(src instanceof ExpressionValue) || !((ExpressionValue)src).isEmpty())){\t\r\n\t\t\t\t\t\tExpression rsColumn = columnExpressions.get(i); // Column of the ResultSet\r\n\t\t\t\t\t\tif(!rsColumn.isDefinitelyWritable())\r\n\t\t\t\t\t\t\tthrow SmallSQLException.create(Language.COL_READONLY, new Integer(i));\r\n\t\t\t\t\t\tExpressionName exp = (ExpressionName)rsColumn;\r\n\t\t\t\t\t\tif(table == exp.getTable()){\r\n\t\t\t\t\t\t\tupdateValues[exp.getColumnIndex()] = src;\r\n\t\t\t\t\t\t\tcontinue;\r\n\t\t\t\t\t\t}\r\n\t\t\t\t\t}\r\n\t\t\t\t\tupdateValues[i] = null;\r\n\t\t\t\t}\r\n\t\t\t}","location":{"offset":[14584,642],"column":3,"row":459,"file":"smallsql0.21_src/src/smallsql/database/CommandSelect.java"},"clone_class":"662c79d8-ad6f-444c-9a09-39d7e9cc865e","pairs":[{"type":3,"id":"d7cb7640-3dee-4085-824a-aac62883bab2"},{"type":3,"id":"c826f0ae-b46a-4172-83ac-a88d350f20fb"},{"type":3,"id":"3e056fde-6890-4770-9ffe-5b92fd8e1890"}],"id":"37e3d20d-cc9a-45b0-a7ee-cf5432768f32"},{"src":"|project://smallsql0.21_src/src/smallsql/database/CommandSelect.java|(13062,563,<416,4>,<429,5>)","metadata":{"length":14,"sloc":14,"mass":91},"fragment":"for(int i=0; i<columnExpressions.size(); i++){\r\n\t\t\t\t\tExpression src = newRowSources[i];\r\n\t\t\t\t\tif(src != null && (!(src instanceof ExpressionValue) || !((ExpressionValue)src).isEmpty())){\t\r\n\t\t\t\t\t\tExpression col = columnExpressions.get(i);\r\n\t\t\t\t\t\tif(!col.isDefinitelyWritable())\r\n\t\t\t\t\t\t\tthrow SmallSQLException.create(Language.COL_READONLY, new Integer(i));\r\n\t\t\t\t\t\tExpressionName exp = (ExpressionName)col;\r\n\t\t\t\t\t\tif(table == exp.getTable()){\r\n\t\t\t\t\t\t\tupdateValues[exp.getColumnIndex()] = src;\r\n\t\t\t\t\t\t\tisUpdateNeeded = true;\r\n\t\t\t\t\t\t\tcontinue;\r\n\t\t\t\t\t\t}\r\n\t\t\t\t\t}\r\n\t\t\t\t}","location":{"offset":[13062,563],"column":4,"row":416,"file":"smallsql0.21_src/src/smallsql/database/CommandSelect.java"},"clone_class":"662c79d8-ad6f-444c-9a09-39d7e9cc865e","pairs":[{"type":3,"id":"37e3d20d-cc9a-45b0-a7ee-cf5432768f32"},{"type":3,"id":"d7cb7640-3dee-4085-824a-aac62883bab2"},{"type":3,"id":"c826f0ae-b46a-4172-83ac-a88d350f20fb"}],"id":"3e056fde-6890-4770-9ffe-5b92fd8e1890"}]