[{"src":"|project://smallsql0.21_src/src/smallsql/junit/BenchTest.java|(4122,1320,<103,4>,<131,5>)","metadata":{"length":29,"sloc":24,"mass":145},"fragment":"/**\r\n      *  1. Test\r\n      *  Insert rows with default values with a classic insert statement.\r\n      */  \r\n    static void test_InsertClassic(Connection con){\r\n        System.out.println();\r\n        System.out.println( \"Test insert rows with default values with a classic insert statement: \" + rowCount + \" rows\");\r\n        \r\n        try{\r\n            Statement st = con.createStatement( ResultSet.TYPE_SCROLL_SENSITIVE, ResultSet.CONCUR_UPDATABLE );\r\n            long time = -System.currentTimeMillis();\r\n            for (int i=0; i<rowCount; i++){\r\n                st.execute(\"INSERT INTO \" + tableName + \"(i) VALUES(\" + i +\")\");\r\n            }\r\n            time += System.currentTimeMillis();\r\n            ResultSet rs = st.executeQuery( \"SELECT count(*) FROM \" + tableName);\r\n            rs.next();\r\n            int count = rs.getInt(1);\r\n            if (count != rowCount)\r\n                System.out.println( \"  Failed: Only \" + count + \" rows were inserted.\");\r\n            else System.out.println( \"  Test time: \" + time + \" ms\");\r\n            st.close();\r\n        }catch(Exception e){\r\n            System.out.println(\"  Failed:\"+e);\r\n        }finally{\r\n            System.out.println();\r\n            System.out.println(\"===================================================================\");\r\n        }\r\n    }","location":{"offset":[4122,1320],"column":4,"row":103,"file":"smallsql0.21_src/src/smallsql/junit/BenchTest.java"},"clone_class":"2d7df90c-e12d-4e54-a568-e53981e2ef8b","pairs":[{"type":3,"id":"f61d1615-452d-45aa-972a-cf200609f1bf"}],"id":"9d27dc21-1a61-42d1-9795-423dbcf4a73f"},{"src":"|project://smallsql0.21_src/src/smallsql/junit/BenchTest.java|(6307,1369,<160,4>,<190,5>)","metadata":{"length":31,"sloc":26,"mass":147},"fragment":"/**\r\n      *  3. Test\r\n      *  Insert only empty rows with the default values of the row with the method insertRow().\r\n      */  \r\n    static void test_InsertEmptyRows(Connection con){\r\n        System.out.println();\r\n        System.out.println( \"Test insert empty rows with insertRow(): \" + rowCount + \" rows\");\r\n        \r\n        try{\r\n            Statement st = con.createStatement( ResultSet.TYPE_SCROLL_SENSITIVE, ResultSet.CONCUR_UPDATABLE );\r\n            ResultSet rs = st.executeQuery(\"SELECT * FROM \"+tableName);\r\n            long time = -System.currentTimeMillis();\r\n            for (int i=0; i<rowCount; i++){\r\n                rs.moveToInsertRow();\r\n                rs.insertRow();\r\n            }\r\n            time += System.currentTimeMillis();\r\n            rs = st.executeQuery( \"SELECT count(*) FROM \" + tableName);\r\n            rs.next();\r\n            int count = rs.getInt(1);\r\n            if (count != rowCount)\r\n                 System.out.println( \"  Failed: Only \" + count + \" rows were inserted.\");\r\n            else System.out.println( \"  Test time: \" + time + \" ms\");\r\n            st.close();\r\n        }catch(Exception e){\r\n            System.out.println(\"  Failed:\"+e);\r\n        }finally{\r\n            System.out.println();\r\n            System.out.println(\"===================================================================\");\r\n        }\r\n    }","location":{"offset":[6307,1369],"column":4,"row":160,"file":"smallsql0.21_src/src/smallsql/junit/BenchTest.java"},"clone_class":"2d7df90c-e12d-4e54-a568-e53981e2ef8b","pairs":[{"type":3,"id":"9d27dc21-1a61-42d1-9795-423dbcf4a73f"}],"id":"f61d1615-452d-45aa-972a-cf200609f1bf"}]