[{"src":"|project://smallsql0.21_src/src/smallsql/database/SSResultSet.java|(13561,257,<412,2>,<418,3>)","metadata":{"length":7,"sloc":7,"mass":30},"fragment":"try{\r\n\t\t\tif(st.rsType == ResultSet.TYPE_FORWARD_ONLY) throw SmallSQLException.create(Language.RSET_FWDONLY);\r\n            moveToCurrentRow();\r\n            getCmd().afterLast();\r\n\t\t}catch(Exception e){\r\n\t\t\tthrow SmallSQLException.createFromException(e);\r\n\t\t}","location":{"offset":[13561,257],"column":2,"row":412,"file":"smallsql0.21_src/src/smallsql/database/SSResultSet.java"},"clone_class":"7183eec0-878c-4776-bdc9-7cdc6a6a1143","pairs":[{"type":3,"id":"c525a75e-1bbc-4c6b-a9e0-7725e1feb6c4"},{"type":3,"id":"91ff030d-26fa-40d6-b469-e43f50c163af"}],"id":"579a9d84-29ff-4f4a-afb4-4bfb943365ac"},{"src":"|project://smallsql0.21_src/src/smallsql/database/SSResultSet.java|(12572,263,<370,47>,<378,5>)","metadata":{"length":9,"sloc":9,"mass":31},"fragment":"{\r\n\t\ttry{\r\n\t\t\tif(st.rsType == ResultSet.TYPE_FORWARD_ONLY) throw SmallSQLException.create(Language.RSET_FWDONLY);\r\n            moveToCurrentRow();\r\n\t\t\treturn getCmd().first();\r\n\t\t}catch(Exception e){\r\n\t\t\tthrow SmallSQLException.createFromException(e);\r\n\t\t}\r\n    }","location":{"offset":[12572,263],"column":47,"row":370,"file":"smallsql0.21_src/src/smallsql/database/SSResultSet.java"},"clone_class":"7183eec0-878c-4776-bdc9-7cdc6a6a1143","pairs":[{"type":3,"id":"c525a75e-1bbc-4c6b-a9e0-7725e1feb6c4"},{"type":3,"id":"579a9d84-29ff-4f4a-afb4-4bfb943365ac"}],"id":"91ff030d-26fa-40d6-b469-e43f50c163af"}]