[{"src":"|project://smallsql0.21_src/src/smallsql/database/SSDatabaseMetaData.java|(29731,334,<857,3>,<857,337>)","metadata":{"length":1,"sloc":1,"mass":41},"fragment":"{SQLTokenizer.getKeyWord(SQLTokenizer.TIME),   \t \t Utils.getShort(SQLTokenizer.getSQLDataType( SQLTokenizer.TIME) ), \t  \t\t  Utils.getInteger(8),\t    \t\"'\",  \"'\",  null, \t\t\t\tUtils.getShort(typeNullable), Boolean.FALSE, Utils.getShort(typeSearchable), null, \t\t\tBoolean.FALSE, Boolean.FALSE, null, null, \t\t\t\t null, \t\t\t\t  null, null, null}","location":{"offset":[29731,334],"column":3,"row":857,"file":"smallsql0.21_src/src/smallsql/database/SSDatabaseMetaData.java"},"clone_class":"2e90d54c-31c2-4cc6-b81d-6d18dc108dcd","pairs":[{"type":2,"id":"eb1eca77-101a-4eae-820b-d307b6a0d983"},{"type":2,"id":"ab25f99e-8150-406c-b530-68cb45bedcf0"},{"type":2,"id":"23360654-8a7f-4be1-a054-602027548afb"},{"type":2,"id":"7a7ec601-1ce5-4659-a6d5-896f4eda820e"},{"type":2,"id":"ffee1fa2-563f-4e63-b39b-9fea260df7cb"},{"type":2,"id":"42eeb454-1614-4e0a-9dc5-83647cd260af"},{"type":2,"id":"f33a3dd3-efc8-4248-8355-7951d99c8291"}],"id":"df7139ea-7b8c-4f2a-b2da-d8a024e47ade"},{"src":"|project://smallsql0.21_src/src/smallsql/database/SSDatabaseMetaData.java|(31827,342,<863,3>,<863,345>)","metadata":{"length":1,"sloc":1,"mass":41},"fragment":"{SQLTokenizer.getKeyWord(SQLTokenizer.NCLOB),     \t\t Utils.getShort(SQLTokenizer.getSQLDataType( SQLTokenizer.NCLOB) ),     \t  Utils.getInteger(2147483647),\t\"'\",  \"'\",  null, \t\t \t\tUtils.getShort(typeNullable), Boolean.FALSE, Utils.getShort(typeSearchable), null, \t\t\tBoolean.FALSE, Boolean.FALSE, null, null, \t\t\t\t null, \t\t\t\t  null, null, null}","location":{"offset":[31827,342],"column":3,"row":863,"file":"smallsql0.21_src/src/smallsql/database/SSDatabaseMetaData.java"},"clone_class":"2e90d54c-31c2-4cc6-b81d-6d18dc108dcd","pairs":[{"type":2,"id":"df7139ea-7b8c-4f2a-b2da-d8a024e47ade"},{"type":2,"id":"ab25f99e-8150-406c-b530-68cb45bedcf0"},{"type":2,"id":"23360654-8a7f-4be1-a054-602027548afb"},{"type":2,"id":"7a7ec601-1ce5-4659-a6d5-896f4eda820e"},{"type":2,"id":"ffee1fa2-563f-4e63-b39b-9fea260df7cb"},{"type":2,"id":"42eeb454-1614-4e0a-9dc5-83647cd260af"},{"type":2,"id":"f33a3dd3-efc8-4248-8355-7951d99c8291"}],"id":"eb1eca77-101a-4eae-820b-d307b6a0d983"},{"src":"|project://smallsql0.21_src/src/smallsql/database/SSDatabaseMetaData.java|(29390,335,<856,3>,<856,338>)","metadata":{"length":1,"sloc":1,"mass":41},"fragment":"{SQLTokenizer.getKeyWord(SQLTokenizer.DATE),   \t \t Utils.getShort(SQLTokenizer.getSQLDataType( SQLTokenizer.DATE) ), \t  \t\t  Utils.getInteger(10),\t    \t\"'\",  \"'\",  null, \t\t\t\tUtils.getShort(typeNullable), Boolean.FALSE, Utils.getShort(typeSearchable), null, \t\t\tBoolean.FALSE, Boolean.FALSE, null, null, \t\t\t\t null, \t\t\t\t  null, null, null}","location":{"offset":[29390,335],"column":3,"row":856,"file":"smallsql0.21_src/src/smallsql/database/SSDatabaseMetaData.java"},"clone_class":"2e90d54c-31c2-4cc6-b81d-6d18dc108dcd","pairs":[{"type":2,"id":"df7139ea-7b8c-4f2a-b2da-d8a024e47ade"},{"type":2,"id":"eb1eca77-101a-4eae-820b-d307b6a0d983"},{"type":2,"id":"23360654-8a7f-4be1-a054-602027548afb"},{"type":2,"id":"7a7ec601-1ce5-4659-a6d5-896f4eda820e"},{"type":2,"id":"ffee1fa2-563f-4e63-b39b-9fea260df7cb"},{"type":2,"id":"42eeb454-1614-4e0a-9dc5-83647cd260af"},{"type":2,"id":"f33a3dd3-efc8-4248-8355-7951d99c8291"}],"id":"ab25f99e-8150-406c-b530-68cb45bedcf0"},{"src":"|project://smallsql0.21_src/src/smallsql/database/SSDatabaseMetaData.java|(23493,348,<840,3>,<840,351>)","metadata":{"length":1,"sloc":1,"mass":41},"fragment":"{SQLTokenizer.getKeyWord(SQLTokenizer.LONGVARCHAR),     Utils.getShort(SQLTokenizer.getSQLDataType( SQLTokenizer.LONGVARCHAR) ),     Utils.getInteger(2147483647),\t\"'\",  \"'\",  null, \t\t \t\tUtils.getShort(typeNullable), Boolean.FALSE, Utils.getShort(typeSearchable), null, \t\t\tBoolean.FALSE, Boolean.FALSE, null, null, \t\t\t\t null, \t\t\t\t  null, null, null}","location":{"offset":[23493,348],"column":3,"row":840,"file":"smallsql0.21_src/src/smallsql/database/SSDatabaseMetaData.java"},"clone_class":"2e90d54c-31c2-4cc6-b81d-6d18dc108dcd","pairs":[{"type":2,"id":"df7139ea-7b8c-4f2a-b2da-d8a024e47ade"},{"type":2,"id":"eb1eca77-101a-4eae-820b-d307b6a0d983"},{"type":2,"id":"ab25f99e-8150-406c-b530-68cb45bedcf0"},{"type":2,"id":"7a7ec601-1ce5-4659-a6d5-896f4eda820e"},{"type":2,"id":"ffee1fa2-563f-4e63-b39b-9fea260df7cb"},{"type":2,"id":"42eeb454-1614-4e0a-9dc5-83647cd260af"},{"type":2,"id":"f33a3dd3-efc8-4248-8355-7951d99c8291"}],"id":"23360654-8a7f-4be1-a054-602027548afb"},{"src":"|project://smallsql0.21_src/src/smallsql/database/SSDatabaseMetaData.java|(30435,344,<859,3>,<859,347>)","metadata":{"length":1,"sloc":1,"mass":41},"fragment":"{SQLTokenizer.getKeyWord(SQLTokenizer.SMALLDATETIME),   Utils.getShort(SQLTokenizer.getSQLDataType( SQLTokenizer.SMALLDATETIME) ),   Utils.getInteger(16),\t    \t\"'\",  \"'\",  null, \t\t\t\tUtils.getShort(typeNullable), Boolean.FALSE, Utils.getShort(typeSearchable), null, \t\t\tBoolean.FALSE, Boolean.FALSE, null, null, \t\t\t\t null, \t\t\t\t  null, null, null}","location":{"offset":[30435,344],"column":3,"row":859,"file":"smallsql0.21_src/src/smallsql/database/SSDatabaseMetaData.java"},"clone_class":"2e90d54c-31c2-4cc6-b81d-6d18dc108dcd","pairs":[{"type":2,"id":"df7139ea-7b8c-4f2a-b2da-d8a024e47ade"},{"type":2,"id":"eb1eca77-101a-4eae-820b-d307b6a0d983"},{"type":2,"id":"ab25f99e-8150-406c-b530-68cb45bedcf0"},{"type":2,"id":"23360654-8a7f-4be1-a054-602027548afb"},{"type":2,"id":"ffee1fa2-563f-4e63-b39b-9fea260df7cb"},{"type":2,"id":"42eeb454-1614-4e0a-9dc5-83647cd260af"},{"type":2,"id":"f33a3dd3-efc8-4248-8355-7951d99c8291"}],"id":"7a7ec601-1ce5-4659-a6d5-896f4eda820e"},{"src":"|project://smallsql0.21_src/src/smallsql/database/SSDatabaseMetaData.java|(20932,370,<833,3>,<833,373>)","metadata":{"length":1,"sloc":1,"mass":41},"fragment":"{SQLTokenizer.getKeyWord(SQLTokenizer.UNIQUEIDENTIFIER),Utils.getShort(SQLTokenizer.getSQLDataType( SQLTokenizer.UNIQUEIDENTIFIER)), Utils.getInteger(36),      \t\"'\",  \"'\",  null, \t\t\t\tUtils.getShort(typeNullable), Boolean.FALSE, Utils.getShort(typeSearchable), null,          Boolean.FALSE, Boolean.FALSE, null, null,                null,                null, null, null}","location":{"offset":[20932,370],"column":3,"row":833,"file":"smallsql0.21_src/src/smallsql/database/SSDatabaseMetaData.java"},"clone_class":"2e90d54c-31c2-4cc6-b81d-6d18dc108dcd","pairs":[{"type":2,"id":"df7139ea-7b8c-4f2a-b2da-d8a024e47ade"},{"type":2,"id":"eb1eca77-101a-4eae-820b-d307b6a0d983"},{"type":2,"id":"ab25f99e-8150-406c-b530-68cb45bedcf0"},{"type":2,"id":"23360654-8a7f-4be1-a054-602027548afb"},{"type":2,"id":"7a7ec601-1ce5-4659-a6d5-896f4eda820e"},{"type":2,"id":"42eeb454-1614-4e0a-9dc5-83647cd260af"},{"type":2,"id":"f33a3dd3-efc8-4248-8355-7951d99c8291"}],"id":"ffee1fa2-563f-4e63-b39b-9fea260df7cb"},{"src":"|project://smallsql0.21_src/src/smallsql/database/SSDatabaseMetaData.java|(31480,341,<862,3>,<862,344>)","metadata":{"length":1,"sloc":1,"mass":41},"fragment":"{SQLTokenizer.getKeyWord(SQLTokenizer.CLOB),     \t\t Utils.getShort(SQLTokenizer.getSQLDataType( SQLTokenizer.CLOB) ),     \t\t  Utils.getInteger(2147483647),\t\"'\",  \"'\",  null, \t\t \t\tUtils.getShort(typeNullable), Boolean.FALSE, Utils.getShort(typeSearchable), null, \t\t\tBoolean.FALSE, Boolean.FALSE, null, null, \t\t\t\t null, \t\t\t\t  null, null, null}","location":{"offset":[31480,341],"column":3,"row":862,"file":"smallsql0.21_src/src/smallsql/database/SSDatabaseMetaData.java"},"clone_class":"2e90d54c-31c2-4cc6-b81d-6d18dc108dcd","pairs":[{"type":2,"id":"df7139ea-7b8c-4f2a-b2da-d8a024e47ade"},{"type":2,"id":"eb1eca77-101a-4eae-820b-d307b6a0d983"},{"type":2,"id":"ab25f99e-8150-406c-b530-68cb45bedcf0"},{"type":2,"id":"23360654-8a7f-4be1-a054-602027548afb"},{"type":2,"id":"7a7ec601-1ce5-4659-a6d5-896f4eda820e"},{"type":2,"id":"ffee1fa2-563f-4e63-b39b-9fea260df7cb"},{"type":2,"id":"f33a3dd3-efc8-4248-8355-7951d99c8291"}],"id":"42eeb454-1614-4e0a-9dc5-83647cd260af"},{"src":"|project://smallsql0.21_src/src/smallsql/database/SSDatabaseMetaData.java|(23847,348,<841,3>,<841,351>)","metadata":{"length":1,"sloc":1,"mass":41},"fragment":"{SQLTokenizer.getKeyWord(SQLTokenizer.LONGNVARCHAR),    Utils.getShort(SQLTokenizer.getSQLDataType( SQLTokenizer.LONGNVARCHAR) ),    Utils.getInteger(2147483647),\t\"'\",  \"'\",  null, \t\t \t\tUtils.getShort(typeNullable), Boolean.FALSE, Utils.getShort(typeSearchable), null, \t\t\tBoolean.FALSE, Boolean.FALSE, null, null, \t\t\t\t null, \t\t\t\t  null, null, null}","location":{"offset":[23847,348],"column":3,"row":841,"file":"smallsql0.21_src/src/smallsql/database/SSDatabaseMetaData.java"},"clone_class":"2e90d54c-31c2-4cc6-b81d-6d18dc108dcd","pairs":[{"type":2,"id":"df7139ea-7b8c-4f2a-b2da-d8a024e47ade"},{"type":2,"id":"eb1eca77-101a-4eae-820b-d307b6a0d983"},{"type":2,"id":"ab25f99e-8150-406c-b530-68cb45bedcf0"},{"type":2,"id":"23360654-8a7f-4be1-a054-602027548afb"},{"type":2,"id":"7a7ec601-1ce5-4659-a6d5-896f4eda820e"},{"type":2,"id":"ffee1fa2-563f-4e63-b39b-9fea260df7cb"},{"type":2,"id":"42eeb454-1614-4e0a-9dc5-83647cd260af"}],"id":"f33a3dd3-efc8-4248-8355-7951d99c8291"}]