[{"src":"|project://smallsql0.21_src/src/smallsql/database/ExpressionArithmetic.java|(8109,476,<248,8>,<256,9>)","metadata":{"length":9,"sloc":9,"mass":54},"fragment":"switch(operation){\r\n            case ADD: return left.getLong() + right.getLong();\r\n            case SUB: return left.getLong() - right.getLong();\r\n            case MUL: return left.getLong() * right.getLong();\r\n            case DIV: return left.getLong() / right.getLong();\r\n            case NEGATIVE:  return          - left.getLong();\r\n            case MOD:\t\treturn left.getLong() % right.getLong();\r\n            case BIT_NOT:   return          ~ right.getInt();\r\n        }","location":{"offset":[8109,476],"column":8,"row":248,"file":"smallsql0.21_src/src/smallsql/database/ExpressionArithmetic.java"},"clone_class":"41f6e879-f4b3-4ac5-a215-3228f28e3ad9","pairs":[{"type":2,"id":"656ebc37-e936-435d-9d7e-d828235a7b8e"}],"id":"034286b0-9d61-431f-99f4-1811e955738c"},{"src":"|project://smallsql0.21_src/src/smallsql/database/ExpressionArithmetic.java|(6533,498,<206,8>,<214,9>)","metadata":{"length":9,"sloc":9,"mass":54},"fragment":"switch(operation){\r\n            case ADD:       return left.getInt() + right.getInt();\r\n            case SUB:       return left.getInt() - right.getInt();\r\n            case MUL:       return left.getInt() * right.getInt();\r\n            case DIV:       return left.getInt() / right.getInt();\r\n            case NEGATIVE:  return               - left.getInt();\r\n            case MOD:\t\treturn left.getInt() % right.getInt();\r\n            case BIT_NOT:   return               ~ left.getInt();\r\n        }","location":{"offset":[6533,498],"column":8,"row":206,"file":"smallsql0.21_src/src/smallsql/database/ExpressionArithmetic.java"},"clone_class":"41f6e879-f4b3-4ac5-a215-3228f28e3ad9","pairs":[{"type":2,"id":"034286b0-9d61-431f-99f4-1811e955738c"}],"id":"656ebc37-e936-435d-9d7e-d828235a7b8e"}]