[{"src":"|project://smallsql0.21_src/src/smallsql/junit/TestDBMetaData.java|(4851,168,<104,14>,<104,182>)","metadata":{"length":1,"sloc":1,"mass":41},"fragment":"colTypes = {Types.NULL, Types.NULL, Types.NULL, Types.NULL, Types.NULL, Types.NULL, Types.NULL, Types.NULL, Types.NULL, Types.NULL, Types.NULL, Types.NULL, Types.NULL }","location":{"offset":[4851,168],"column":14,"row":104,"file":"smallsql0.21_src/src/smallsql/junit/TestDBMetaData.java"},"clone_class":"1875d468-49fd-4f03-b335-36588ab4a088","pairs":[{"type":3,"id":"836ac982-057e-468c-924f-28422369f426"}],"id":"c7c16bee-d7a9-4e43-b472-7815d3531be4"},{"src":"|project://smallsql0.21_src/src/smallsql/junit/TestDBMetaData.java|(11544,209,<235,25>,<235,234>)","metadata":{"length":1,"sloc":1,"mass":43},"fragment":"{Types.VARCHAR, Types.NULL, Types.VARCHAR, Types.VARCHAR, Types.VARCHAR, Types.NULL, Types.VARCHAR, Types.VARCHAR, Types.SMALLINT, Types.SMALLINT, Types.SMALLINT, Types.VARCHAR, Types.VARCHAR, Types.SMALLINT }","location":{"offset":[11544,209],"column":25,"row":235,"file":"smallsql0.21_src/src/smallsql/junit/TestDBMetaData.java"},"clone_class":"1875d468-49fd-4f03-b335-36588ab4a088","pairs":[{"type":3,"id":"c7c16bee-d7a9-4e43-b472-7815d3531be4"}],"id":"836ac982-057e-468c-924f-28422369f426"}]