[{"src":"|project://smallsql0.21_src/src/smallsql/database/SSDatabaseMetaData.java|(23142,345,<839,3>,<839,348>)","metadata":{"length":1,"sloc":1,"mass":41},"fragment":"{SQLTokenizer.getKeyWord(SQLTokenizer.BINARY),   \t \t Utils.getShort(SQLTokenizer.getSQLDataType( SQLTokenizer.BINARY) ),   \t  \t  Utils.getInteger(65535),\t    \"0x\", null, \"length\", \t\t\tUtils.getShort(typeNullable), Boolean.FALSE, Utils.getShort(typeSearchable), null, \t\t\tBoolean.FALSE, Boolean.FALSE, null, null, \t\t\t\t null, \t\t\t\t  null, null, null}","location":{"offset":[23142,345],"column":3,"row":839,"file":"smallsql0.21_src/src/smallsql/database/SSDatabaseMetaData.java"},"clone_class":"91c00617-f77b-45d2-9c38-67d73861a094","pairs":[{"type":3,"id":"2f163d4f-9169-45e0-8bb2-afa75421b4e7"},{"type":3,"id":"ffee1fa2-563f-4e63-b39b-9fea260df7cb"}],"id":"6fcfcdbc-1dd0-4fc9-bb89-1026035d074a"},{"src":"|project://smallsql0.21_src/src/smallsql/database/SSDatabaseMetaData.java|(22433,348,<837,3>,<837,351>)","metadata":{"length":1,"sloc":1,"mass":41},"fragment":"{SQLTokenizer.getKeyWord(SQLTokenizer.LONGVARBINARY),   Utils.getShort(SQLTokenizer.getSQLDataType( SQLTokenizer.LONGVARBINARY) ),   Utils.getInteger(2147483647),\t\"0x\", null, null, \t\t \t\tUtils.getShort(typeNullable), Boolean.FALSE, Utils.getShort(typeSearchable), null, \t\t\tBoolean.FALSE, Boolean.FALSE, null, null, \t\t\t\t null, \t\t\t\t  null, null, null}","location":{"offset":[22433,348],"column":3,"row":837,"file":"smallsql0.21_src/src/smallsql/database/SSDatabaseMetaData.java"},"clone_class":"91c00617-f77b-45d2-9c38-67d73861a094","pairs":[{"type":3,"id":"6fcfcdbc-1dd0-4fc9-bb89-1026035d074a"},{"type":3,"id":"ffee1fa2-563f-4e63-b39b-9fea260df7cb"}],"id":"2f163d4f-9169-45e0-8bb2-afa75421b4e7"},{"src":"|project://smallsql0.21_src/src/smallsql/database/SSDatabaseMetaData.java|(20932,370,<833,3>,<833,373>)","metadata":{"length":1,"sloc":1,"mass":41},"fragment":"{SQLTokenizer.getKeyWord(SQLTokenizer.UNIQUEIDENTIFIER),Utils.getShort(SQLTokenizer.getSQLDataType( SQLTokenizer.UNIQUEIDENTIFIER)), Utils.getInteger(36),      \t\"'\",  \"'\",  null, \t\t\t\tUtils.getShort(typeNullable), Boolean.FALSE, Utils.getShort(typeSearchable), null,          Boolean.FALSE, Boolean.FALSE, null, null,                null,                null, null, null}","location":{"offset":[20932,370],"column":3,"row":833,"file":"smallsql0.21_src/src/smallsql/database/SSDatabaseMetaData.java"},"clone_class":"91c00617-f77b-45d2-9c38-67d73861a094","pairs":[{"type":3,"id":"6fcfcdbc-1dd0-4fc9-bb89-1026035d074a"},{"type":3,"id":"2f163d4f-9169-45e0-8bb2-afa75421b4e7"}],"id":"ffee1fa2-563f-4e63-b39b-9fea260df7cb"}]