[{"src":"|project://smallsql0.21_src/src/smallsql/database/ExpressionFunctionDayOfWeek.java|(0,1692,<1,0>,<53,3>)","metadata":{"length":53,"sloc":10,"mass":32},"fragment":"/* =============================================================\r\n * SmallSQL : a free Java DBMS library for the Java(tm) platform\r\n * =============================================================\r\n *\r\n * (C) Copyright 2004-2006, by Volker Berlin.\r\n *\r\n * Project Info:  http://www.smallsql.de/\r\n *\r\n * This library is free software; you can redistribute it and/or modify it \r\n * under the terms of the GNU Lesser General Public License as published by \r\n * the Free Software Foundation; either version 2.1 of the License, or \r\n * (at your option) any later version.\r\n *\r\n * This library is distributed in the hope that it will be useful, but \r\n * WITHOUT ANY WARRANTY; without even the implied warranty of MERCHANTABILITY \r\n * or FITNESS FOR A PARTICULAR PURPOSE. See the GNU Lesser General Public \r\n * License for more details.\r\n *\r\n * You should have received a copy of the GNU Lesser General Public\r\n * License along with this library; if not, write to the Free Software\r\n * Foundation, Inc., 51 Franklin Street, Fifth Floor, Boston, MA  02110-1301, \r\n * USA.  \r\n *\r\n * [Java is a trademark or registered trademark of Sun Microsystems, Inc. \r\n * in the United States and other countries.]\r\n *\r\n * ---------------\r\n * ExpressionFunctionDayOfWeek.java\r\n * ---------------\r\n * Author: Volker Berlin\r\n * \r\n * Created on 16.02.2006\r\n */\r\npackage smallsql.database;\r\n\r\n\r\n/**\r\n * @author Volker Berlin\r\n */\r\nfinal class ExpressionFunctionDayOfWeek extends ExpressionFunctionReturnInt {\r\n\r\n\t\r\n\tfinal int getFunction() {\r\n\t\treturn SQLTokenizer.DAYOFWEEK;\r\n\t}\r\n\t\r\n\r\n\tfinal int getInt() throws Exception {\r\n\t\tif(param1.isNull()) return 0;\r\n\t\treturn DateTime.dayOfWeek(param1.getLong())+1;\r\n\t}\r\n\r\n}\r\n","location":{"offset":[0,1692],"column":0,"row":1,"file":"smallsql0.21_src/src/smallsql/database/ExpressionFunctionDayOfWeek.java"},"clone_class":"a5a3e23f-d74d-4601-a2cd-cbcd7d69b098","pairs":[{"type":3,"id":"62e4ee29-c1e5-488c-843c-390e1ae0b257"}],"id":"94001a00-48c1-4940-bdec-14a9a830f400"},{"src":"|project://smallsql0.21_src/src/smallsql/database/ExpressionFunctionCot.java|(0,1605,<1,0>,<44,1>)","metadata":{"length":44,"sloc":8,"mass":31},"fragment":"/* =============================================================\r\n * SmallSQL : a free Java DBMS library for the Java(tm) platform\r\n * =============================================================\r\n *\r\n * (C) Copyright 2004-2006, by Volker Berlin.\r\n *\r\n * Project Info:  http://www.smallsql.de/\r\n *\r\n * This library is free software; you can redistribute it and/or modify it \r\n * under the terms of the GNU Lesser General Public License as published by \r\n * the Free Software Foundation; either version 2.1 of the License, or \r\n * (at your option) any later version.\r\n *\r\n * This library is distributed in the hope that it will be useful, but \r\n * WITHOUT ANY WARRANTY; without even the implied warranty of MERCHANTABILITY \r\n * or FITNESS FOR A PARTICULAR PURPOSE. See the GNU Lesser General Public \r\n * License for more details.\r\n *\r\n * You should have received a copy of the GNU Lesser General Public\r\n * License along with this library; if not, write to the Free Software\r\n * Foundation, Inc., 51 Franklin Street, Fifth Floor, Boston, MA  02110-1301, \r\n * USA.  \r\n *\r\n * [Java is a trademark or registered trademark of Sun Microsystems, Inc. \r\n * in the United States and other countries.]\r\n *\r\n * ---------------\r\n * ExpressionFunctionCot.java\r\n * ---------------\r\n * Author: Volker Berlin\r\n * \r\n */\r\npackage smallsql.database;\r\n\r\n\r\nfinal class ExpressionFunctionCot extends ExpressionFunctionReturnFloat {\r\n\r\n    final int getFunction(){ return SQLTokenizer.COT; }\r\n\r\n    final double getDouble() throws Exception{\r\n\t\tif(isNull()) return 0;\r\n        return 1/Math.tan( param1.getDouble() );\r\n    }\r\n}","location":{"offset":[0,1605],"column":0,"row":1,"file":"smallsql0.21_src/src/smallsql/database/ExpressionFunctionCot.java"},"clone_class":"a5a3e23f-d74d-4601-a2cd-cbcd7d69b098","pairs":[{"type":3,"id":"94001a00-48c1-4940-bdec-14a9a830f400"}],"id":"62e4ee29-c1e5-488c-843c-390e1ae0b257"}]