[{"src":"|project://smallsql0.21_src/src/smallsql/junit/TestDBMetaData.java|(4208,115,<94,8>,<94,123>)","metadata":{"length":1,"sloc":1,"mass":30},"fragment":"int[] colTypes = {Types.NULL, Types.NULL, Types.NULL, Types.NULL, Types.NULL, Types.NULL, Types.NULL, Types.NULL };","location":{"offset":[4208,115],"column":8,"row":94,"file":"smallsql0.21_src/src/smallsql/junit/TestDBMetaData.java"},"clone_class":"140322a1-5f50-4131-a1ba-424973497d4e","pairs":[{"type":2,"id":"d83c9655-d007-44bf-9881-f1b351fd06ea"}],"id":"e70385be-f493-421a-b139-1b0e58bb9e02"},{"src":"|project://smallsql0.21_src/src/smallsql/junit/TestDBMetaData.java|(12939,138,<264,8>,<264,146>)","metadata":{"length":1,"sloc":1,"mass":30},"fragment":"int[] colTypes = {Types.SMALLINT, Types.VARCHAR, Types.INTEGER, Types.VARCHAR, Types.INTEGER, Types.NULL, Types.SMALLINT, Types.SMALLINT};","location":{"offset":[12939,138],"column":8,"row":264,"file":"smallsql0.21_src/src/smallsql/junit/TestDBMetaData.java"},"clone_class":"140322a1-5f50-4131-a1ba-424973497d4e","pairs":[{"type":2,"id":"e70385be-f493-421a-b139-1b0e58bb9e02"}],"id":"d83c9655-d007-44bf-9881-f1b351fd06ea"}]