[{"src":"|project://smallsql0.21_src/src/smallsql/database/ExpressionFunctionRound.java|(0,2086,<1,0>,<71,1>)","metadata":{"length":71,"sloc":31,"mass":120},"fragment":"/* =============================================================\r\n * SmallSQL : a free Java DBMS library for the Java(tm) platform\r\n * =============================================================\r\n *\r\n * (C) Copyright 2004-2006, by Volker Berlin.\r\n *\r\n * Project Info:  http://www.smallsql.de/\r\n *\r\n * This library is free software; you can redistribute it and/or modify it \r\n * under the terms of the GNU Lesser General Public License as published by \r\n * the Free Software Foundation; either version 2.1 of the License, or \r\n * (at your option) any later version.\r\n *\r\n * This library is distributed in the hope that it will be useful, but \r\n * WITHOUT ANY WARRANTY; without even the implied warranty of MERCHANTABILITY \r\n * or FITNESS FOR A PARTICULAR PURPOSE. See the GNU Lesser General Public \r\n * License for more details.\r\n *\r\n * You should have received a copy of the GNU Lesser General Public\r\n * License along with this library; if not, write to the Free Software\r\n * Foundation, Inc., 51 Franklin Street, Fifth Floor, Boston, MA  02110-1301, \r\n * USA.  \r\n *\r\n * [Java is a trademark or registered trademark of Sun Microsystems, Inc. \r\n * in the United States and other countries.]\r\n *\r\n * ---------------\r\n * ExpressionFunctionRound.java\r\n * ---------------\r\n * Author: Volker Berlin\r\n * \r\n */\r\npackage smallsql.database;\r\n\r\n\r\nfinal class ExpressionFunctionRound extends ExpressionFunctionReturnP1Number {\r\n\r\n    final int getFunction(){ return SQLTokenizer.ROUND; }\r\n\r\n    boolean isNull() throws Exception{\r\n        return param1.isNull() || param2.isNull();\r\n    }\r\n\t\r\n\r\n    final double getDouble() throws Exception{\r\n\t\tif(isNull()) return 0;\r\n\t\tfinal int places = param2.getInt();\r\n\t\tdouble value = param1.getDouble();\r\n\t\tlong factor = 1;\r\n\t\tif(places > 0){\r\n\t\t\tfor(int i=0; i<places; i++){\r\n\t\t\t\tfactor *= 10;\r\n\t\t\t}\r\n\t\t\tvalue *= factor;\r\n\t\t}else{\r\n\t\t\tfor(int i=0; i>places; i--){\r\n\t\t\t\tfactor *= 10;\r\n\t\t\t}\r\n\t\t\tvalue /= factor;\r\n\t\t}\r\n\t\tvalue = Math.rint( value );\r\n\t\tif(places > 0){\r\n\t\t\tvalue /= factor;\r\n\t\t}else{\r\n\t\t\tvalue *= factor;\r\n\t\t}\r\n\t\treturn value;\r\n    }\r\n\t\r\n\r\n}","location":{"offset":[0,2086],"column":0,"row":1,"file":"smallsql0.21_src/src/smallsql/database/ExpressionFunctionRound.java"},"clone_class":"f1b29b0e-655c-4f3c-9b4f-98b0a1ebd01f","pairs":[{"type":3,"id":"d558d293-046e-411c-bf42-861f1f403693"}],"id":"d3abb451-8705-4796-8ef8-371516e5a098"},{"src":"|project://smallsql0.21_src/src/smallsql/database/ExpressionFunctionTruncate.java|(1342,794,<36,0>,<71,1>)","metadata":{"length":36,"sloc":30,"mass":117},"fragment":"final class ExpressionFunctionTruncate extends ExpressionFunctionReturnP1Number {\r\n\r\n    final int getFunction(){ return SQLTokenizer.TRUNCATE; }\r\n\r\n    boolean isNull() throws Exception{\r\n        return param1.isNull() || param2.isNull();\r\n    }\r\n\t\r\n\r\n    final double getDouble() throws Exception{\r\n\t\tif(isNull()) return 0;\r\n\t\tfinal int places = param2.getInt();\r\n\t\tdouble value = param1.getDouble();\r\n\t\tlong factor = 1;\r\n\t\tif(places > 0){\r\n\t\t\tfor(int i=0; i<places; i++){\r\n\t\t\t\tfactor *= 10;\r\n\t\t\t}\r\n\t\t\tvalue *= factor;\r\n\t\t}else{\r\n\t\t\tfor(int i=0; i>places; i--){\r\n\t\t\t\tfactor *= 10;\r\n\t\t\t}\r\n\t\t\tvalue /= factor;\r\n\t\t}\r\n        value -= value % 1; //modulo also work with values larger long\r\n\t\tif(places > 0){\r\n\t\t\tvalue /= factor;\r\n\t\t}else{\r\n\t\t\tvalue *= factor;\r\n\t\t}\r\n\t\treturn value;\r\n    }\r\n\t\r\n\r\n}","location":{"offset":[1342,794],"column":0,"row":36,"file":"smallsql0.21_src/src/smallsql/database/ExpressionFunctionTruncate.java"},"clone_class":"f1b29b0e-655c-4f3c-9b4f-98b0a1ebd01f","pairs":[{"type":3,"id":"d3abb451-8705-4796-8ef8-371516e5a098"}],"id":"d558d293-046e-411c-bf42-861f1f403693"}]