[{"src":"|project://smallsql0.21_src/src/smallsql/junit/BasicTestCase.java|(4356,498,<125,8>,<137,9>)","metadata":{"length":13,"sloc":12,"mass":81},"fragment":"if(needTrim && obj1 != null){\r\n            // trim for CHAR and BINARY\r\n            if(obj1 instanceof String) obj1 = ((String)obj1).trim();\r\n            if(obj1 instanceof byte[]){\r\n                byte[] tmp = (byte[])obj1;\r\n                int k=tmp.length-1;\r\n                for(; k>= 0; k--) if(tmp[k] != 0) break;\r\n                k++;\r\n                byte[] tmp2 = new byte[k];\r\n                System.arraycopy( tmp, 0, tmp2, 0, k);\r\n                obj1 = tmp2;\r\n            }\r\n        }","location":{"offset":[4356,498],"column":8,"row":125,"file":"smallsql0.21_src/src/smallsql/junit/BasicTestCase.java"},"clone_class":"03ba2a82-e37c-433a-8000-b378639962b3","pairs":[{"type":2,"id":"b4b4ab45-5ddc-4eeb-9888-ffbae667b43e"}],"id":"4dce580c-ff6d-460d-908e-8889fc7f74b8"},{"src":"|project://smallsql0.21_src/src/smallsql/junit/BasicTestCase.java|(4858,372,<138,2>,<150,3>)","metadata":{"length":13,"sloc":12,"mass":81},"fragment":"if(needTrim && obj2 != null){\r\n\t\t\t// trim for CHAR and BINARY\r\n\t\t\tif(obj2 instanceof String) obj2 = ((String)obj2).trim();\r\n\t\t\tif(obj2 instanceof byte[]){\r\n\t\t\t\tbyte[] tmp = (byte[])obj2;\r\n\t\t\t\tint k=tmp.length-1;\r\n\t\t\t\tfor(; k>= 0; k--) if(tmp[k] != 0) break;\r\n\t\t\t\tk++;\r\n\t\t\t\tbyte[] tmp2 = new byte[k];\r\n\t\t\t\tSystem.arraycopy( tmp, 0, tmp2, 0, k);\r\n\t\t\t\tobj2 = tmp2;\r\n\t\t\t}\r\n\t\t}","location":{"offset":[4858,372],"column":2,"row":138,"file":"smallsql0.21_src/src/smallsql/junit/BasicTestCase.java"},"clone_class":"03ba2a82-e37c-433a-8000-b378639962b3","pairs":[{"type":2,"id":"4dce580c-ff6d-460d-908e-8889fc7f74b8"}],"id":"b4b4ab45-5ddc-4eeb-9888-ffbae667b43e"}]