[{"src":"|project://smallsql0.21_src/src/smallsql/database/SSDatabaseMetaData.java|(24908,379,<844,3>,<844,382>)","metadata":{"length":1,"sloc":1,"mass":47},"fragment":"{SQLTokenizer.getKeyWord(SQLTokenizer.NUMERIC),         Utils.getShort(SQLTokenizer.getSQLDataType( SQLTokenizer.NUMERIC) ),         Utils.getInteger(38),     \tnull, null, \"precision,scale\", \tUtils.getShort(typeNullable), Boolean.FALSE, Utils.getShort(typeSearchable), Boolean.FALSE, Boolean.FALSE, Boolean.FALSE, null, Utils.getInteger(0), Utils.getInteger(38),null, null, null}","location":{"offset":[24908,379],"column":3,"row":844,"file":"smallsql0.21_src/src/smallsql/database/SSDatabaseMetaData.java"},"clone_class":"09782bad-49aa-4499-b7bf-b9ff843e60e8","pairs":[{"type":2,"id":"c42a7f06-6707-488a-9bb1-9049098d5be7"}],"id":"57d9d9ba-9735-42df-9924-ef6881bb6558"},{"src":"|project://smallsql0.21_src/src/smallsql/database/SSDatabaseMetaData.java|(25293,379,<845,3>,<845,382>)","metadata":{"length":1,"sloc":1,"mass":47},"fragment":"{SQLTokenizer.getKeyWord(SQLTokenizer.DECIMAL),         Utils.getShort(SQLTokenizer.getSQLDataType( SQLTokenizer.DECIMAL) ),         Utils.getInteger(38),     \tnull, null, \"precision,scale\", \tUtils.getShort(typeNullable), Boolean.FALSE, Utils.getShort(typeSearchable), Boolean.FALSE, Boolean.FALSE, Boolean.FALSE, null, Utils.getInteger(0), Utils.getInteger(38),null, null, null}","location":{"offset":[25293,379],"column":3,"row":845,"file":"smallsql0.21_src/src/smallsql/database/SSDatabaseMetaData.java"},"clone_class":"09782bad-49aa-4499-b7bf-b9ff843e60e8","pairs":[{"type":2,"id":"57d9d9ba-9735-42df-9924-ef6881bb6558"}],"id":"c42a7f06-6707-488a-9bb1-9049098d5be7"}]