[{"src":"|project://smallsql0.21_src/src/smallsql/database/Utils.java|(8840,163,<270,5>,<274,6>)","metadata":{"length":5,"sloc":5,"mass":33},"fragment":"if(daten.length-offset < 16){\r\n    \t\tbyte[] temp = new byte[16];\r\n    \t\tSystem.arraycopy(daten, offset, temp, 0, daten.length-offset);\r\n    \t\tdaten = temp;\r\n    \t}","location":{"offset":[8840,163],"column":5,"row":270,"file":"smallsql0.21_src/src/smallsql/database/Utils.java"},"clone_class":"01d114e2-2edb-4297-91eb-85efbd89573e","pairs":[{"type":3,"id":"1da534ae-4032-4698-be52-5b559ed68c37"}],"id":"0900bf11-976c-4340-b7ae-4c2cbc66142c"},{"src":"|project://smallsql0.21_src/src/smallsql/database/DataSources.java|(1700,153,<55,2>,<59,3>)","metadata":{"length":5,"sloc":5,"mass":31},"fragment":"if(size >= data.length ){\r\n\t\t\tDataSource[] dataNew = new DataSource[size << 1];\r\n\t\t\tSystem.arraycopy(data, 0, dataNew, 0, size);\r\n\t\t\tdata = dataNew;\r\n\t\t}","location":{"offset":[1700,153],"column":2,"row":55,"file":"smallsql0.21_src/src/smallsql/database/DataSources.java"},"clone_class":"01d114e2-2edb-4297-91eb-85efbd89573e","pairs":[{"type":3,"id":"0900bf11-976c-4340-b7ae-4c2cbc66142c"}],"id":"1da534ae-4032-4698-be52-5b559ed68c37"}]