[{"src":"|project://smallsql0.21_src/src/smallsql/database/SSResultSet.java|(5793,342,<168,4>,<177,5>)","metadata":{"length":10,"sloc":10,"mass":40},"fragment":"public Date getDate(int columnIndex) throws SQLException {\r\n        try{\r\n\t\t\tExpression expr = getValue(columnIndex);\r\n            wasNull = expr.isNull();\r\n\t\t\tif(wasNull) return null;\r\n\t\t\treturn DateTime.getDate( expr.getLong() );\r\n        }catch(Exception e){\r\n            throw SmallSQLException.createFromException( e );\r\n        }\r\n    }","location":{"offset":[5793,342],"column":4,"row":168,"file":"smallsql0.21_src/src/smallsql/database/SSResultSet.java"},"clone_class":"a31f0318-01b1-4026-bf39-2df97f877db8","pairs":[{"type":2,"id":"043d4cb8-a432-495d-995a-44f0328b6c07"},{"type":2,"id":"7840a81d-a6aa-4638-8cd0-989efdd855f6"},{"type":2,"id":"e9a66cdf-ae69-4c76-9bd9-d179486f597f"},{"type":2,"id":"ea6c5ce0-1d54-45ff-86c6-f11eea410ac1"},{"type":2,"id":"c4325578-12f7-47da-8cb6-b063463317b3"}],"id":"85c71a87-9788-4422-b2a0-6b4065f5dc6c"},{"src":"|project://smallsql0.21_src/src/smallsql/database/SSCallableStatement.java|(6231,322,<173,4>,<182,5>)","metadata":{"length":10,"sloc":10,"mass":40},"fragment":"public Time getTime(int i) throws SQLException {\r\n        try{\r\n\t\t\tExpression expr = getValue(i);\r\n            wasNull = expr.isNull();\r\n\t\t\tif(wasNull) return null;\r\n\t\t\treturn DateTime.getTime( expr.getLong() );\r\n        }catch(Exception e){\r\n            throw SmallSQLException.createFromException( e );\r\n        }\r\n    }","location":{"offset":[6231,322],"column":4,"row":173,"file":"smallsql0.21_src/src/smallsql/database/SSCallableStatement.java"},"clone_class":"a31f0318-01b1-4026-bf39-2df97f877db8","pairs":[{"type":2,"id":"85c71a87-9788-4422-b2a0-6b4065f5dc6c"},{"type":2,"id":"7840a81d-a6aa-4638-8cd0-989efdd855f6"},{"type":2,"id":"e9a66cdf-ae69-4c76-9bd9-d179486f597f"},{"type":2,"id":"ea6c5ce0-1d54-45ff-86c6-f11eea410ac1"},{"type":2,"id":"c4325578-12f7-47da-8cb6-b063463317b3"}],"id":"043d4cb8-a432-495d-995a-44f0328b6c07"},{"src":"|project://smallsql0.21_src/src/smallsql/database/SSResultSet.java|(6501,357,<190,4>,<199,5>)","metadata":{"length":10,"sloc":10,"mass":40},"fragment":"public Timestamp getTimestamp(int columnIndex) throws SQLException {\r\n        try{\r\n\t\t\tExpression expr = getValue(columnIndex);\r\n            wasNull = expr.isNull();\r\n\t\t\tif(wasNull) return null;\r\n\t\t\treturn DateTime.getTimestamp( expr.getLong() );\r\n        }catch(Exception e){\r\n            throw SmallSQLException.createFromException( e );\r\n        }\r\n    }","location":{"offset":[6501,357],"column":4,"row":190,"file":"smallsql0.21_src/src/smallsql/database/SSResultSet.java"},"clone_class":"a31f0318-01b1-4026-bf39-2df97f877db8","pairs":[{"type":2,"id":"85c71a87-9788-4422-b2a0-6b4065f5dc6c"},{"type":2,"id":"043d4cb8-a432-495d-995a-44f0328b6c07"},{"type":2,"id":"e9a66cdf-ae69-4c76-9bd9-d179486f597f"},{"type":2,"id":"ea6c5ce0-1d54-45ff-86c6-f11eea410ac1"},{"type":2,"id":"c4325578-12f7-47da-8cb6-b063463317b3"}],"id":"7840a81d-a6aa-4638-8cd0-989efdd855f6"},{"src":"|project://smallsql0.21_src/src/smallsql/database/SSCallableStatement.java|(6559,364,<183,4>,<192,5>)","metadata":{"length":10,"sloc":10,"mass":40},"fragment":"public Timestamp getTimestamp(int i) throws SQLException {\r\n        try{\r\n            Expression expr = getValue(i);\r\n            wasNull = expr.isNull();\r\n            if(wasNull) return null;\r\n            return DateTime.getTimestamp( expr.getLong() );\r\n        }catch(Exception e){\r\n            throw SmallSQLException.createFromException( e );\r\n        }\r\n    }","location":{"offset":[6559,364],"column":4,"row":183,"file":"smallsql0.21_src/src/smallsql/database/SSCallableStatement.java"},"clone_class":"a31f0318-01b1-4026-bf39-2df97f877db8","pairs":[{"type":2,"id":"85c71a87-9788-4422-b2a0-6b4065f5dc6c"},{"type":2,"id":"043d4cb8-a432-495d-995a-44f0328b6c07"},{"type":2,"id":"7840a81d-a6aa-4638-8cd0-989efdd855f6"},{"type":2,"id":"ea6c5ce0-1d54-45ff-86c6-f11eea410ac1"},{"type":2,"id":"c4325578-12f7-47da-8cb6-b063463317b3"}],"id":"e9a66cdf-ae69-4c76-9bd9-d179486f597f"},{"src":"|project://smallsql0.21_src/src/smallsql/database/SSResultSet.java|(6153,342,<180,4>,<189,5>)","metadata":{"length":10,"sloc":10,"mass":40},"fragment":"public Time getTime(int columnIndex) throws SQLException {\r\n        try{\r\n\t\t\tExpression expr = getValue(columnIndex);\r\n            wasNull = expr.isNull();\r\n\t\t\tif(wasNull) return null;\r\n\t\t\treturn DateTime.getTime( expr.getLong() );\r\n        }catch(Exception e){\r\n            throw SmallSQLException.createFromException( e );\r\n        }\r\n    }","location":{"offset":[6153,342],"column":4,"row":180,"file":"smallsql0.21_src/src/smallsql/database/SSResultSet.java"},"clone_class":"a31f0318-01b1-4026-bf39-2df97f877db8","pairs":[{"type":2,"id":"85c71a87-9788-4422-b2a0-6b4065f5dc6c"},{"type":2,"id":"043d4cb8-a432-495d-995a-44f0328b6c07"},{"type":2,"id":"7840a81d-a6aa-4638-8cd0-989efdd855f6"},{"type":2,"id":"e9a66cdf-ae69-4c76-9bd9-d179486f597f"},{"type":2,"id":"c4325578-12f7-47da-8cb6-b063463317b3"}],"id":"ea6c5ce0-1d54-45ff-86c6-f11eea410ac1"},{"src":"|project://smallsql0.21_src/src/smallsql/database/SSCallableStatement.java|(5903,322,<163,4>,<172,5>)","metadata":{"length":10,"sloc":10,"mass":40},"fragment":"public Date getDate(int i) throws SQLException {\r\n        try{\r\n\t\t\tExpression expr = getValue(i);\r\n            wasNull = expr.isNull();\r\n\t\t\tif(wasNull) return null;\r\n\t\t\treturn DateTime.getDate( expr.getLong() );\r\n        }catch(Exception e){\r\n            throw SmallSQLException.createFromException( e );\r\n        }\r\n    }","location":{"offset":[5903,322],"column":4,"row":163,"file":"smallsql0.21_src/src/smallsql/database/SSCallableStatement.java"},"clone_class":"a31f0318-01b1-4026-bf39-2df97f877db8","pairs":[{"type":2,"id":"85c71a87-9788-4422-b2a0-6b4065f5dc6c"},{"type":2,"id":"043d4cb8-a432-495d-995a-44f0328b6c07"},{"type":2,"id":"7840a81d-a6aa-4638-8cd0-989efdd855f6"},{"type":2,"id":"e9a66cdf-ae69-4c76-9bd9-d179486f597f"},{"type":2,"id":"ea6c5ce0-1d54-45ff-86c6-f11eea410ac1"}],"id":"c4325578-12f7-47da-8cb6-b063463317b3"}]