[{"src":"|project://smallsql0.21_src/src/smallsql/junit/TestTransactions.java|(2609,922,<79,42>,<104,2>)","metadata":{"length":26,"sloc":21,"mass":77},"fragment":"{\r\n\t\tConnection con = AllTests.getConnection();\r\n\t\ttry{\t\t\t\r\n\t\t\tcon.setAutoCommit(false);\r\n\t\t\tcon.createStatement().execute(\"Create Table transactions (i int identity, v varchar(20))\");\r\n\t\t\tassertRowCount( 0, \"Select * from transactions\");\r\n\r\n\t\t\tcon.createStatement().execute(\"Insert Into transactions(v) Values('qwert')\");\r\n\t\t\tassertRowCount( 1, \"Select * from transactions\");\r\n\r\n\t\t\tcon.createStatement().execute(\"Insert Into transactions(v) Select v From transactions\");\r\n\t\t\tassertRowCount( 2, \"Select * from transactions\");\r\n\r\n\t\t\tcon.createStatement().execute(\"Insert Into transactions Select * From transactions\");\r\n\t\t\tassertRowCount( 4, \"Select * from transactions\");\r\n\t\t\t\r\n\t\t\tcon.commit();\r\n\t\t\tassertRowCount( 4, \"Select * from transactions\");\r\n\t\t\t\r\n\t\t}finally{\r\n\t\t\ttry{\r\n\t\t\t\tcon.createStatement().execute(\"Drop Table transactions\");\r\n\t\t\t}catch(Throwable e){e.printStackTrace();}\r\n\t\t\tcon.setAutoCommit(true);\r\n\t\t}\r\n\t}","location":{"offset":[2609,922],"column":42,"row":79,"file":"smallsql0.21_src/src/smallsql/junit/TestTransactions.java"},"clone_class":"172fc33f-697a-4a5f-a797-c45c0ef98c2a","pairs":[{"type":3,"id":"08aa278d-7fc5-48dd-bbe4-315d14caea87"},{"type":3,"id":"b4f076a2-9386-4d24-a2fd-56e4b5fec089"},{"type":3,"id":"d22ba3cf-5da7-4888-b072-9d94cdc862bd"},{"type":3,"id":"dc5f30d9-7759-49c7-8042-843b84332273"}],"id":"86232de6-749e-4ff2-8604-21b8bdfc1af3"},{"src":"|project://smallsql0.21_src/src/smallsql/junit/TestTransactions.java|(3670,924,<110,58>,<135,2>)","metadata":{"length":26,"sloc":21,"mass":77},"fragment":"{\r\n\t\tConnection con = AllTests.getConnection();\r\n\t\ttry{\t\t\t\r\n\t\t\tcon.createStatement().execute(\"Create Table transactions (i int identity, v varchar(20))\");\r\n\t\t\tassertRowCount( 0, \"Select * from transactions\");\r\n\r\n\t\t\tcon.createStatement().execute(\"Insert Into transactions(v) Values('qwert')\");\r\n\t\t\tassertRowCount( 1, \"Select * from transactions\");\r\n\r\n\t\t\tcon.setAutoCommit(false);\r\n\t\t\tcon.createStatement().execute(\"Insert Into transactions(v) Select v From transactions\");\r\n\t\t\tassertRowCount( 2, \"Select * from transactions\");\r\n\r\n\t\t\tcon.createStatement().execute(\"Insert Into transactions (Select * From transactions)\");\r\n\t\t\tassertRowCount( 4, \"Select * from transactions\");\r\n\t\t\t\r\n\t\t\tcon.commit();\r\n\t\t\tassertRowCount( 4, \"Select * from transactions\");\r\n\t\t\t\r\n\t\t}finally{\r\n\t\t\ttry{\r\n\t\t\t\tcon.createStatement().execute(\"Drop Table transactions\");\r\n\t\t\t}catch(Throwable e){e.printStackTrace();}\r\n\t\t\tcon.setAutoCommit(true);\r\n\t\t}\r\n\t}","location":{"offset":[3670,924],"column":58,"row":110,"file":"smallsql0.21_src/src/smallsql/junit/TestTransactions.java"},"clone_class":"172fc33f-697a-4a5f-a797-c45c0ef98c2a","pairs":[{"type":3,"id":"86232de6-749e-4ff2-8604-21b8bdfc1af3"},{"type":3,"id":"08aa278d-7fc5-48dd-bbe4-315d14caea87"},{"type":3,"id":"d22ba3cf-5da7-4888-b072-9d94cdc862bd"},{"type":3,"id":"dc5f30d9-7759-49c7-8042-843b84332273"}],"id":"b4f076a2-9386-4d24-a2fd-56e4b5fec089"},{"src":"|project://smallsql0.21_src/src/smallsql/junit/TestTransactions.java|(4696,877,<140,2>,<162,3>)","metadata":{"length":23,"sloc":18,"mass":69},"fragment":"try{\t\t\t\r\n\t\t    con.createStatement().execute(\"Create Table transactions (i int identity, v varchar(20))\");\r\n\t\t\tcon.setAutoCommit(false);\r\n\t\t\tassertRowCount( 0, \"Select * from transactions\");\r\n\r\n\t\t\tcon.createStatement().execute(\"Insert Into transactions(v) Values('qwert')\");\r\n\t\t\tassertRowCount( 1, \"Select * from transactions\");\r\n\r\n\t\t\tcon.createStatement().execute(\"Insert Into transactions(v) Select v From transactions\");\r\n\t\t\tassertRowCount( 2, \"Select * from transactions\");\r\n\r\n\t\t\tcon.createStatement().execute(\"Insert Into transactions(v) (Select v From transactions)\");\r\n\t\t\tassertRowCount( 4, \"Select * from transactions\");\r\n\t\t\t\r\n\t\t\tcon.rollback();\r\n\t\t\tassertRowCount( 0, \"Select * from transactions\");\r\n\t\t\t\r\n\t\t}finally{\r\n\t\t\ttry{\r\n\t\t\t\tcon.createStatement().execute(\"Drop Table transactions\");\r\n\t\t\t}catch(Throwable e){e.printStackTrace();}\r\n\t\t\tcon.setAutoCommit(true);\r\n\t\t}","location":{"offset":[4696,877],"column":2,"row":140,"file":"smallsql0.21_src/src/smallsql/junit/TestTransactions.java"},"clone_class":"172fc33f-697a-4a5f-a797-c45c0ef98c2a","pairs":[{"type":3,"id":"86232de6-749e-4ff2-8604-21b8bdfc1af3"},{"type":3,"id":"08aa278d-7fc5-48dd-bbe4-315d14caea87"},{"type":3,"id":"b4f076a2-9386-4d24-a2fd-56e4b5fec089"},{"type":3,"id":"dc5f30d9-7759-49c7-8042-843b84332273"}],"id":"d22ba3cf-5da7-4888-b072-9d94cdc862bd"}]