[{"src":"|project://smallsql0.21_src/src/smallsql/junit/BenchTest.java|(31234,236,<748,8>,<750,9>)","metadata":{"length":3,"sloc":3,"mass":33},"fragment":"for (int i=0; i<rowCount; i++){\r\n            st.execute(sql + \",\"+i+\",23.45,567.45,78.89,\"+i+\",'11:11:11',34.56,'sysname (30) NULL','ntext NULL, sample to save in the field',\"+(i & 0xFF)+\",0x172243,'nvarchar (255) NULL')\"  );\r\n        }","location":{"offset":[31234,236],"column":8,"row":748,"file":"smallsql0.21_src/src/smallsql/junit/BenchTest.java"},"clone_class":"429fa808-9570-4d70-a0d4-3a55144e0a1b","pairs":[{"type":3,"id":"d0069480-05c0-49e0-b177-529127933af4"}],"id":"712eea49-caac-432c-8a95-d6fd114b2ea2"},{"src":"|project://smallsql0.21_src/src/smallsql/junit/TestMoneyRounding.java|(2297,160,<68,12>,<70,13>)","metadata":{"length":3,"sloc":3,"mass":34},"fragment":"for(int i=firstValue; i<10000; i++){\r\n                st.execute(\"Insert into \" + table + \"(a,b) values(\" + (i/10000.0) + \",\" +(i/10000.0) +\")\");\r\n            }","location":{"offset":[2297,160],"column":12,"row":68,"file":"smallsql0.21_src/src/smallsql/junit/TestMoneyRounding.java"},"clone_class":"429fa808-9570-4d70-a0d4-3a55144e0a1b","pairs":[{"type":3,"id":"712eea49-caac-432c-8a95-d6fd114b2ea2"}],"id":"d0069480-05c0-49e0-b177-529127933af4"}]