[{"src":"|project://smallsql0.21_src/src/smallsql/junit/TestFunctions.java|(22524,301,<374,4>,<383,5>)","metadata":{"length":10,"sloc":9,"mass":34},"fragment":"public void tearDown(){\r\n        try{\r\n            Connection con = AllTests.getConnection();\r\n            Statement st = con.createStatement();\r\n            st.execute(\"drop table \" + table);\r\n            st.close();\r\n        }catch(Throwable e){\r\n            //e.printStackTrace();\r\n        }\r\n    }","location":{"offset":[22524,301],"column":4,"row":374,"file":"smallsql0.21_src/src/smallsql/junit/TestFunctions.java"},"clone_class":"d0afbc40-1592-4e5e-9d00-be70ef817670","pairs":[{"type":1,"id":"91b55f02-8f5c-4c10-8bd4-9d3cd5ce668c"},{"type":1,"id":"1923e7ab-8720-4ef1-87ec-2f19249b7a7a"},{"type":1,"id":"7bf4fd32-c41d-4c68-9d7a-32edf8f343c8"}],"id":"19e3862f-eb00-4150-bb04-135d8601344e"},{"src":"|project://smallsql0.21_src/src/smallsql/junit/TestDataTypes.java|(3053,301,<68,4>,<77,5>)","metadata":{"length":10,"sloc":9,"mass":34},"fragment":"public void tearDown(){\r\n        try{\r\n            Connection con = AllTests.getConnection();\r\n            Statement st = con.createStatement();\r\n            st.execute(\"drop table \" + table);\r\n            st.close();\r\n        }catch(Throwable e){\r\n            //e.printStackTrace();\r\n        }\r\n    }","location":{"offset":[3053,301],"column":4,"row":68,"file":"smallsql0.21_src/src/smallsql/junit/TestDataTypes.java"},"clone_class":"d0afbc40-1592-4e5e-9d00-be70ef817670","pairs":[{"type":1,"id":"19e3862f-eb00-4150-bb04-135d8601344e"},{"type":1,"id":"1923e7ab-8720-4ef1-87ec-2f19249b7a7a"},{"type":1,"id":"7bf4fd32-c41d-4c68-9d7a-32edf8f343c8"}],"id":"91b55f02-8f5c-4c10-8bd4-9d3cd5ce668c"},{"src":"|project://smallsql0.21_src/src/smallsql/junit/TestOperatoren.java|(5149,301,<95,4>,<104,5>)","metadata":{"length":10,"sloc":9,"mass":34},"fragment":"public void tearDown(){\r\n        try{\r\n            Connection con = AllTests.getConnection();\r\n            Statement st = con.createStatement();\r\n            st.execute(\"drop table \" + table);\r\n            st.close();\r\n        }catch(Throwable e){\r\n            //e.printStackTrace();\r\n        }\r\n    }","location":{"offset":[5149,301],"column":4,"row":95,"file":"smallsql0.21_src/src/smallsql/junit/TestOperatoren.java"},"clone_class":"d0afbc40-1592-4e5e-9d00-be70ef817670","pairs":[{"type":1,"id":"19e3862f-eb00-4150-bb04-135d8601344e"},{"type":1,"id":"91b55f02-8f5c-4c10-8bd4-9d3cd5ce668c"},{"type":1,"id":"7bf4fd32-c41d-4c68-9d7a-32edf8f343c8"}],"id":"1923e7ab-8720-4ef1-87ec-2f19249b7a7a"},{"src":"|project://smallsql0.21_src/src/smallsql/junit/TestMoneyRounding.java|(1787,301,<53,4>,<62,5>)","metadata":{"length":10,"sloc":9,"mass":34},"fragment":"public void tearDown(){\r\n        try{\r\n            Connection con = AllTests.getConnection();\r\n            Statement st = con.createStatement();\r\n            st.execute(\"drop table \" + table);\r\n            st.close();\r\n        }catch(Throwable e){\r\n            //e.printStackTrace();\r\n        }\r\n    }","location":{"offset":[1787,301],"column":4,"row":53,"file":"smallsql0.21_src/src/smallsql/junit/TestMoneyRounding.java"},"clone_class":"d0afbc40-1592-4e5e-9d00-be70ef817670","pairs":[{"type":1,"id":"19e3862f-eb00-4150-bb04-135d8601344e"},{"type":1,"id":"91b55f02-8f5c-4c10-8bd4-9d3cd5ce668c"},{"type":1,"id":"1923e7ab-8720-4ef1-87ec-2f19249b7a7a"}],"id":"7bf4fd32-c41d-4c68-9d7a-32edf8f343c8"}]