[{"src":"|project://smallsql0.21_src/src/smallsql/database/Table.java|(10235,198,<299,8>,<305,4>)","metadata":{"length":7,"sloc":7,"mass":36},"fragment":"{\r\n\t\t\t\tfor(int i=0; i<locksInsert.size(); i++){\r\n\t\t\t\t\tTableStorePageInsert lock = (TableStorePageInsert)locksInsert.get(i);\r\n\t\t\t\t\tif(lock.con == con)\r\n\t\t\t\t\t\tinserts.add(lock.getLink());\r\n\t\t\t\t}\r\n\t\t\t}","location":{"offset":[10235,198],"column":8,"row":299,"file":"smallsql0.21_src/src/smallsql/database/Table.java"},"clone_class":"3e9ab115-a272-42b8-aa2d-16d16aa91073","pairs":[{"type":3,"id":"177de38a-a056-4685-a1fc-9318d94803cc"}],"id":"68946589-b8e2-4583-b7b3-2b21c33513f5"},{"src":"|project://smallsql0.21_src/src/smallsql/database/SSConnection.java|(5772,280,<175,12>,<181,13>)","metadata":{"length":7,"sloc":7,"mass":39},"fragment":"for(int i = commitPages.size() - 1; i >= 0; i--){\r\n                TransactionStep page = (TransactionStep)commitPages.get(i);\r\n                if(page.raFile == raFile){\r\n                    page.rollback();\r\n                    page.freeLock();\r\n                }\r\n            }","location":{"offset":[5772,280],"column":12,"row":175,"file":"smallsql0.21_src/src/smallsql/database/SSConnection.java"},"clone_class":"3e9ab115-a272-42b8-aa2d-16d16aa91073","pairs":[{"type":3,"id":"68946589-b8e2-4583-b7b3-2b21c33513f5"}],"id":"177de38a-a056-4685-a1fc-9318d94803cc"}]