[{"src":"|project://smallsql0.21_src/src/smallsql/database/SSCallableStatement.java|(5229,375,<144,4>,<153,5>)","metadata":{"length":10,"sloc":10,"mass":43},"fragment":"public BigDecimal getBigDecimal(int i, int scale) throws SQLException {\r\n        try{\r\n            MutableNumeric obj = getValue(i).getNumeric();\r\n            wasNull = obj == null;\r\n            if(wasNull) return null;\r\n            return obj.toBigDecimal(scale);\r\n        }catch(Exception e){\r\n            throw SmallSQLException.createFromException( e );\r\n        }\r\n    }","location":{"offset":[5229,375],"column":4,"row":144,"file":"smallsql0.21_src/src/smallsql/database/SSCallableStatement.java"},"clone_class":"280d4ddf-411d-4fa9-b42f-f2b5c5b9d254","pairs":[{"type":2,"id":"e5eed9e9-b65d-43e0-83cb-9345958be356"}],"id":"ff03462b-6dfc-4fd2-99ff-9f6178014fda"},{"src":"|project://smallsql0.21_src/src/smallsql/database/SSResultSet.java|(5079,395,<149,4>,<158,5>)","metadata":{"length":10,"sloc":10,"mass":43},"fragment":"public BigDecimal getBigDecimal(int columnIndex, int scale) throws SQLException {\r\n        try{\r\n            MutableNumeric obj = getValue(columnIndex).getNumeric();\r\n            wasNull = obj == null;\r\n            if(wasNull) return null;\r\n            return obj.toBigDecimal(scale);\r\n        }catch(Exception e){\r\n            throw SmallSQLException.createFromException( e );\r\n        }\r\n    }","location":{"offset":[5079,395],"column":4,"row":149,"file":"smallsql0.21_src/src/smallsql/database/SSResultSet.java"},"clone_class":"280d4ddf-411d-4fa9-b42f-f2b5c5b9d254","pairs":[{"type":2,"id":"ff03462b-6dfc-4fd2-99ff-9f6178014fda"}],"id":"e5eed9e9-b65d-43e0-83cb-9345958be356"}]