[{"src":"|project://smallsql0.21_src/src/smallsql/database/MutableFloat.java|(1326,538,<35,0>,<70,1>)","metadata":{"length":36,"sloc":24,"mass":65},"fragment":"/**\r\n * @author Volker Berlin\r\n *\r\n */\r\nfinal class MutableFloat extends Number implements Mutable{\r\n\r\n\tfloat value;\r\n\t\r\n\tMutableFloat(float value){\r\n\t\tthis.value = value;\r\n\t}\r\n\t\r\n\tpublic double doubleValue() {\r\n\t\treturn value;\r\n\t}\r\n\r\n\tpublic float floatValue() {\r\n\t\treturn value;\r\n\t}\r\n\r\n\tpublic int intValue() {\r\n\t\treturn (int)value;\r\n\t}\r\n\r\n\tpublic long longValue() {\r\n\t\treturn (long)value;\r\n\t}\r\n\r\n\tpublic String toString(){\r\n\t\treturn String.valueOf(value);\r\n\t}\r\n\t\r\n\tpublic Object getImmutableObject(){\r\n\t\treturn new Float(value);\r\n\t}\r\n}","location":{"offset":[1326,538],"column":0,"row":35,"file":"smallsql0.21_src/src/smallsql/database/MutableFloat.java"},"clone_class":"06a00fd0-ec45-45b6-a5be-501b272c015d","pairs":[{"type":3,"id":"318e165d-e6c9-4ed0-8747-e832671ab68d"},{"type":3,"id":"4ab33326-f09e-4a85-ad3d-beef2d7324c9"}],"id":"55a85e87-d112-4f3b-ad9d-26776c6c27a3"},{"src":"|project://smallsql0.21_src/src/smallsql/database/MutableLong.java|(1325,527,<35,0>,<70,1>)","metadata":{"length":36,"sloc":24,"mass":63},"fragment":"/**\r\n * @author Volker Berlin\r\n *\r\n */\r\nfinal class MutableLong extends Number implements Mutable{\r\n\r\n\tlong value;\r\n\t\r\n\tMutableLong(long value){\r\n\t\tthis.value = value;\r\n\t}\r\n\t\r\n\tpublic double doubleValue() {\r\n\t\treturn value;\r\n\t}\r\n\r\n\tpublic float floatValue() {\r\n\t\treturn value;\r\n\t}\r\n\r\n\tpublic int intValue() {\r\n\t\treturn (int)value;\r\n\t}\r\n\r\n\tpublic long longValue() {\r\n\t\treturn value;\r\n\t}\r\n\r\n\tpublic String toString(){\r\n\t\treturn String.valueOf(value);\r\n\t}\r\n\t\r\n\tpublic Object getImmutableObject(){\r\n\t\treturn new Long(value);\r\n\t}\r\n}","location":{"offset":[1325,527],"column":0,"row":35,"file":"smallsql0.21_src/src/smallsql/database/MutableLong.java"},"clone_class":"06a00fd0-ec45-45b6-a5be-501b272c015d","pairs":[{"type":3,"id":"55a85e87-d112-4f3b-ad9d-26776c6c27a3"},{"type":3,"id":"4ab33326-f09e-4a85-ad3d-beef2d7324c9"}],"id":"318e165d-e6c9-4ed0-8747-e832671ab68d"},{"src":"|project://smallsql0.21_src/src/smallsql/database/MutableInteger.java|(1328,534,<35,0>,<70,1>)","metadata":{"length":36,"sloc":24,"mass":60},"fragment":"/**\r\n * @author Volker Berlin\r\n *\r\n */\r\nfinal class MutableInteger extends Number implements Mutable{\r\n\r\n\tint value;\r\n\t\r\n\tMutableInteger(int value){\r\n\t\tthis.value = value;\r\n\t}\r\n\t\r\n\tpublic double doubleValue() {\r\n\t\treturn value;\r\n\t}\r\n\r\n\tpublic float floatValue() {\r\n\t\treturn value;\r\n\t}\r\n\r\n\tpublic int intValue() {\r\n\t\treturn value;\r\n\t}\r\n\r\n\tpublic long longValue() {\r\n\t\treturn value;\r\n\t}\r\n\r\n\tpublic String toString(){\r\n\t\treturn String.valueOf(value);\r\n\t}\r\n\t\r\n\tpublic Object getImmutableObject(){\r\n\t\treturn Utils.getInteger(value);\r\n\t}\r\n}","location":{"offset":[1328,534],"column":0,"row":35,"file":"smallsql0.21_src/src/smallsql/database/MutableInteger.java"},"clone_class":"06a00fd0-ec45-45b6-a5be-501b272c015d","pairs":[{"type":3,"id":"55a85e87-d112-4f3b-ad9d-26776c6c27a3"},{"type":3,"id":"318e165d-e6c9-4ed0-8747-e832671ab68d"}],"id":"4ab33326-f09e-4a85-ad3d-beef2d7324c9"}]