[{"src":"|project://smallsql0.21_src/src/smallsql/junit/TestTransactions.java|(2660,867,<81,2>,<103,3>)","metadata":{"length":23,"sloc":18,"mass":69},"fragment":"try{\t\t\t\r\n\t\t\tcon.setAutoCommit(false);\r\n\t\t\tcon.createStatement().execute(\"Create Table transactions (i int identity, v varchar(20))\");\r\n\t\t\tassertRowCount( 0, \"Select * from transactions\");\r\n\r\n\t\t\tcon.createStatement().execute(\"Insert Into transactions(v) Values('qwert')\");\r\n\t\t\tassertRowCount( 1, \"Select * from transactions\");\r\n\r\n\t\t\tcon.createStatement().execute(\"Insert Into transactions(v) Select v From transactions\");\r\n\t\t\tassertRowCount( 2, \"Select * from transactions\");\r\n\r\n\t\t\tcon.createStatement().execute(\"Insert Into transactions Select * From transactions\");\r\n\t\t\tassertRowCount( 4, \"Select * from transactions\");\r\n\t\t\t\r\n\t\t\tcon.commit();\r\n\t\t\tassertRowCount( 4, \"Select * from transactions\");\r\n\t\t\t\r\n\t\t}finally{\r\n\t\t\ttry{\r\n\t\t\t\tcon.createStatement().execute(\"Drop Table transactions\");\r\n\t\t\t}catch(Throwable e){e.printStackTrace();}\r\n\t\t\tcon.setAutoCommit(true);\r\n\t\t}","location":{"offset":[2660,867],"column":2,"row":81,"file":"smallsql0.21_src/src/smallsql/junit/TestTransactions.java"},"clone_class":"0715ab4f-2088-4ca9-8f6d-43041408af48","pairs":[{"type":3,"id":"dd0c2eed-016b-4944-9894-53d2c0d4c926"},{"type":3,"id":"b457b835-7e22-42bf-bb4d-ceeab14aaa66"}],"id":"08aa278d-7fc5-48dd-bbe4-315d14caea87"},{"src":"|project://smallsql0.21_src/src/smallsql/junit/TestTransactions.java|(4645,932,<138,44>,<163,2>)","metadata":{"length":26,"sloc":21,"mass":77},"fragment":"{\r\n\t\tConnection con = AllTests.getConnection();\r\n\t\ttry{\t\t\t\r\n\t\t    con.createStatement().execute(\"Create Table transactions (i int identity, v varchar(20))\");\r\n\t\t\tcon.setAutoCommit(false);\r\n\t\t\tassertRowCount( 0, \"Select * from transactions\");\r\n\r\n\t\t\tcon.createStatement().execute(\"Insert Into transactions(v) Values('qwert')\");\r\n\t\t\tassertRowCount( 1, \"Select * from transactions\");\r\n\r\n\t\t\tcon.createStatement().execute(\"Insert Into transactions(v) Select v From transactions\");\r\n\t\t\tassertRowCount( 2, \"Select * from transactions\");\r\n\r\n\t\t\tcon.createStatement().execute(\"Insert Into transactions(v) (Select v From transactions)\");\r\n\t\t\tassertRowCount( 4, \"Select * from transactions\");\r\n\t\t\t\r\n\t\t\tcon.rollback();\r\n\t\t\tassertRowCount( 0, \"Select * from transactions\");\r\n\t\t\t\r\n\t\t}finally{\r\n\t\t\ttry{\r\n\t\t\t\tcon.createStatement().execute(\"Drop Table transactions\");\r\n\t\t\t}catch(Throwable e){e.printStackTrace();}\r\n\t\t\tcon.setAutoCommit(true);\r\n\t\t}\r\n\t}","location":{"offset":[4645,932],"column":44,"row":138,"file":"smallsql0.21_src/src/smallsql/junit/TestTransactions.java"},"clone_class":"0715ab4f-2088-4ca9-8f6d-43041408af48","pairs":[{"type":3,"id":"08aa278d-7fc5-48dd-bbe4-315d14caea87"},{"type":3,"id":"b457b835-7e22-42bf-bb4d-ceeab14aaa66"}],"id":"dd0c2eed-016b-4944-9894-53d2c0d4c926"},{"src":"|project://smallsql0.21_src/src/smallsql/junit/TestTransactions.java|(5716,929,<169,60>,<194,2>)","metadata":{"length":26,"sloc":21,"mass":77},"fragment":"{\r\n\t\tConnection con = AllTests.getConnection();\r\n\t\ttry{\t\t\t\r\n\t\t\tcon.createStatement().execute(\"Create Table transactions (i int identity, v varchar(20))\");\r\n\t\t\tassertRowCount( 0, \"Select * from transactions\");\r\n\r\n\t\t\tcon.createStatement().execute(\"Insert Into transactions(v) Values('qwert')\");\r\n\t\t\tassertRowCount( 1, \"Select * from transactions\");\r\n\r\n\t\t\tcon.setAutoCommit(false);\r\n\t\t\tcon.createStatement().execute(\"Insert Into transactions(v) Select v From transactions\");\r\n\t\t\tassertRowCount( 2, \"Select * from transactions\");\r\n\r\n\t\t\tcon.createStatement().execute(\"Insert Into transactions(v) (Select v From transactions)\");\r\n\t\t\tassertRowCount( 4, \"Select * from transactions\");\r\n\t\t\t\r\n\t\t\tcon.rollback();\r\n\t\t\tassertRowCount( 1, \"Select * from transactions\");\r\n\t\t\t\r\n\t\t}finally{\r\n\t\t\ttry{\r\n\t\t\t\tcon.createStatement().execute(\"Drop Table transactions\");\r\n\t\t\t}catch(Throwable e){e.printStackTrace();}\r\n\t\t\tcon.setAutoCommit(true);\r\n\t\t}\r\n\t}","location":{"offset":[5716,929],"column":60,"row":169,"file":"smallsql0.21_src/src/smallsql/junit/TestTransactions.java"},"clone_class":"0715ab4f-2088-4ca9-8f6d-43041408af48","pairs":[{"type":3,"id":"08aa278d-7fc5-48dd-bbe4-315d14caea87"},{"type":3,"id":"dd0c2eed-016b-4944-9894-53d2c0d4c926"}],"id":"b457b835-7e22-42bf-bb4d-ceeab14aaa66"}]