[{"src":"|project://smallsql0.21_src/src/smallsql/database/ExpressionFunctionRound.java|(1590,488,<45,4>,<68,5>)","metadata":{"length":24,"sloc":24,"mass":95},"fragment":"final double getDouble() throws Exception{\r\n\t\tif(isNull()) return 0;\r\n\t\tfinal int places = param2.getInt();\r\n\t\tdouble value = param1.getDouble();\r\n\t\tlong factor = 1;\r\n\t\tif(places > 0){\r\n\t\t\tfor(int i=0; i<places; i++){\r\n\t\t\t\tfactor *= 10;\r\n\t\t\t}\r\n\t\t\tvalue *= factor;\r\n\t\t}else{\r\n\t\t\tfor(int i=0; i>places; i--){\r\n\t\t\t\tfactor *= 10;\r\n\t\t\t}\r\n\t\t\tvalue /= factor;\r\n\t\t}\r\n\t\tvalue = Math.rint( value );\r\n\t\tif(places > 0){\r\n\t\t\tvalue /= factor;\r\n\t\t}else{\r\n\t\t\tvalue *= factor;\r\n\t\t}\r\n\t\treturn value;\r\n    }","location":{"offset":[1590,488],"column":4,"row":45,"file":"smallsql0.21_src/src/smallsql/database/ExpressionFunctionRound.java"},"clone_class":"9b6f5d7e-a0ec-4114-a0ac-2e3f4ab6f945","pairs":[{"type":3,"id":"942ac84a-14d9-4fea-acaf-ac230b97f530"}],"id":"ca7aaef2-4639-479b-a5e3-65b0aa54cd56"},{"src":"|project://smallsql0.21_src/src/smallsql/database/ExpressionFunctionTruncate.java|(1599,529,<45,4>,<68,5>)","metadata":{"length":24,"sloc":24,"mass":95},"fragment":"final double getDouble() throws Exception{\r\n\t\tif(isNull()) return 0;\r\n\t\tfinal int places = param2.getInt();\r\n\t\tdouble value = param1.getDouble();\r\n\t\tlong factor = 1;\r\n\t\tif(places > 0){\r\n\t\t\tfor(int i=0; i<places; i++){\r\n\t\t\t\tfactor *= 10;\r\n\t\t\t}\r\n\t\t\tvalue *= factor;\r\n\t\t}else{\r\n\t\t\tfor(int i=0; i>places; i--){\r\n\t\t\t\tfactor *= 10;\r\n\t\t\t}\r\n\t\t\tvalue /= factor;\r\n\t\t}\r\n        value -= value % 1; //modulo also work with values larger long\r\n\t\tif(places > 0){\r\n\t\t\tvalue /= factor;\r\n\t\t}else{\r\n\t\t\tvalue *= factor;\r\n\t\t}\r\n\t\treturn value;\r\n    }","location":{"offset":[1599,529],"column":4,"row":45,"file":"smallsql0.21_src/src/smallsql/database/ExpressionFunctionTruncate.java"},"clone_class":"9b6f5d7e-a0ec-4114-a0ac-2e3f4ab6f945","pairs":[{"type":3,"id":"ca7aaef2-4639-479b-a5e3-65b0aa54cd56"}],"id":"942ac84a-14d9-4fea-acaf-ac230b97f530"}]