[{"src":"|project://smallsql0.21_src/src/smallsql/database/ExpressionFunctionLCase.java|(0,1893,<1,0>,<62,3>)","metadata":{"length":62,"sloc":17,"mass":50},"fragment":"/* =============================================================\r\n * SmallSQL : a free Java DBMS library for the Java(tm) platform\r\n * =============================================================\r\n *\r\n * (C) Copyright 2004-2006, by Volker Berlin.\r\n *\r\n * Project Info:  http://www.smallsql.de/\r\n *\r\n * This library is free software; you can redistribute it and/or modify it \r\n * under the terms of the GNU Lesser General Public License as published by \r\n * the Free Software Foundation; either version 2.1 of the License, or \r\n * (at your option) any later version.\r\n *\r\n * This library is distributed in the hope that it will be useful, but \r\n * WITHOUT ANY WARRANTY; without even the implied warranty of MERCHANTABILITY \r\n * or FITNESS FOR A PARTICULAR PURPOSE. See the GNU Lesser General Public \r\n * License for more details.\r\n *\r\n * You should have received a copy of the GNU Lesser General Public\r\n * License along with this library; if not, write to the Free Software\r\n * Foundation, Inc., 51 Franklin Street, Fifth Floor, Boston, MA  02110-1301, \r\n * USA.  \r\n *\r\n * [Java is a trademark or registered trademark of Sun Microsystems, Inc. \r\n * in the United States and other countries.]\r\n *\r\n * ---------------\r\n * ExpressionFunctionLCase.java\r\n * ---------------\r\n * Author: Volker Berlin\r\n * \r\n * Created on 17.06.2006\r\n */\r\npackage smallsql.database;\r\n\r\n\r\n/**\r\n * @author Volker Berlin\r\n */\r\npublic class ExpressionFunctionLCase extends ExpressionFunctionReturnP1StringAndBinary {\r\n\r\n\tfinal int getFunction() {\r\n\t\treturn SQLTokenizer.LCASE;\r\n\t}\r\n\r\n\r\n\tfinal boolean isNull() throws Exception {\r\n\t\treturn param1.isNull();\r\n\t}\r\n\r\n\r\n\tfinal byte[] getBytes() throws Exception{\r\n        if(isNull()) return null;\r\n        return getString().getBytes();\r\n\t}\r\n\t\r\n\t\r\n\tfinal String getString() throws Exception {\r\n\t\tif(isNull()) return null;\r\n\t\treturn param1.getString().toLowerCase();\r\n\t}\r\n}\r\n","location":{"offset":[0,1893],"column":0,"row":1,"file":"smallsql0.21_src/src/smallsql/database/ExpressionFunctionLCase.java"},"clone_class":"4ff20004-daf3-44ea-86a6-4a2a8b2ffcbf","pairs":[{"type":2,"id":"705fb6d0-a2d1-448e-8873-6f37edf19c1a"}],"id":"5a8fbf34-8e94-4912-b849-89273a109119"},{"src":"|project://smallsql0.21_src/src/smallsql/database/ExpressionFunctionUCase.java|(0,1893,<1,0>,<62,3>)","metadata":{"length":62,"sloc":17,"mass":50},"fragment":"/* =============================================================\r\n * SmallSQL : a free Java DBMS library for the Java(tm) platform\r\n * =============================================================\r\n *\r\n * (C) Copyright 2004-2006, by Volker Berlin.\r\n *\r\n * Project Info:  http://www.smallsql.de/\r\n *\r\n * This library is free software; you can redistribute it and/or modify it \r\n * under the terms of the GNU Lesser General Public License as published by \r\n * the Free Software Foundation; either version 2.1 of the License, or \r\n * (at your option) any later version.\r\n *\r\n * This library is distributed in the hope that it will be useful, but \r\n * WITHOUT ANY WARRANTY; without even the implied warranty of MERCHANTABILITY \r\n * or FITNESS FOR A PARTICULAR PURPOSE. See the GNU Lesser General Public \r\n * License for more details.\r\n *\r\n * You should have received a copy of the GNU Lesser General Public\r\n * License along with this library; if not, write to the Free Software\r\n * Foundation, Inc., 51 Franklin Street, Fifth Floor, Boston, MA  02110-1301, \r\n * USA.  \r\n *\r\n * [Java is a trademark or registered trademark of Sun Microsystems, Inc. \r\n * in the United States and other countries.]\r\n *\r\n * ---------------\r\n * ExpressionFunctionLCase.java\r\n * ---------------\r\n * Author: Volker Berlin\r\n * \r\n * Created on 17.06.2006\r\n */\r\npackage smallsql.database;\r\n\r\n\r\n/**\r\n * @author Volker Berlin\r\n */\r\npublic class ExpressionFunctionUCase extends ExpressionFunctionReturnP1StringAndBinary {\r\n\r\n\tfinal int getFunction() {\r\n\t\treturn SQLTokenizer.UCASE;\r\n\t}\r\n\r\n\r\n\tfinal boolean isNull() throws Exception {\r\n\t\treturn param1.isNull();\r\n\t}\r\n\r\n\r\n\tfinal byte[] getBytes() throws Exception{\r\n        if(isNull()) return null;\r\n        return getString().getBytes();\r\n\t}\r\n\t\r\n\t\r\n\tfinal String getString() throws Exception {\r\n\t\tif(isNull()) return null;\r\n\t\treturn param1.getString().toUpperCase();\r\n\t}\r\n}\r\n","location":{"offset":[0,1893],"column":0,"row":1,"file":"smallsql0.21_src/src/smallsql/database/ExpressionFunctionUCase.java"},"clone_class":"4ff20004-daf3-44ea-86a6-4a2a8b2ffcbf","pairs":[{"type":2,"id":"5a8fbf34-8e94-4912-b849-89273a109119"}],"id":"705fb6d0-a2d1-448e-8873-6f37edf19c1a"}]