[{"src":"|project://smallsql0.21_src/src/smallsql/junit/TestLanguage.java|(7050,309,<237,3>,<245,4>)","metadata":{"length":9,"sloc":8,"mass":43},"fragment":"if (diff.size() > 0) {\r\n\t\t\t\tfailed = true;\r\n                msgBuf.append(\"\\nMissing entries for language \").append( OTHER_LANGUAGES[i] ).append(\": \");\r\n\t\t\t\t\r\n\t\t\t\tfor (Iterator itr = diff.iterator(); itr.hasNext(); ) {\r\n\t\t\t\t\tmsgBuf.append(itr.next());\r\n\t\t\t\t\tif (itr.hasNext()) msgBuf.append(',');\r\n\t\t\t\t}\r\n\t\t\t}","location":{"offset":[7050,309],"column":3,"row":237,"file":"smallsql0.21_src/src/smallsql/junit/TestLanguage.java"},"clone_class":"5e275f52-7073-45d7-8528-9f2941436ac9","pairs":[{"type":2,"id":"e7a0fc7f-a05c-41f0-8b0f-07170f19a342"}],"id":"a6fa6355-25c6-4d47-afb9-37f0a0bb2e5b"},{"src":"|project://smallsql0.21_src/src/smallsql/junit/TestLanguage.java|(7526,399,<251,12>,<259,13>)","metadata":{"length":9,"sloc":8,"mass":43},"fragment":"if (diff.size() > 0) {\r\n                failed = true;\r\n                msgBuf.append(\"\\nAdditional entries for language \").append( OTHER_LANGUAGES[i] ).append(\": \");\r\n                \r\n                for (Iterator itr = diff.iterator(); itr.hasNext(); ) {\r\n                    msgBuf.append(itr.next());\r\n                    if (itr.hasNext()) msgBuf.append(',');\r\n                }\r\n            }","location":{"offset":[7526,399],"column":12,"row":251,"file":"smallsql0.21_src/src/smallsql/junit/TestLanguage.java"},"clone_class":"5e275f52-7073-45d7-8528-9f2941436ac9","pairs":[{"type":2,"id":"a6fa6355-25c6-4d47-afb9-37f0a0bb2e5b"}],"id":"e7a0fc7f-a05c-41f0-8b0f-07170f19a342"}]