[{"src":"|project://smallsql0.21_src/src/smallsql/database/Utils.java|(4960,249,<160,4>,<167,5>)","metadata":{"length":8,"sloc":8,"mass":50},"fragment":"static int bytes2int( byte[] bytes ){\r\n        int result = 0;\r\n        int length = Math.min( 4, bytes.length);\r\n        for(int i=0; i<length; i++){\r\n            result = (result << 8) | (bytes[i] & 0xFF);\r\n        }\r\n        return result;\r\n    }","location":{"offset":[4960,249],"column":4,"row":160,"file":"smallsql0.21_src/src/smallsql/database/Utils.java"},"clone_class":"eb222890-9be5-45a0-bb5a-f54ebca5d2d5","pairs":[{"type":2,"id":"a949049f-d28b-4ea0-adf1-80cca5057cd5"}],"id":"0bbbc51e-6f7b-48c2-82a6-99c4b16c8696"},{"src":"|project://smallsql0.21_src/src/smallsql/database/Utils.java|(4700,252,<151,4>,<158,5>)","metadata":{"length":8,"sloc":8,"mass":50},"fragment":"static long bytes2long( byte[] bytes ){\r\n        long result = 0;\r\n        int length = Math.min( 8, bytes.length);\r\n        for(int i=0; i<length; i++){\r\n            result = (result << 8) | (bytes[i] & 0xFF);\r\n        }\r\n        return result;\r\n    }","location":{"offset":[4700,252],"column":4,"row":151,"file":"smallsql0.21_src/src/smallsql/database/Utils.java"},"clone_class":"eb222890-9be5-45a0-bb5a-f54ebca5d2d5","pairs":[{"type":2,"id":"0bbbc51e-6f7b-48c2-82a6-99c4b16c8696"}],"id":"a949049f-d28b-4ea0-adf1-80cca5057cd5"}]