[{"src":"|project://smallsql0.21_src/src/smallsql/junit/TestScrollable.java|(5406,531,<129,4>,<141,5>)","metadata":{"length":13,"sloc":13,"mass":50},"fragment":"private void testFirstWithWhereAssert(ResultSet rs) throws Exception{\r\n        assertFalse( \"isFirst\", rs.isFirst() );\r\n        assertTrue( rs.isBeforeFirst() );\r\n        assertFalse( \"There should be no rows:\", rs.first());\r\n        assertFalse( \"isFirst\", rs.isFirst() );\r\n        assertTrue( rs.isBeforeFirst() );\r\n        try{\r\n            rs.getString(\"v\");\r\n            fail(\"SQLException 'No current row' should be throw\");\r\n        }catch(SQLException ex){\r\n            assertSQLException(\"01000\", 0, ex);\r\n        }\r\n    }","location":{"offset":[5406,531],"column":4,"row":129,"file":"smallsql0.21_src/src/smallsql/junit/TestScrollable.java"},"clone_class":"1a175dd9-dff5-4341-abf8-75353387a633","pairs":[{"type":3,"id":"4a7082f2-a4f2-433a-a4e8-09798f150523"}],"id":"642b822c-47ee-42f7-a994-ee9340165204"},{"src":"|project://smallsql0.21_src/src/smallsql/junit/TestScrollable.java|(7154,502,<167,4>,<179,5>)","metadata":{"length":13,"sloc":13,"mass":47},"fragment":"private void testPreviousWithWhereAssert(ResultSet rs) throws Exception{\r\n        assertTrue( rs.isBeforeFirst() );\r\n        assertTrue( rs.isAfterLast() );\r\n        rs.afterLast();\r\n        assertTrue( rs.isAfterLast() );\r\n        assertFalse(\"There should be no rows:\", rs.previous());\r\n        try{\r\n            rs.getString(\"v\");\r\n            fail(\"SQLException 'No current row' should be throw\");\r\n        }catch(SQLException ex){\r\n            assertSQLException(\"01000\", 0, ex);\r\n        }\r\n    }","location":{"offset":[7154,502],"column":4,"row":167,"file":"smallsql0.21_src/src/smallsql/junit/TestScrollable.java"},"clone_class":"1a175dd9-dff5-4341-abf8-75353387a633","pairs":[{"type":3,"id":"642b822c-47ee-42f7-a994-ee9340165204"}],"id":"4a7082f2-a4f2-433a-a4e8-09798f150523"}]