[{"src":"|project://smallsql0.21_src/src/smallsql/junit/BenchTest.java|(30540,237,<733,4>,<739,5>)","metadata":{"length":7,"sloc":7,"mass":30},"fragment":"static void dropTestTable(Connection con){\r\n        try{\r\n            Statement st = con.createStatement();\r\n            st.execute(\"drop table \" + tableName);\r\n            st.close();\r\n        }catch(Exception e){/* ignore it */}\r\n    }","location":{"offset":[30540,237],"column":4,"row":733,"file":"smallsql0.21_src/src/smallsql/junit/BenchTest.java"},"clone_class":"a3496a13-e568-48f8-9209-41ff6cbd0544","pairs":[{"type":2,"id":"be20bbd8-6cfe-465a-acdd-bd9341c391a6"}],"id":"140b84e4-d1b6-4474-a4fe-44634c7ffcac"},{"src":"|project://smallsql0.21_src/src/smallsql/junit/BenchTest.java|(30292,240,<725,4>,<731,5>)","metadata":{"length":7,"sloc":7,"mass":30},"fragment":"static void deleteTestTable(Connection con){\r\n        try{\r\n            Statement st = con.createStatement();\r\n            st.execute(\"DELETE FROM \" + tableName);\r\n            st.close();\r\n        }catch(Exception e){/* ignore it */}\r\n    }","location":{"offset":[30292,240],"column":4,"row":725,"file":"smallsql0.21_src/src/smallsql/junit/BenchTest.java"},"clone_class":"a3496a13-e568-48f8-9209-41ff6cbd0544","pairs":[{"type":2,"id":"140b84e4-d1b6-4474-a4fe-44634c7ffcac"}],"id":"be20bbd8-6cfe-465a-acdd-bd9341c391a6"}]