[{"src":"|project://smallsql0.21_src/src/smallsql/database/SSDatabaseMetaData.java|(22433,348,<837,3>,<837,351>)","metadata":{"length":1,"sloc":1,"mass":41},"fragment":"{SQLTokenizer.getKeyWord(SQLTokenizer.LONGVARBINARY),   Utils.getShort(SQLTokenizer.getSQLDataType( SQLTokenizer.LONGVARBINARY) ),   Utils.getInteger(2147483647),\t\"0x\", null, null, \t\t \t\tUtils.getShort(typeNullable), Boolean.FALSE, Utils.getShort(typeSearchable), null, \t\t\tBoolean.FALSE, Boolean.FALSE, null, null, \t\t\t\t null, \t\t\t\t  null, null, null}","location":{"offset":[22433,348],"column":3,"row":837,"file":"smallsql0.21_src/src/smallsql/database/SSDatabaseMetaData.java"},"clone_class":"49cd19f2-dc4c-4eb6-885f-74f96b3ca00f","pairs":[{"type":2,"id":"9c64786e-da2a-4213-8b6c-b7d7b0b86ec6"}],"id":"2f163d4f-9169-45e0-8bb2-afa75421b4e7"},{"src":"|project://smallsql0.21_src/src/smallsql/database/SSDatabaseMetaData.java|(31137,337,<861,3>,<861,340>)","metadata":{"length":1,"sloc":1,"mass":41},"fragment":"{SQLTokenizer.getKeyWord(SQLTokenizer.BLOB),   \t\t Utils.getShort(SQLTokenizer.getSQLDataType( SQLTokenizer.BLOB) ),   \t\t  Utils.getInteger(2147483647),\t\"0x\", null, null, \t\t \t\tUtils.getShort(typeNullable), Boolean.FALSE, Utils.getShort(typeSearchable), null, \t\t\tBoolean.FALSE, Boolean.FALSE, null, null, \t\t\t\t null, \t\t\t\t  null, null, null}","location":{"offset":[31137,337],"column":3,"row":861,"file":"smallsql0.21_src/src/smallsql/database/SSDatabaseMetaData.java"},"clone_class":"49cd19f2-dc4c-4eb6-885f-74f96b3ca00f","pairs":[{"type":2,"id":"2f163d4f-9169-45e0-8bb2-afa75421b4e7"}],"id":"9c64786e-da2a-4213-8b6c-b7d7b0b86ec6"}]