[{"src":"|project://smallsql0.21_src/src/smallsql/database/SSDatabaseMetaData.java|(20932,370,<833,3>,<833,373>)","metadata":{"length":1,"sloc":1,"mass":41},"fragment":"{SQLTokenizer.getKeyWord(SQLTokenizer.UNIQUEIDENTIFIER),Utils.getShort(SQLTokenizer.getSQLDataType( SQLTokenizer.UNIQUEIDENTIFIER)), Utils.getInteger(36),      \t\"'\",  \"'\",  null, \t\t\t\tUtils.getShort(typeNullable), Boolean.FALSE, Utils.getShort(typeSearchable), null,          Boolean.FALSE, Boolean.FALSE, null, null,                null,                null, null, null}","location":{"offset":[20932,370],"column":3,"row":833,"file":"smallsql0.21_src/src/smallsql/database/SSDatabaseMetaData.java"},"clone_class":"ba7876dd-26ab-4c32-9b2e-641ee43aaff6","pairs":[{"type":3,"id":"9c64786e-da2a-4213-8b6c-b7d7b0b86ec6"}],"id":"ffee1fa2-563f-4e63-b39b-9fea260df7cb"},{"src":"|project://smallsql0.21_src/src/smallsql/database/SSDatabaseMetaData.java|(31137,337,<861,3>,<861,340>)","metadata":{"length":1,"sloc":1,"mass":41},"fragment":"{SQLTokenizer.getKeyWord(SQLTokenizer.BLOB),   \t\t Utils.getShort(SQLTokenizer.getSQLDataType( SQLTokenizer.BLOB) ),   \t\t  Utils.getInteger(2147483647),\t\"0x\", null, null, \t\t \t\tUtils.getShort(typeNullable), Boolean.FALSE, Utils.getShort(typeSearchable), null, \t\t\tBoolean.FALSE, Boolean.FALSE, null, null, \t\t\t\t null, \t\t\t\t  null, null, null}","location":{"offset":[31137,337],"column":3,"row":861,"file":"smallsql0.21_src/src/smallsql/database/SSDatabaseMetaData.java"},"clone_class":"ba7876dd-26ab-4c32-9b2e-641ee43aaff6","pairs":[{"type":3,"id":"ffee1fa2-563f-4e63-b39b-9fea260df7cb"}],"id":"9c64786e-da2a-4213-8b6c-b7d7b0b86ec6"}]