[{"src":"|project://smallsql0.21_src/src/smallsql/database/SSResultSet.java|(12577,251,<371,2>,<377,3>)","metadata":{"length":7,"sloc":7,"mass":30},"fragment":"try{\r\n\t\t\tif(st.rsType == ResultSet.TYPE_FORWARD_ONLY) throw SmallSQLException.create(Language.RSET_FWDONLY);\r\n            moveToCurrentRow();\r\n\t\t\treturn getCmd().first();\r\n\t\t}catch(Exception e){\r\n\t\t\tthrow SmallSQLException.createFromException(e);\r\n\t\t}","location":{"offset":[12577,251],"column":2,"row":371,"file":"smallsql0.21_src/src/smallsql/database/SSResultSet.java"},"clone_class":"dcf2d584-5360-4d38-81af-c051594740d6","pairs":[{"type":3,"id":"cc2447a7-3069-4ea2-b086-084545136eee"}],"id":"c525a75e-1bbc-4c6b-a9e0-7725e1feb6c4"},{"src":"|project://smallsql0.21_src/src/smallsql/database/SSResultSet.java|(13556,266,<411,45>,<419,2>)","metadata":{"length":9,"sloc":9,"mass":31},"fragment":"{\r\n\t\ttry{\r\n\t\t\tif(st.rsType == ResultSet.TYPE_FORWARD_ONLY) throw SmallSQLException.create(Language.RSET_FWDONLY);\r\n            moveToCurrentRow();\r\n            getCmd().afterLast();\r\n\t\t}catch(Exception e){\r\n\t\t\tthrow SmallSQLException.createFromException(e);\r\n\t\t}\r\n\t}","location":{"offset":[13556,266],"column":45,"row":411,"file":"smallsql0.21_src/src/smallsql/database/SSResultSet.java"},"clone_class":"dcf2d584-5360-4d38-81af-c051594740d6","pairs":[{"type":3,"id":"c525a75e-1bbc-4c6b-a9e0-7725e1feb6c4"}],"id":"cc2447a7-3069-4ea2-b086-084545136eee"}]