[{"src":"|project://smallsql0.21_src/src/smallsql/junit/TestDBMetaData.java|(8448,267,<183,14>,<183,281>)","metadata":{"length":1,"sloc":1,"mass":56},"fragment":"colTypes = {Types.VARCHAR, Types.NULL, Types.VARCHAR, Types.VARCHAR, Types.SMALLINT, Types.VARCHAR, Types.INTEGER, Types.NULL, Types.INTEGER, Types.INTEGER, Types.INTEGER, Types.NULL, Types.VARCHAR, Types.NULL, Types.NULL, Types.INTEGER, Types.INTEGER, Types.VARCHAR}","location":{"offset":[8448,267],"column":14,"row":183,"file":"smallsql0.21_src/src/smallsql/junit/TestDBMetaData.java"},"clone_class":"57aa9f50-6d74-4466-8819-3bc1cf210f2f","pairs":[{"type":3,"id":"06eef989-d47a-42b8-8ed5-de1f0fe8f90b"}],"id":"d4fca45f-7cc8-4559-97be-7d9bfbc461a1"},{"src":"|project://smallsql0.21_src/src/smallsql/database/SQLParser.java|(80868,458,<2000,48>,<2000,506>)","metadata":{"length":1,"sloc":1,"mass":58},"fragment":"{SQLTokenizer.SQL_TSI_FRAC_SECOND, SQLTokenizer.SQL_TSI_SECOND, SQLTokenizer.SQL_TSI_MINUTE, SQLTokenizer.SQL_TSI_HOUR, SQLTokenizer.SQL_TSI_DAY, SQLTokenizer.SQL_TSI_WEEK, SQLTokenizer.SQL_TSI_MONTH, SQLTokenizer.SQL_TSI_QUARTER, SQLTokenizer.SQL_TSI_YEAR, SQLTokenizer.MILLISECOND, SQLTokenizer.SECOND, SQLTokenizer.MINUTE, SQLTokenizer.HOUR, SQLTokenizer.DAY, SQLTokenizer.WEEK, SQLTokenizer.MONTH, SQLTokenizer.QUARTER, SQLTokenizer.YEAR, SQLTokenizer.D}","location":{"offset":[80868,458],"column":48,"row":2000,"file":"smallsql0.21_src/src/smallsql/database/SQLParser.java"},"clone_class":"57aa9f50-6d74-4466-8819-3bc1cf210f2f","pairs":[{"type":3,"id":"d4fca45f-7cc8-4559-97be-7d9bfbc461a1"}],"id":"06eef989-d47a-42b8-8ed5-de1f0fe8f90b"}]