[{"src":"|project://smallsql0.21_src/src/smallsql/junit/TestOrderBy.java|(5916,667,<198,1>,<223,2>)","metadata":{"length":26,"sloc":22,"mass":102},"fragment":"public void testOrderBy_varchar_desc() throws Exception{\r\n\t\tinit();\r\n\t\tConnection con = AllTests.getConnection();\r\n\t\tStatement st = con.createStatement();\r\n\t\tResultSet rs;\r\n\t\tString oldValue;\r\n\t\t\r\n\t\trs = st.executeQuery(\"SELECT * FROM \" + table1 + \" ORDER  by v desc\");\r\n\t\t\r\n\t\tassertTrue( rs.next() );\r\n\t\toldValue = rs.getString(\"v\");\r\n\t\t\r\n\t\tint count = 1;\r\n\t\twhile(oldValue != null && rs.next()){\r\n\t\t\tString newValue = rs.getString(\"v\");\r\n\t\t\tif(newValue != null){\r\n\t\t\t\tassertTrue( oldValue.compareTo( newValue ) > 0 );\r\n\t\t\t\tcount++;\r\n\t\t\t}\r\n\t\t\toldValue = newValue;\r\n\t\t}\r\n\t\tassertNull(oldValue);\r\n\t\tassertFalse( rs.next() );\r\n\r\n\t\tassertEquals( valueCount, count );\r\n\t}","location":{"offset":[5916,667],"column":1,"row":198,"file":"smallsql0.21_src/src/smallsql/junit/TestOrderBy.java"},"clone_class":"29f07a6d-3e51-4c2a-8a91-6856dfe3d9ab","pairs":[{"type":3,"id":"6ec74890-4e9e-4a17-9e0a-3c5c84dcdf4e"}],"id":"c388e091-53a5-4d8b-8ade-665cc2770030"},{"src":"|project://smallsql0.21_src/src/smallsql/junit/TestOrderBy.java|(11991,630,<440,52>,<464,2>)","metadata":{"length":25,"sloc":22,"mass":104},"fragment":"{\r\n\t\tinit();\r\n\t\tConnection con = AllTests.getConnection();\r\n\t\tStatement st = con.createStatement();\r\n\t\tResultSet rs;\r\n\t\tInteger oldValue;\r\n\t\t\r\n\t\trs = st.executeQuery(\"SELECT * FROM \" + table1 + \" ORDER  by i Desc\");\r\n\t\t\r\n\t\tassertTrue( rs.next() );\r\n\t\toldValue = (Integer)rs.getObject(\"i\");\r\n\t\t\r\n\t\tint count = 1;\r\n\t\twhile(oldValue != null && rs.next()){\r\n\t\t\tInteger newValue = (Integer)rs.getObject(\"i\");\r\n\t\t\tif(newValue != null){\r\n\t\t\t\tassertTrue( oldValue.compareTo( newValue ) > 0 );\r\n\t\t\t\tcount++;\r\n\t\t\t}\r\n\t\t\toldValue = newValue;\r\n\t\t}\r\n\t\tassertNull(oldValue);\r\n\t\tassertFalse( rs.next() );\r\n\t\tassertEquals( valueCount, count );\r\n\t}","location":{"offset":[11991,630],"column":52,"row":440,"file":"smallsql0.21_src/src/smallsql/junit/TestOrderBy.java"},"clone_class":"29f07a6d-3e51-4c2a-8a91-6856dfe3d9ab","pairs":[{"type":3,"id":"c388e091-53a5-4d8b-8ade-665cc2770030"}],"id":"6ec74890-4e9e-4a17-9e0a-3c5c84dcdf4e"}]