[{"src":"|project://smallsql0.21_src/src/smallsql/database/MutableFloat.java|(1326,538,<35,0>,<70,1>)","metadata":{"length":36,"sloc":24,"mass":65},"fragment":"/**\r\n * @author Volker Berlin\r\n *\r\n */\r\nfinal class MutableFloat extends Number implements Mutable{\r\n\r\n\tfloat value;\r\n\t\r\n\tMutableFloat(float value){\r\n\t\tthis.value = value;\r\n\t}\r\n\t\r\n\tpublic double doubleValue() {\r\n\t\treturn value;\r\n\t}\r\n\r\n\tpublic float floatValue() {\r\n\t\treturn value;\r\n\t}\r\n\r\n\tpublic int intValue() {\r\n\t\treturn (int)value;\r\n\t}\r\n\r\n\tpublic long longValue() {\r\n\t\treturn (long)value;\r\n\t}\r\n\r\n\tpublic String toString(){\r\n\t\treturn String.valueOf(value);\r\n\t}\r\n\t\r\n\tpublic Object getImmutableObject(){\r\n\t\treturn new Float(value);\r\n\t}\r\n}","location":{"offset":[1326,538],"column":0,"row":35,"file":"smallsql0.21_src/src/smallsql/database/MutableFloat.java"},"clone_class":"36f97ffd-c296-40fb-8e9b-582b5865304f","pairs":[{"type":3,"id":"3d2359a7-cfac-4dd1-91a9-551761e4b840"}],"id":"55a85e87-d112-4f3b-ad9d-26776c6c27a3"},{"src":"|project://smallsql0.21_src/src/smallsql/database/MutableLong.java|(0,1854,<1,0>,<70,3>)","metadata":{"length":70,"sloc":25,"mass":66},"fragment":"/* =============================================================\r\n * SmallSQL : a free Java DBMS library for the Java(tm) platform\r\n * =============================================================\r\n *\r\n * (C) Copyright 2004-2006, by Volker Berlin.\r\n *\r\n * Project Info:  http://www.smallsql.de/\r\n *\r\n * This library is free software; you can redistribute it and/or modify it \r\n * under the terms of the GNU Lesser General Public License as published by \r\n * the Free Software Foundation; either version 2.1 of the License, or \r\n * (at your option) any later version.\r\n *\r\n * This library is distributed in the hope that it will be useful, but \r\n * WITHOUT ANY WARRANTY; without even the implied warranty of MERCHANTABILITY \r\n * or FITNESS FOR A PARTICULAR PURPOSE. See the GNU Lesser General Public \r\n * License for more details.\r\n *\r\n * You should have received a copy of the GNU Lesser General Public\r\n * License along with this library; if not, write to the Free Software\r\n * Foundation, Inc., 51 Franklin Street, Fifth Floor, Boston, MA  02110-1301, \r\n * USA.  \r\n *\r\n * [Java is a trademark or registered trademark of Sun Microsystems, Inc. \r\n * in the United States and other countries.]\r\n *\r\n * ---------------\r\n * MutableLong.java\r\n * ---------------\r\n * Author: Volker Berlin\r\n * \r\n */\r\npackage smallsql.database;\r\n\r\n/**\r\n * @author Volker Berlin\r\n *\r\n */\r\nfinal class MutableLong extends Number implements Mutable{\r\n\r\n\tlong value;\r\n\t\r\n\tMutableLong(long value){\r\n\t\tthis.value = value;\r\n\t}\r\n\t\r\n\tpublic double doubleValue() {\r\n\t\treturn value;\r\n\t}\r\n\r\n\tpublic float floatValue() {\r\n\t\treturn value;\r\n\t}\r\n\r\n\tpublic int intValue() {\r\n\t\treturn (int)value;\r\n\t}\r\n\r\n\tpublic long longValue() {\r\n\t\treturn value;\r\n\t}\r\n\r\n\tpublic String toString(){\r\n\t\treturn String.valueOf(value);\r\n\t}\r\n\t\r\n\tpublic Object getImmutableObject(){\r\n\t\treturn new Long(value);\r\n\t}\r\n}\r\n","location":{"offset":[0,1854],"column":0,"row":1,"file":"smallsql0.21_src/src/smallsql/database/MutableLong.java"},"clone_class":"36f97ffd-c296-40fb-8e9b-582b5865304f","pairs":[{"type":3,"id":"55a85e87-d112-4f3b-ad9d-26776c6c27a3"}],"id":"3d2359a7-cfac-4dd1-91a9-551761e4b840"}]