[{"src":"|project://smallsql0.21_src/src/smallsql/database/Identity.java|(2295,338,<70,36>,<80,2>)","metadata":{"length":11,"sloc":11,"mass":95},"fragment":"{\r\n\t\tpage[ 0 ] = (byte)(value >> 56);\r\n\t\tpage[ 1 ] = (byte)(value >> 48);\r\n\t\tpage[ 2 ] = (byte)(value >> 40);\r\n\t\tpage[ 3 ] = (byte)(value >> 32);\r\n\t\tpage[ 4 ] = (byte)(value >> 24);\r\n\t\tpage[ 5 ] = (byte)(value >> 16);\r\n\t\tpage[ 6 ] = (byte)(value >> 8);\r\n\t\tpage[ 7 ] = (byte)(value);\r\n\t\treturn new StorePage( page, 8, raFile, filePos);\r\n\t}","location":{"offset":[2295,338],"column":36,"row":70,"file":"smallsql0.21_src/src/smallsql/database/Identity.java"},"clone_class":"eba2daf5-7751-4455-be0b-4f014c179b08","pairs":[{"type":3,"id":"a889a520-b3d6-4081-a3ae-7dd107ad3cc6"}],"id":"fc3092e0-3db1-45cc-bbd9-999d9b58d85b"},{"src":"|project://smallsql0.21_src/src/smallsql/database/Utils.java|(5485,399,<177,42>,<188,5>)","metadata":{"length":12,"sloc":12,"mass":97},"fragment":"{\r\n        byte[] result = new byte[8];\r\n        result[0] = (byte)(value >> 56);\r\n        result[1] = (byte)(value >> 48);\r\n        result[2] = (byte)(value >> 40);\r\n        result[3] = (byte)(value >> 32);\r\n        result[4] = (byte)(value >> 24);\r\n        result[5] = (byte)(value >> 16);\r\n        result[6] = (byte)(value >> 8);\r\n        result[7] = (byte)(value);\r\n        return result;\r\n    }","location":{"offset":[5485,399],"column":42,"row":177,"file":"smallsql0.21_src/src/smallsql/database/Utils.java"},"clone_class":"eba2daf5-7751-4455-be0b-4f014c179b08","pairs":[{"type":3,"id":"fc3092e0-3db1-45cc-bbd9-999d9b58d85b"}],"id":"a889a520-b3d6-4081-a3ae-7dd107ad3cc6"}]