[{"src":"|project://smallsql0.21_src/src/smallsql/database/SQLToken.java|(1666,236,<51,1>,<59,2>)","metadata":{"length":9,"sloc":6,"mass":33},"fragment":"/**\r\n\t * Constructor used for quoted strings \r\n\t */\r\n\tSQLToken (String name, int value, int tokenStart, int tokenEnd){\r\n\t\tthis.value  = value;\r\n\t\tthis.offset = tokenStart;\r\n\t\tthis.length = tokenEnd-tokenStart;\r\n\t\tthis.name   = name;\r\n\t}","location":{"offset":[1666,236],"column":1,"row":51,"file":"smallsql0.21_src/src/smallsql/database/SQLToken.java"},"clone_class":"01fd8c1f-62ff-4887-821d-cc51ad907877","pairs":[{"type":3,"id":"14249cc9-4215-469b-9d6e-7b24acb75302"}],"id":"2b10db96-dead-4bc1-aaf9-14a8eb0da6fe"},{"src":"|project://smallsql0.21_src/src/smallsql/database/Join.java|(1766,199,<52,4>,<57,5>)","metadata":{"length":6,"sloc":6,"mass":33},"fragment":"Join( int type, RowSource left, RowSource right, Expression condition ){\r\n        this.type = type;\r\n        this.condition = condition;\r\n        this.left = left;\r\n        this.right = right;\r\n    }","location":{"offset":[1766,199],"column":4,"row":52,"file":"smallsql0.21_src/src/smallsql/database/Join.java"},"clone_class":"01fd8c1f-62ff-4887-821d-cc51ad907877","pairs":[{"type":3,"id":"2b10db96-dead-4bc1-aaf9-14a8eb0da6fe"}],"id":"14249cc9-4215-469b-9d6e-7b24acb75302"}]