[{"src":"|project://smallsql0.21_src/src/smallsql/junit/TestTransactions.java|(5770,711,<171,5>,<188,3>)","metadata":{"length":18,"sloc":13,"mass":48},"fragment":"{\t\t\t\r\n\t\t\tcon.createStatement().execute(\"Create Table transactions (i int identity, v varchar(20))\");\r\n\t\t\tassertRowCount( 0, \"Select * from transactions\");\r\n\r\n\t\t\tcon.createStatement().execute(\"Insert Into transactions(v) Values('qwert')\");\r\n\t\t\tassertRowCount( 1, \"Select * from transactions\");\r\n\r\n\t\t\tcon.setAutoCommit(false);\r\n\t\t\tcon.createStatement().execute(\"Insert Into transactions(v) Select v From transactions\");\r\n\t\t\tassertRowCount( 2, \"Select * from transactions\");\r\n\r\n\t\t\tcon.createStatement().execute(\"Insert Into transactions(v) (Select v From transactions)\");\r\n\t\t\tassertRowCount( 4, \"Select * from transactions\");\r\n\t\t\t\r\n\t\t\tcon.rollback();\r\n\t\t\tassertRowCount( 1, \"Select * from transactions\");\r\n\t\t\t\r\n\t\t}","location":{"offset":[5770,711],"column":5,"row":171,"file":"smallsql0.21_src/src/smallsql/junit/TestTransactions.java"},"clone_class":"e03c66ff-91c6-4748-be9e-d4281a84ebe0","pairs":[{"type":3,"id":"0473b126-7c7e-417d-94c7-b18055a6c384"}],"id":"ecb8313c-b7bf-4f77-9cd7-98c639913734"},{"src":"|project://smallsql0.21_src/src/smallsql/junit/TestTransactions.java|(2663,704,<81,5>,<98,3>)","metadata":{"length":18,"sloc":13,"mass":48},"fragment":"{\t\t\t\r\n\t\t\tcon.setAutoCommit(false);\r\n\t\t\tcon.createStatement().execute(\"Create Table transactions (i int identity, v varchar(20))\");\r\n\t\t\tassertRowCount( 0, \"Select * from transactions\");\r\n\r\n\t\t\tcon.createStatement().execute(\"Insert Into transactions(v) Values('qwert')\");\r\n\t\t\tassertRowCount( 1, \"Select * from transactions\");\r\n\r\n\t\t\tcon.createStatement().execute(\"Insert Into transactions(v) Select v From transactions\");\r\n\t\t\tassertRowCount( 2, \"Select * from transactions\");\r\n\r\n\t\t\tcon.createStatement().execute(\"Insert Into transactions Select * From transactions\");\r\n\t\t\tassertRowCount( 4, \"Select * from transactions\");\r\n\t\t\t\r\n\t\t\tcon.commit();\r\n\t\t\tassertRowCount( 4, \"Select * from transactions\");\r\n\t\t\t\r\n\t\t}","location":{"offset":[2663,704],"column":5,"row":81,"file":"smallsql0.21_src/src/smallsql/junit/TestTransactions.java"},"clone_class":"e03c66ff-91c6-4748-be9e-d4281a84ebe0","pairs":[{"type":3,"id":"ecb8313c-b7bf-4f77-9cd7-98c639913734"}],"id":"0473b126-7c7e-417d-94c7-b18055a6c384"}]