[{"src":"|project://smallsql0.21_src/src/smallsql/junit/TestScrollable.java|(2921,1045,<76,1>,<94,2>)","metadata":{"length":19,"sloc":17,"mass":74},"fragment":"public void testNextWithWhere() throws Exception{\r\n\t\tConnection con = AllTests.getConnection();\r\n\t\ttry{\t\t\t\r\n\t\t\tcon.createStatement().execute(\"Create Table Scrollable (i counter, v varchar(20))\");\r\n\t\t\tassertRowCount( 0, \"Select * from Scrollable\");\r\n\r\n\t\t\tcon.createStatement().execute(\"Insert Into Scrollable(v) Values('qwert')\");\r\n\t\t\tassertRowCount( 1, \"Select * from Scrollable\");\r\n\t\t\tassertRowCount( 0, \"Select * from Scrollable Where 1=0\");\r\n\r\n            Statement st = con.createStatement(ResultSet.TYPE_SCROLL_SENSITIVE, ResultSet.CONCUR_UPDATABLE);\r\n            testNextWithWhereAssert( st.executeQuery(\"Select * from Scrollable Where 1=0\") );\r\n            testNextWithWhereAssert( st.executeQuery(\"Select * from Scrollable Where 1=0 Order By v\") );\r\n            testNextWithWhereAssert( st.executeQuery(\"Select v from Scrollable Where 1=0 Group By v\") );\r\n            testNextWithWhereAssert( st.executeQuery(\"Select v from Scrollable Where 1=0 Group By v Order By v\") );\r\n\t\t}finally{\r\n            dropTable( con, \"Scrollable\");\r\n\t\t}\r\n\t}","location":{"offset":[2921,1045],"column":1,"row":76,"file":"smallsql0.21_src/src/smallsql/junit/TestScrollable.java"},"clone_class":"10c680fb-b4ce-4939-b781-3a7a54428378","pairs":[{"type":2,"id":"cedc21e0-bcc7-4edc-a8f0-33c3945cd431"},{"type":2,"id":"54d26649-ce6b-43cd-b2b5-ba7bedbec3ab"}],"id":"51d43844-7501-40a0-adf2-4cff5a5fcaab"},{"src":"|project://smallsql0.21_src/src/smallsql/junit/TestScrollable.java|(4338,1050,<108,1>,<126,2>)","metadata":{"length":19,"sloc":17,"mass":74},"fragment":"public void testFirstWithWhere() throws Exception{\r\n\t\tConnection con = AllTests.getConnection();\r\n\t\ttry{\t\t\t\r\n\t\t\tcon.createStatement().execute(\"Create Table Scrollable (i counter, v varchar(20))\");\r\n\t\t\tassertRowCount( 0, \"Select * from Scrollable\");\r\n\r\n\t\t\tcon.createStatement().execute(\"Insert Into Scrollable(v) Values('qwert')\");\r\n\t\t\tassertRowCount( 1, \"Select * from Scrollable\");\r\n\t\t\tassertRowCount( 0, \"Select * from Scrollable Where 1=0\");\r\n\r\n            Statement st = con.createStatement(ResultSet.TYPE_SCROLL_SENSITIVE, ResultSet.CONCUR_UPDATABLE);\r\n            testFirstWithWhereAssert( st.executeQuery(\"Select * from Scrollable Where 1=0\") );\r\n            testFirstWithWhereAssert( st.executeQuery(\"Select * from Scrollable Where 1=0 Order By v\") );\r\n            testFirstWithWhereAssert( st.executeQuery(\"Select v from Scrollable Where 1=0 Group By v\") );\r\n            testFirstWithWhereAssert( st.executeQuery(\"Select v from Scrollable Where 1=0 Group By v Order By v\") );\r\n\t\t}finally{\r\n            dropTable( con, \"Scrollable\");\r\n\t\t}\r\n\t}","location":{"offset":[4338,1050],"column":1,"row":108,"file":"smallsql0.21_src/src/smallsql/junit/TestScrollable.java"},"clone_class":"10c680fb-b4ce-4939-b781-3a7a54428378","pairs":[{"type":2,"id":"51d43844-7501-40a0-adf2-4cff5a5fcaab"},{"type":2,"id":"54d26649-ce6b-43cd-b2b5-ba7bedbec3ab"}],"id":"cedc21e0-bcc7-4edc-a8f0-33c3945cd431"},{"src":"|project://smallsql0.21_src/src/smallsql/junit/TestScrollable.java|(1466,1036,<43,1>,<61,2>)","metadata":{"length":19,"sloc":17,"mass":74},"fragment":"public void testLastWithWhere() throws Exception{\r\n\t\tConnection con = AllTests.getConnection();\r\n\t\ttry{\t\t\t\r\n\t\t\tcon.createStatement().execute(\"Create Table Scrollable (i counter, v varchar(20))\");\r\n\t\t\tassertRowCount( 0, \"Select * from Scrollable\");\r\n\r\n\t\t\tcon.createStatement().execute(\"Insert Into Scrollable(v) Values('qwert')\");\r\n\t\t\tassertRowCount( 1, \"Select * from Scrollable\");\r\n\t\t\tassertRowCount( 0, \"Select * from Scrollable Where 1=0\");\r\n\r\n\t\t\tStatement st = con.createStatement(ResultSet.TYPE_SCROLL_SENSITIVE, ResultSet.CONCUR_UPDATABLE);\r\n            testLastWithWhereAssert( st.executeQuery(\"Select * from Scrollable Where 1=0\") );\r\n            testLastWithWhereAssert( st.executeQuery(\"Select * from Scrollable Where 1=0 Order By v\") );\r\n            testLastWithWhereAssert( st.executeQuery(\"Select v from Scrollable Where 1=0 Order By v\") );\r\n            testLastWithWhereAssert( st.executeQuery(\"Select v from Scrollable Where 1=0 Group By v Order By v\") );\r\n\t\t}finally{\r\n            dropTable( con, \"Scrollable\");\r\n\t\t}\r\n\t}","location":{"offset":[1466,1036],"column":1,"row":43,"file":"smallsql0.21_src/src/smallsql/junit/TestScrollable.java"},"clone_class":"10c680fb-b4ce-4939-b781-3a7a54428378","pairs":[{"type":2,"id":"51d43844-7501-40a0-adf2-4cff5a5fcaab"},{"type":2,"id":"cedc21e0-bcc7-4edc-a8f0-33c3945cd431"}],"id":"54d26649-ce6b-43cd-b2b5-ba7bedbec3ab"}]