[{"src":"|project://smallsql0.21_src/src/smallsql/database/SSDatabaseMetaData.java|(21308,369,<834,3>,<834,372>)","metadata":{"length":1,"sloc":1,"mass":45},"fragment":"{SQLTokenizer.getKeyWord(SQLTokenizer.BIT),             Utils.getShort(SQLTokenizer.getSQLDataType( SQLTokenizer.BIT) ),             Utils.getInteger(1),      \tnull, null, null, \t\t\t\tUtils.getShort(typeNullable), Boolean.FALSE, Utils.getShort(typeSearchable), null,          Boolean.FALSE, Boolean.FALSE, null, Utils.getInteger(0), Utils.getInteger(0), null, null, null}","location":{"offset":[21308,369],"column":3,"row":834,"file":"smallsql0.21_src/src/smallsql/database/SSDatabaseMetaData.java"},"clone_class":"5ff7e387-44d5-4aa1-8258-f7de768e5817","pairs":[{"type":2,"id":"8172f4d4-2576-482d-abcf-faba58dd106b"}],"id":"2f7a283d-1712-4967-ac6b-62735cf4e66a"},{"src":"|project://smallsql0.21_src/src/smallsql/database/SSDatabaseMetaData.java|(29015,369,<855,3>,<855,372>)","metadata":{"length":1,"sloc":1,"mass":45},"fragment":"{SQLTokenizer.getKeyWord(SQLTokenizer.BOOLEAN),         Utils.getShort(SQLTokenizer.getSQLDataType( SQLTokenizer.BOOLEAN) ),         Utils.getInteger(1),      \tnull, null, null, \t\t\t\tUtils.getShort(typeNullable), Boolean.FALSE, Utils.getShort(typeSearchable), null,          Boolean.FALSE, Boolean.FALSE, null, Utils.getInteger(0), Utils.getInteger(0), null, null, null}","location":{"offset":[29015,369],"column":3,"row":855,"file":"smallsql0.21_src/src/smallsql/database/SSDatabaseMetaData.java"},"clone_class":"5ff7e387-44d5-4aa1-8258-f7de768e5817","pairs":[{"type":2,"id":"2f7a283d-1712-4967-ac6b-62735cf4e66a"}],"id":"8172f4d4-2576-482d-abcf-faba58dd106b"}]