[{"src":"|project://smallsql0.21_src/src/smallsql/junit/TestScrollable.java|(1565,933,<45,2>,<60,3>)","metadata":{"length":16,"sloc":14,"mass":62},"fragment":"try{\t\t\t\r\n\t\t\tcon.createStatement().execute(\"Create Table Scrollable (i counter, v varchar(20))\");\r\n\t\t\tassertRowCount( 0, \"Select * from Scrollable\");\r\n\r\n\t\t\tcon.createStatement().execute(\"Insert Into Scrollable(v) Values('qwert')\");\r\n\t\t\tassertRowCount( 1, \"Select * from Scrollable\");\r\n\t\t\tassertRowCount( 0, \"Select * from Scrollable Where 1=0\");\r\n\r\n\t\t\tStatement st = con.createStatement(ResultSet.TYPE_SCROLL_SENSITIVE, ResultSet.CONCUR_UPDATABLE);\r\n            testLastWithWhereAssert( st.executeQuery(\"Select * from Scrollable Where 1=0\") );\r\n            testLastWithWhereAssert( st.executeQuery(\"Select * from Scrollable Where 1=0 Order By v\") );\r\n            testLastWithWhereAssert( st.executeQuery(\"Select v from Scrollable Where 1=0 Order By v\") );\r\n            testLastWithWhereAssert( st.executeQuery(\"Select v from Scrollable Where 1=0 Group By v Order By v\") );\r\n\t\t}finally{\r\n            dropTable( con, \"Scrollable\");\r\n\t\t}","location":{"offset":[1565,933],"column":2,"row":45,"file":"smallsql0.21_src/src/smallsql/junit/TestScrollable.java"},"clone_class":"0219d06b-6eb6-4802-a43e-90ce9acda5e3","pairs":[{"type":3,"id":"f72baea8-285c-428d-ae91-05b06929eeb6"}],"id":"5b56ed7d-aac1-44c3-878b-1414da04c34c"},{"src":"|project://smallsql0.21_src/src/smallsql/junit/TestScrollable.java|(6050,1025,<146,5>,<161,3>)","metadata":{"length":16,"sloc":13,"mass":61},"fragment":"{\t\t\t\r\n\t\t\tcon.createStatement().execute(\"Create Table Scrollable (i counter, v varchar(20))\");\r\n\t\t\tassertRowCount( 0, \"Select * from Scrollable\");\r\n\r\n\t\t\tcon.createStatement().execute(\"Insert Into Scrollable(v) Values('qwert')\");\r\n\t\t\tassertRowCount( 1, \"Select * from Scrollable\");\r\n\t\t\tassertRowCount( 0, \"Select * from Scrollable Where 1=0\");\r\n\r\n            Statement st = con.createStatement(ResultSet.TYPE_SCROLL_SENSITIVE, ResultSet.CONCUR_UPDATABLE);\r\n            testPreviousWithWhereAssert( st.executeQuery(\"Select * from Scrollable Where 1=0\") );\r\n            testPreviousWithWhereAssert( st.executeQuery(\"Select * from Scrollable Where 1=0 Order By v\") );\r\n            testPreviousWithWhereAssert( st.executeQuery(\"Select v from Scrollable Where 1=0 Group By v\") );\r\n            testPreviousWithWhereAssert( st.executeQuery(\"Select v from Scrollable Where 1=0 Group By v Order By v\") );\r\n            testPreviousWithWhereAssert( st.executeQuery(\"Select v from Scrollable Group By v Having 1=0 Order By v\") );\r\n\t\t\t\r\n\t\t}","location":{"offset":[6050,1025],"column":5,"row":146,"file":"smallsql0.21_src/src/smallsql/junit/TestScrollable.java"},"clone_class":"0219d06b-6eb6-4802-a43e-90ce9acda5e3","pairs":[{"type":3,"id":"5b56ed7d-aac1-44c3-878b-1414da04c34c"}],"id":"f72baea8-285c-428d-ae91-05b06929eeb6"}]