[{"src":"|project://smallsql0.21_src/src/smallsql/junit/TestOrderBy.java|(5916,667,<198,1>,<223,2>)","metadata":{"length":26,"sloc":22,"mass":102},"fragment":"public void testOrderBy_varchar_desc() throws Exception{\r\n\t\tinit();\r\n\t\tConnection con = AllTests.getConnection();\r\n\t\tStatement st = con.createStatement();\r\n\t\tResultSet rs;\r\n\t\tString oldValue;\r\n\t\t\r\n\t\trs = st.executeQuery(\"SELECT * FROM \" + table1 + \" ORDER  by v desc\");\r\n\t\t\r\n\t\tassertTrue( rs.next() );\r\n\t\toldValue = rs.getString(\"v\");\r\n\t\t\r\n\t\tint count = 1;\r\n\t\twhile(oldValue != null && rs.next()){\r\n\t\t\tString newValue = rs.getString(\"v\");\r\n\t\t\tif(newValue != null){\r\n\t\t\t\tassertTrue( oldValue.compareTo( newValue ) > 0 );\r\n\t\t\t\tcount++;\r\n\t\t\t}\r\n\t\t\toldValue = newValue;\r\n\t\t}\r\n\t\tassertNull(oldValue);\r\n\t\tassertFalse( rs.next() );\r\n\r\n\t\tassertEquals( valueCount, count );\r\n\t}","location":{"offset":[5916,667],"column":1,"row":198,"file":"smallsql0.21_src/src/smallsql/junit/TestOrderBy.java"},"clone_class":"22f965c0-fc3c-40ab-8699-8ac647e9e5e7","pairs":[{"type":2,"id":"81404731-69ac-4373-a412-507cb0cbd71b"}],"id":"c388e091-53a5-4d8b-8ade-665cc2770030"},{"src":"|project://smallsql0.21_src/src/smallsql/junit/TestOrderBy.java|(6592,677,<226,1>,<251,2>)","metadata":{"length":26,"sloc":22,"mass":102},"fragment":"public void testOrderBy_varchar_DescAsc() throws Exception{\r\n\t\tinit();\r\n\t\tConnection con = AllTests.getConnection();\r\n\t\tStatement st = con.createStatement();\r\n\t\tResultSet rs;\r\n\t\tString oldValue;\r\n\t\t\r\n\t\trs = st.executeQuery(\"SELECT * FROM \" + table1 + \" ORDER  by v desc, i asc\");\r\n\t\t\r\n\t\tassertTrue( rs.next() );\r\n\t\toldValue = rs.getString(\"v\");\r\n\t\t\r\n\t\tint count = 1;\r\n\t\twhile(oldValue != null && rs.next()){\r\n\t\t\tString newValue = rs.getString(\"v\");\r\n\t\t\tif(newValue != null){\r\n\t\t\t\tassertTrue( oldValue.compareTo( newValue ) > 0 );\r\n\t\t\t\tcount++;\r\n\t\t\t}\r\n\t\t\toldValue = newValue;\r\n\t\t}\r\n\t\tassertNull(oldValue);\r\n\t\tassertFalse( rs.next() );\r\n\r\n\t\tassertEquals( valueCount, count );\r\n\t}","location":{"offset":[6592,677],"column":1,"row":226,"file":"smallsql0.21_src/src/smallsql/junit/TestOrderBy.java"},"clone_class":"22f965c0-fc3c-40ab-8699-8ac647e9e5e7","pairs":[{"type":2,"id":"c388e091-53a5-4d8b-8ade-665cc2770030"}],"id":"81404731-69ac-4373-a412-507cb0cbd71b"}]