[{"src":"|project://smallsql0.21_src/src/smallsql/database/SQLToken.java|(1666,236,<51,1>,<59,2>)","metadata":{"length":9,"sloc":6,"mass":33},"fragment":"/**\r\n\t * Constructor used for quoted strings \r\n\t */\r\n\tSQLToken (String name, int value, int tokenStart, int tokenEnd){\r\n\t\tthis.value  = value;\r\n\t\tthis.offset = tokenStart;\r\n\t\tthis.length = tokenEnd-tokenStart;\r\n\t\tthis.name   = name;\r\n\t}","location":{"offset":[1666,236],"column":1,"row":51,"file":"smallsql0.21_src/src/smallsql/database/SQLToken.java"},"clone_class":"cd9ffce0-d871-410a-b4f9-bf5c8cdb342f","pairs":[{"type":3,"id":"14249cc9-4215-469b-9d6e-7b24acb75302"},{"type":3,"id":"4f7cd6d0-d0b5-48c6-be6e-8426128ffe79"}],"id":"2b10db96-dead-4bc1-aaf9-14a8eb0da6fe"},{"src":"|project://smallsql0.21_src/src/smallsql/database/Join.java|(1766,199,<52,4>,<57,5>)","metadata":{"length":6,"sloc":6,"mass":33},"fragment":"Join( int type, RowSource left, RowSource right, Expression condition ){\r\n        this.type = type;\r\n        this.condition = condition;\r\n        this.left = left;\r\n        this.right = right;\r\n    }","location":{"offset":[1766,199],"column":4,"row":52,"file":"smallsql0.21_src/src/smallsql/database/Join.java"},"clone_class":"cd9ffce0-d871-410a-b4f9-bf5c8cdb342f","pairs":[{"type":3,"id":"2b10db96-dead-4bc1-aaf9-14a8eb0da6fe"},{"type":3,"id":"4f7cd6d0-d0b5-48c6-be6e-8426128ffe79"}],"id":"14249cc9-4215-469b-9d6e-7b24acb75302"},{"src":"|project://smallsql0.21_src/src/smallsql/database/StoreImpl.java|(3370,201,<85,4>,<90,5>)","metadata":{"length":6,"sloc":6,"mass":33},"fragment":"private StoreImpl( Table table, StorePage storePage, int type, long filePos ){\r\n\t\tthis.table     = table;\r\n\t\tthis.storePage    = storePage;\r\n\t\tthis.filePos   = filePos;\r\n\t\tthis.type      = type;\r\n    }","location":{"offset":[3370,201],"column":4,"row":85,"file":"smallsql0.21_src/src/smallsql/database/StoreImpl.java"},"clone_class":"cd9ffce0-d871-410a-b4f9-bf5c8cdb342f","pairs":[{"type":3,"id":"2b10db96-dead-4bc1-aaf9-14a8eb0da6fe"},{"type":3,"id":"14249cc9-4215-469b-9d6e-7b24acb75302"}],"id":"4f7cd6d0-d0b5-48c6-be6e-8426128ffe79"}]