[{"src":"|project://smallsql0.21_src/src/smallsql/database/Index.java|(14315,322,<418,3>,<431,4>)","metadata":{"length":14,"sloc":14,"mass":39},"fragment":"if(node.isEmpty()){\r\n\t\t\t\tif(isLast){\r\n\t\t\t\t\tnode.addRemainderKey( rowOffset, key, i );\r\n\t\t\t\t\treturn null;\r\n\t\t\t\t}\r\n\t\t\t\treturn node.addRootValue( key, i );\r\n\t\t\t}else\r\n\t\t\tif(equals(node.getRemainderValue(), key, i)){\r\n\t\t\t\tif(isLast){\r\n\t\t\t\t\tnode.saveValue(rowOffset);\r\n\t\t\t\t\treturn null;\r\n\t\t\t\t}\r\n\t\t\t\treturn node.addRoot();\r\n\t\t\t}","location":{"offset":[14315,322],"column":3,"row":418,"file":"smallsql0.21_src/src/smallsql/database/Index.java"},"clone_class":"68b6aa03-f392-482f-b67d-b8781210a325","pairs":[{"type":2,"id":"c5fe22d7-39c0-461f-8732-e5b1b269baf7"}],"id":"6efe5d7d-3dc6-4958-9927-019383b02697"},{"src":"|project://smallsql0.21_src/src/smallsql/database/Index.java|(12875,332,<359,3>,<372,4>)","metadata":{"length":14,"sloc":14,"mass":39},"fragment":"if(node.isEmpty()){\r\n\t\t\t\tif(isLastValue){\r\n\t\t\t\t\tnode.addRemainderKey( rowOffset, key, i );\r\n\t\t\t\t\treturn null;\r\n\t\t\t\t}\r\n\t\t\t\treturn node.addRootValue( key, i);\r\n\t\t\t}else\r\n\t\t\tif(equals(node.getRemainderValue(), key, i)){\r\n\t\t\t\tif(isLastValue){\r\n\t\t\t\t\tnode.saveValue( rowOffset);\r\n\t\t\t\t\treturn null;\r\n\t\t\t\t}\r\n\t\t\t\treturn node.addRoot();\r\n\t\t\t}","location":{"offset":[12875,332],"column":3,"row":359,"file":"smallsql0.21_src/src/smallsql/database/Index.java"},"clone_class":"68b6aa03-f392-482f-b67d-b8781210a325","pairs":[{"type":2,"id":"6efe5d7d-3dc6-4958-9927-019383b02697"}],"id":"c5fe22d7-39c0-461f-8732-e5b1b269baf7"}]