[{"src":"|project://smallsql0.21_src/src/smallsql/database/MemoryStream.java|(3595,173,<129,14>,<134,2>)","metadata":{"length":6,"sloc":6,"mass":42},"fragment":"{\r\n\t\treturn ((puffer[ offset++ ] & 0xFF) << 24)\r\n\t\t\t | ((puffer[ offset++ ] & 0xFF) << 16)\r\n\t\t\t | ((puffer[ offset++ ] & 0xFF) << 8)\r\n\t\t\t |  (puffer[ offset++ ] & 0xFF);\r\n\t}","location":{"offset":[3595,173],"column":14,"row":129,"file":"smallsql0.21_src/src/smallsql/database/MemoryStream.java"},"clone_class":"30b27c77-ec85-4f22-a7d8-b88173e35e33","pairs":[{"type":3,"id":"c99bf309-3c22-41ec-b661-78bde231c043"},{"type":3,"id":"c1ef27b0-bfa1-4ffe-9018-06de8029d7a0"},{"type":3,"id":"8176ca2e-5b5e-4067-a22e-97e69a2abe0e"}],"id":"7e6de82a-5e56-4a30-a84b-70786a9a9b17"},{"src":"|project://smallsql0.21_src/src/smallsql/database/StoreImpl.java|(13641,187,<382,8>,<385,44>)","metadata":{"length":4,"sloc":4,"mass":40},"fragment":"return  ((page[ offset++ ]) << 24) |\r\n                ((page[ offset++ ] & 0xFF) << 16) |\r\n                ((page[ offset++ ] & 0xFF) << 8) |\r\n                ((page[ offset++ ] & 0xFF));","location":{"offset":[13641,187],"column":8,"row":382,"file":"smallsql0.21_src/src/smallsql/database/StoreImpl.java"},"clone_class":"30b27c77-ec85-4f22-a7d8-b88173e35e33","pairs":[{"type":3,"id":"c99bf309-3c22-41ec-b661-78bde231c043"},{"type":3,"id":"7e6de82a-5e56-4a30-a84b-70786a9a9b17"},{"type":3,"id":"8176ca2e-5b5e-4067-a22e-97e69a2abe0e"}],"id":"c1ef27b0-bfa1-4ffe-9018-06de8029d7a0"}]