[{"src":"|project://smallsql0.21_src/src/smallsql/junit/TestGroupBy.java|(5357,494,<168,1>,<179,2>)","metadata":{"length":12,"sloc":12,"mass":77},"fragment":"public void testComplex() throws Exception{\r\n\t\tinit();\r\n\t\tConnection con = AllTests.getConnection();\r\n\t\tPreparedStatement pr = con.prepareStatement(\"Select abs(sum(abs(3-id))+2) FROM \" + table1 + \" Group By name+'a' Order By 'b'+(Name+'a')\");\r\n\t\tfor(int i=1; i<=3; i++){\r\n\t\t\tResultSet rs = pr.executeQuery( );\r\n\t\t\tassertTrue  ( \"loop:\"+i, rs.next());\r\n\t\t\tassertEquals( \"loop:\"+i, 5, rs.getInt(1));\r\n\t\t\tassertTrue  ( \"loop:\"+i, rs.next());\r\n\t\t\tassertEquals( \"loop:\"+i, 4, rs.getInt(1));\r\n\t\t}\r\n\t}","location":{"offset":[5357,494],"column":1,"row":168,"file":"smallsql0.21_src/src/smallsql/junit/TestGroupBy.java"},"clone_class":"dc5502fa-2bd9-482f-8f1c-e2e6dc5e218e","pairs":[{"type":2,"id":"289a6f0c-0e2d-47e0-abca-4effbecf8df1"}],"id":"45e3ea2e-1970-4e84-b093-1e6eb89f87cb"},{"src":"|project://smallsql0.21_src/src/smallsql/junit/TestGroupBy.java|(4248,477,<141,1>,<152,2>)","metadata":{"length":12,"sloc":12,"mass":77},"fragment":"public void testCountOrderBy() throws Exception{\r\n\t\tinit();\r\n\t\tConnection con = AllTests.getConnection();\r\n\t\tPreparedStatement pr = con.prepareStatement(\"Select count(*) FROM \" + table1 + \" Group By name Order By name DESC\");\r\n\t\tfor(int i=1; i<=3; i++){\r\n\t\t\tResultSet rs = pr.executeQuery( );\r\n\t\t\tassertTrue  ( \"loop:\"+i, rs.next());\r\n\t\t\tassertEquals( \"loop:\"+i, 1, rs.getInt(1));\r\n\t\t\tassertTrue  ( \"loop:\"+i, rs.next());\r\n\t\t\tassertEquals( \"loop:\"+i, 3, rs.getInt(1));\r\n\t\t}\r\n\t}","location":{"offset":[4248,477],"column":1,"row":141,"file":"smallsql0.21_src/src/smallsql/junit/TestGroupBy.java"},"clone_class":"dc5502fa-2bd9-482f-8f1c-e2e6dc5e218e","pairs":[{"type":2,"id":"45e3ea2e-1970-4e84-b093-1e6eb89f87cb"}],"id":"289a6f0c-0e2d-47e0-abca-4effbecf8df1"}]