[{"src":"|project://smallsql0.21_src/src/smallsql/database/Index.java|(4689,295,<126,38>,<134,9>)","metadata":{"length":9,"sloc":9,"mass":34},"fragment":"{\r\n            page = findRows(page, expressions[i], searchNullValues, nodeList);\r\n            if(page == null)\r\n                return null;\r\n            if(i + 1 == count)\r\n                return page.getValue();\r\n            else\r\n                page = (IndexNode)page.getValue();\r\n        }","location":{"offset":[4689,295],"column":38,"row":126,"file":"smallsql0.21_src/src/smallsql/database/Index.java"},"clone_class":"90c683e5-fc0a-4b68-b533-3fb0f6c35c40","pairs":[{"type":3,"id":"e1873803-9815-448e-9e72-4a2290854013"}],"id":"9c86cc48-b75c-4135-b8f2-cc27e5febebf"},{"src":"|project://smallsql0.21_src/src/smallsql/database/Index.java|(3658,299,<99,38>,<107,9>)","metadata":{"length":9,"sloc":9,"mass":34},"fragment":"{\r\n            page = findRows(page, expressions.get(i), searchNullValues, nodeList);\r\n            if(page == null)\r\n                return null;\r\n            if(i + 1 == count)\r\n                return page.getValue();\r\n            else\r\n                page = (IndexNode)page.getValue();\r\n        }","location":{"offset":[3658,299],"column":38,"row":99,"file":"smallsql0.21_src/src/smallsql/database/Index.java"},"clone_class":"90c683e5-fc0a-4b68-b533-3fb0f6c35c40","pairs":[{"type":3,"id":"9c86cc48-b75c-4135-b8f2-cc27e5febebf"}],"id":"e1873803-9815-448e-9e72-4a2290854013"}]