[{"src":"|project://smallsql0.21_src/src/smallsql/junit/TestTransactions.java|(5584,1061,<166,1>,<194,2>)","metadata":{"length":29,"sloc":21,"mass":81},"fragment":"/**\r\n\t * In the table there is already one row that is commited.\r\n\t */\r\n\tpublic void testRollbackWithOneCommitRow() throws Exception{\r\n\t\tConnection con = AllTests.getConnection();\r\n\t\ttry{\t\t\t\r\n\t\t\tcon.createStatement().execute(\"Create Table transactions (i int identity, v varchar(20))\");\r\n\t\t\tassertRowCount( 0, \"Select * from transactions\");\r\n\r\n\t\t\tcon.createStatement().execute(\"Insert Into transactions(v) Values('qwert')\");\r\n\t\t\tassertRowCount( 1, \"Select * from transactions\");\r\n\r\n\t\t\tcon.setAutoCommit(false);\r\n\t\t\tcon.createStatement().execute(\"Insert Into transactions(v) Select v From transactions\");\r\n\t\t\tassertRowCount( 2, \"Select * from transactions\");\r\n\r\n\t\t\tcon.createStatement().execute(\"Insert Into transactions(v) (Select v From transactions)\");\r\n\t\t\tassertRowCount( 4, \"Select * from transactions\");\r\n\t\t\t\r\n\t\t\tcon.rollback();\r\n\t\t\tassertRowCount( 1, \"Select * from transactions\");\r\n\t\t\t\r\n\t\t}finally{\r\n\t\t\ttry{\r\n\t\t\t\tcon.createStatement().execute(\"Drop Table transactions\");\r\n\t\t\t}catch(Throwable e){e.printStackTrace();}\r\n\t\t\tcon.setAutoCommit(true);\r\n\t\t}\r\n\t}","location":{"offset":[5584,1061],"column":1,"row":166,"file":"smallsql0.21_src/src/smallsql/junit/TestTransactions.java"},"clone_class":"b7b33c41-aca2-48ec-bb40-6ae0a82427c1","pairs":[{"type":3,"id":"544f4bec-d62a-4247-9373-406c95fba601"}],"id":"ebaf1f0a-f804-4c80-9aad-cee2d9208ef1"},{"src":"|project://smallsql0.21_src/src/smallsql/junit/TestTransactions.java|(2568,963,<79,1>,<104,2>)","metadata":{"length":26,"sloc":21,"mass":81},"fragment":"public void testCommit() throws Exception{\r\n\t\tConnection con = AllTests.getConnection();\r\n\t\ttry{\t\t\t\r\n\t\t\tcon.setAutoCommit(false);\r\n\t\t\tcon.createStatement().execute(\"Create Table transactions (i int identity, v varchar(20))\");\r\n\t\t\tassertRowCount( 0, \"Select * from transactions\");\r\n\r\n\t\t\tcon.createStatement().execute(\"Insert Into transactions(v) Values('qwert')\");\r\n\t\t\tassertRowCount( 1, \"Select * from transactions\");\r\n\r\n\t\t\tcon.createStatement().execute(\"Insert Into transactions(v) Select v From transactions\");\r\n\t\t\tassertRowCount( 2, \"Select * from transactions\");\r\n\r\n\t\t\tcon.createStatement().execute(\"Insert Into transactions Select * From transactions\");\r\n\t\t\tassertRowCount( 4, \"Select * from transactions\");\r\n\t\t\t\r\n\t\t\tcon.commit();\r\n\t\t\tassertRowCount( 4, \"Select * from transactions\");\r\n\t\t\t\r\n\t\t}finally{\r\n\t\t\ttry{\r\n\t\t\t\tcon.createStatement().execute(\"Drop Table transactions\");\r\n\t\t\t}catch(Throwable e){e.printStackTrace();}\r\n\t\t\tcon.setAutoCommit(true);\r\n\t\t}\r\n\t}","location":{"offset":[2568,963],"column":1,"row":79,"file":"smallsql0.21_src/src/smallsql/junit/TestTransactions.java"},"clone_class":"b7b33c41-aca2-48ec-bb40-6ae0a82427c1","pairs":[{"type":3,"id":"ebaf1f0a-f804-4c80-9aad-cee2d9208ef1"}],"id":"544f4bec-d62a-4247-9373-406c95fba601"}]