[{"src":"|project://smallsql0.21_src/src/smallsql/junit/TestJoins.java|(10437,251,<204,4>,<210,5>)","metadata":{"length":7,"sloc":7,"mass":43},"fragment":"private static TestValue a(String dataType, Object small, Object large){\r\n        TestValue value = new TestValue();\r\n        value.dataType  = dataType;\r\n        value.small     = small;\r\n        value.large     = large;\r\n        return value;\r\n    }","location":{"offset":[10437,251],"column":4,"row":204,"file":"smallsql0.21_src/src/smallsql/junit/TestJoins.java"},"clone_class":"aa45023a-5863-4210-9104-176108d32f7e","pairs":[{"type":1,"id":"1ad4a7d8-80dc-4281-a8bb-3e08b3a4f02e"}],"id":"90e0565b-6047-404d-88a5-526904367e20"},{"src":"|project://smallsql0.21_src/src/smallsql/junit/TestOperatoren.java|(11745,251,<267,4>,<273,5>)","metadata":{"length":7,"sloc":7,"mass":43},"fragment":"private static TestValue a(String dataType, Object small, Object large){\r\n        TestValue value = new TestValue();\r\n        value.dataType  = dataType;\r\n        value.small     = small;\r\n        value.large     = large;\r\n        return value;\r\n    }","location":{"offset":[11745,251],"column":4,"row":267,"file":"smallsql0.21_src/src/smallsql/junit/TestOperatoren.java"},"clone_class":"aa45023a-5863-4210-9104-176108d32f7e","pairs":[{"type":1,"id":"90e0565b-6047-404d-88a5-526904367e20"}],"id":"1ad4a7d8-80dc-4281-a8bb-3e08b3a4f02e"}]