[{"src":"|project://smallsql0.21_src/src/smallsql/junit/TestTransactions.java|(15641,778,<427,1>,<446,2>)","metadata":{"length":20,"sloc":18,"mass":76},"fragment":"public void testReadCommited() throws Exception{\r\n\t\tConnection con1 = AllTests.getConnection();\r\n\t\tConnection con2 = AllTests.createConnection();\r\n\t\ttry{\t\t\r\n\t\t\tcon2.setTransactionIsolation( Connection.TRANSACTION_READ_COMMITTED );\r\n\t\t\tcon1.createStatement().execute(\"Create Table transactions (i int identity, v varchar(20))\");\r\n\t\t\tassertRowCount( 0, \"Select * from transactions\");\r\n\r\n\t\t\tcon1.setAutoCommit(false);\r\n\t\t\tcon1.createStatement().execute(\"Insert Into transactions(v) Values('qwert2')\");\r\n\r\n\t\t\tResultSet rs2 = con2.createStatement().executeQuery(\"Select count(*) from transactions\");\r\n\t\t\tassertTrue( rs2.next() );\r\n\t\t\tassertEquals( 0, rs2.getInt(1) );\r\n\t\t}finally{\r\n            dropTable(con1, \"transactions\");\r\n\t\t\tcon1.setAutoCommit(true);\r\n\t\t\tcon2.close();\r\n\t\t}\r\n\t}","location":{"offset":[15641,778],"column":1,"row":427,"file":"smallsql0.21_src/src/smallsql/junit/TestTransactions.java"},"clone_class":"2fc016f9-be3f-4529-b17e-3afeb7360234","pairs":[{"type":2,"id":"ee1b866d-8f6f-47b0-a1cd-c2bd9dfc4ce6"}],"id":"3fd9f81a-e2e8-4312-865a-ab5ffedc3ae3"},{"src":"|project://smallsql0.21_src/src/smallsql/junit/TestTransactions.java|(14857,776,<405,1>,<424,2>)","metadata":{"length":20,"sloc":18,"mass":76},"fragment":"public void testReadUncommited() throws Exception{\r\n\t\tConnection con1 = AllTests.getConnection();\r\n\t\tConnection con2 = AllTests.createConnection();\r\n\t\ttry{\t\t\r\n\t\t\tcon2.setTransactionIsolation( Connection.TRANSACTION_READ_UNCOMMITTED );\r\n\t\t\tcon1.createStatement().execute(\"Create Table transactions (i int identity, v varchar(20))\");\r\n\t\t\tassertRowCount( 0, \"Select * from transactions\");\r\n\r\n\t\t\tcon1.setAutoCommit(false);\r\n\t\t\tcon1.createStatement().execute(\"Insert Into transactions(v) Values('qwert2')\");\r\n\r\n\t\t\tResultSet rs2 = con2.createStatement().executeQuery(\"Select count(*) from transactions\");\r\n\t\t\tassertTrue( rs2.next() );\r\n\t\t\tassertEquals( 1, rs2.getInt(1) );\r\n\t\t}finally{\r\n\t\t    dropTable(con1, \"transactions\");\r\n\t\t\tcon1.setAutoCommit(true);\r\n\t\t\tcon2.close();\r\n\t\t}\r\n\t}","location":{"offset":[14857,776],"column":1,"row":405,"file":"smallsql0.21_src/src/smallsql/junit/TestTransactions.java"},"clone_class":"2fc016f9-be3f-4529-b17e-3afeb7360234","pairs":[{"type":2,"id":"3fd9f81a-e2e8-4312-865a-ab5ffedc3ae3"}],"id":"ee1b866d-8f6f-47b0-a1cd-c2bd9dfc4ce6"}]