[{"src":"|project://smallsql0.21_src/src/smallsql/junit/TestOrderBy.java|(9228,601,<329,47>,<352,2>)","metadata":{"length":24,"sloc":20,"mass":103},"fragment":"{\r\n\t\tinit();\r\n\t\tConnection con = AllTests.getConnection();\r\n\t\tStatement st = con.createStatement();\r\n\t\tResultSet rs;\r\n\t\tInteger oldValue;\r\n\t\t\r\n\t\trs = st.executeQuery(\"SELECT * FROM \" + table1 + \" ORDER  by i\");\r\n\t\t\r\n\t\tassertTrue( rs.next() );\r\n\t\t\r\n\t\toldValue = (Integer)rs.getObject(\"i\");\r\n\t\tassertNull(oldValue);\r\n\t\tassertTrue( rs.next() );\r\n\t\toldValue = (Integer)rs.getObject(\"i\");\r\n\t\t\r\n\t\tint count = 1;\r\n\t\twhile(rs.next()){\r\n\t\t\tassertTrue( oldValue.compareTo( (Integer)rs.getObject(\"i\") ) < 0 );\r\n\t\t\toldValue = (Integer)rs.getObject(\"i\");\r\n\t\t\tcount++;\r\n\t\t}\r\n\t\tassertEquals( valueCount, count );\r\n\t}","location":{"offset":[9228,601],"column":47,"row":329,"file":"smallsql0.21_src/src/smallsql/junit/TestOrderBy.java"},"clone_class":"19cbf518-9f9b-468d-bb20-939ffd89b070","pairs":[{"type":3,"id":"52492471-7540-4a21-acb0-9425f8e3eb41"}],"id":"61047b04-5c71-4b9f-aab8-e5e77446d238"},{"src":"|project://smallsql0.21_src/src/smallsql/junit/TestOrderBy.java|(14632,650,<545,64>,<569,2>)","metadata":{"length":25,"sloc":21,"mass":109},"fragment":"{\r\n\t\tinit();\r\n\t\tConnection con = AllTests.getConnection();\r\n\t\tStatement st = con.createStatement();\r\n\t\tResultSet rs;\r\n\t\tLong oldValue;\r\n\t\t\r\n\t\trs = st.executeQuery(\"SELECT bi/2 bi_2 FROM \" + table1 + \" ORDER  by (bi/2)\");\r\n\t\t\r\n\t\tassertTrue( rs.next() );\r\n\t\t\r\n\t\toldValue = (Long)rs.getObject(\"bi_2\");\r\n\t\tassertNull(oldValue);\r\n\t\tassertTrue( rs.next() );\r\n\t\toldValue = (Long)rs.getObject(\"bi_2\");\r\n\t\t\r\n\t\tint count = 1;\r\n\t\twhile(rs.next()){\r\n\t\t\tLong newValue = (Long)rs.getObject(\"bi_2\");\r\n\t\t\tassertTrue( oldValue + \"<=\"+newValue, oldValue.compareTo( newValue ) <= 0 );\r\n\t\t\toldValue = newValue;\r\n\t\t\tcount++;\r\n\t\t}\r\n\t\tassertEquals( valueCount, count );\r\n\t}","location":{"offset":[14632,650],"column":64,"row":545,"file":"smallsql0.21_src/src/smallsql/junit/TestOrderBy.java"},"clone_class":"19cbf518-9f9b-468d-bb20-939ffd89b070","pairs":[{"type":3,"id":"61047b04-5c71-4b9f-aab8-e5e77446d238"}],"id":"52492471-7540-4a21-acb0-9425f8e3eb41"}]