[{"src":"|project://smallsql0.21_src/src/smallsql/junit/TestOrderBy.java|(19244,808,<729,1>,<757,2>)","metadata":{"length":29,"sloc":23,"mass":108},"fragment":"public void testOrderBy_ScollableDesc() throws Exception{\r\n\t\tinit();\r\n\t\tConnection con = AllTests.getConnection();\r\n\t\tStatement st = con.createStatement(ResultSet.TYPE_SCROLL_SENSITIVE, ResultSet.CONCUR_UPDATABLE);\r\n\t\tResultSet rs;\r\n\t\tint count;\r\n\t\t\r\n\t\trs = st.executeQuery(\"SELECT * FROM \" + table1 + \" ORDER  by i desc, d\");\r\n\t\t\r\n\t\t//jetzt irgendwo in die Mitte scrollen\r\n\t\trs.next();\r\n\t\trs.next();\r\n\t\trs.previous(); //dann soll der Zeiger nicht am Ende des bereits gefetchten stehen\r\n\t\t\r\n\t\trs.last();\r\n\t\tcount = 0;\r\n\t\twhile(rs.previous()) count++;\t\t\r\n\t\tassertEquals( valueCount, count );\r\n\r\n\t\trs.beforeFirst();\r\n\t\tcount = -1;\r\n\t\twhile(rs.next()) count++;\t\t\r\n\t\tassertEquals( valueCount, count );\r\n\r\n\t\trs.beforeFirst();\r\n\t\tcount = -1;\r\n\t\twhile(rs.next()) count++;\t\t\r\n\t\tassertEquals( valueCount, count );\r\n\t}","location":{"offset":[19244,808],"column":1,"row":729,"file":"smallsql0.21_src/src/smallsql/junit/TestOrderBy.java"},"clone_class":"1592adf7-a68c-49cc-b41c-836d37232d52","pairs":[{"type":2,"id":"95264de6-d017-4671-a1a5-98312ff5a3cb"}],"id":"ac78e820-9d8a-413d-a27d-2bc64000b60b"},{"src":"|project://smallsql0.21_src/src/smallsql/junit/TestOrderBy.java|(18440,796,<698,1>,<726,2>)","metadata":{"length":29,"sloc":23,"mass":108},"fragment":"public void testOrderBy_Scollable() throws Exception{\r\n\t\tinit();\r\n\t\tConnection con = AllTests.getConnection();\r\n\t\tStatement st = con.createStatement(ResultSet.TYPE_SCROLL_SENSITIVE, ResultSet.CONCUR_UPDATABLE);\r\n\t\tResultSet rs;\r\n\t\tint count;\r\n\t\t\r\n\t\trs = st.executeQuery(\"SELECT * FROM \" + table1 + \" ORDER  by v\");\r\n\t\t\r\n\t\t//jetzt irgendwo in die Mitte scrollen\r\n\t\trs.next();\r\n\t\trs.next();\r\n\t\trs.previous(); //dann soll der Zeiger nicht am Ende des bereits gefetchten stehen\r\n\t\t\r\n\t\trs.last();\r\n\t\tcount = 0;\r\n\t\twhile(rs.previous()) count++;\t\t\r\n\t\tassertEquals( valueCount, count );\r\n\r\n\t\trs.beforeFirst();\r\n\t\tcount = -1;\r\n\t\twhile(rs.next()) count++;\t\t\r\n\t\tassertEquals( valueCount, count );\r\n\r\n\t\trs.beforeFirst();\r\n\t\tcount = -1;\r\n\t\twhile(rs.next()) count++;\t\t\r\n\t\tassertEquals( valueCount, count );\r\n\t}","location":{"offset":[18440,796],"column":1,"row":698,"file":"smallsql0.21_src/src/smallsql/junit/TestOrderBy.java"},"clone_class":"1592adf7-a68c-49cc-b41c-836d37232d52","pairs":[{"type":2,"id":"ac78e820-9d8a-413d-a27d-2bc64000b60b"}],"id":"95264de6-d017-4671-a1a5-98312ff5a3cb"}]