[{"src":"|project://smallsql0.21_src/src/smallsql/database/SSDatabaseMetaData.java|(24201,347,<842,3>,<842,350>)","metadata":{"length":1,"sloc":1,"mass":41},"fragment":"{SQLTokenizer.getKeyWord(SQLTokenizer.CHAR),         \t Utils.getShort(SQLTokenizer.getSQLDataType( SQLTokenizer.CHAR) ),         \t  Utils.getInteger(65535),   \t\"'\",  \"'\",  \"length\", \t\t\tUtils.getShort(typeNullable), Boolean.FALSE, Utils.getShort(typeSearchable), null, \t\t\tBoolean.FALSE, Boolean.FALSE, null, null, \t\t\t\t null, \t\t\t\t  null, null, null}","location":{"offset":[24201,347],"column":3,"row":842,"file":"smallsql0.21_src/src/smallsql/database/SSDatabaseMetaData.java"},"clone_class":"1a60638a-0e94-444b-86d3-ae0d3aae828e","pairs":[{"type":2,"id":"4d17dfd3-56b8-4662-b79b-aa338f27c59e"},{"type":2,"id":"29b135c9-8659-4790-9fe8-8342ec679a1f"},{"type":2,"id":"74ca4a0c-e389-4f6d-8d7b-b62c4b22b368"}],"id":"7b0f0723-0f87-48b8-8051-c433ec628bcc"},{"src":"|project://smallsql0.21_src/src/smallsql/database/SSDatabaseMetaData.java|(24554,348,<843,3>,<843,351>)","metadata":{"length":1,"sloc":1,"mass":41},"fragment":"{SQLTokenizer.getKeyWord(SQLTokenizer.NCHAR),         \t Utils.getShort(SQLTokenizer.getSQLDataType( SQLTokenizer.NCHAR) ),           Utils.getInteger(65535),   \t\"'\",  \"'\",  \"length\", \t\t\tUtils.getShort(typeNullable), Boolean.FALSE, Utils.getShort(typeSearchable), null, \t\t\tBoolean.FALSE, Boolean.FALSE, null, null, \t\t\t\t null, \t\t\t\t  null, null, null}","location":{"offset":[24554,348],"column":3,"row":843,"file":"smallsql0.21_src/src/smallsql/database/SSDatabaseMetaData.java"},"clone_class":"1a60638a-0e94-444b-86d3-ae0d3aae828e","pairs":[{"type":2,"id":"7b0f0723-0f87-48b8-8051-c433ec628bcc"},{"type":2,"id":"29b135c9-8659-4790-9fe8-8342ec679a1f"},{"type":2,"id":"74ca4a0c-e389-4f6d-8d7b-b62c4b22b368"}],"id":"4d17dfd3-56b8-4662-b79b-aa338f27c59e"},{"src":"|project://smallsql0.21_src/src/smallsql/database/SSDatabaseMetaData.java|(28658,351,<854,3>,<854,354>)","metadata":{"length":1,"sloc":1,"mass":41},"fragment":"{SQLTokenizer.getKeyWord(SQLTokenizer.NVARCHAR),        Utils.getShort(SQLTokenizer.getSQLDataType( SQLTokenizer.NVARCHAR) ),        Utils.getInteger(65535),   \t\"'\",  \"'\",  \"max length\", \t\tUtils.getShort(typeNullable), Boolean.FALSE, Utils.getShort(typeSearchable), null, \t\t\tBoolean.FALSE, Boolean.FALSE, null, null, \t\t\t\t null, \t\t\t\t  null, null, null}","location":{"offset":[28658,351],"column":3,"row":854,"file":"smallsql0.21_src/src/smallsql/database/SSDatabaseMetaData.java"},"clone_class":"1a60638a-0e94-444b-86d3-ae0d3aae828e","pairs":[{"type":2,"id":"7b0f0723-0f87-48b8-8051-c433ec628bcc"},{"type":2,"id":"4d17dfd3-56b8-4662-b79b-aa338f27c59e"},{"type":2,"id":"74ca4a0c-e389-4f6d-8d7b-b62c4b22b368"}],"id":"29b135c9-8659-4790-9fe8-8342ec679a1f"},{"src":"|project://smallsql0.21_src/src/smallsql/database/SSDatabaseMetaData.java|(28301,351,<853,3>,<853,354>)","metadata":{"length":1,"sloc":1,"mass":41},"fragment":"{SQLTokenizer.getKeyWord(SQLTokenizer.VARCHAR),         Utils.getShort(SQLTokenizer.getSQLDataType( SQLTokenizer.VARCHAR) ),         Utils.getInteger(65535),   \t\"'\",  \"'\",  \"max length\", \t\tUtils.getShort(typeNullable), Boolean.FALSE, Utils.getShort(typeSearchable), null, \t\t\tBoolean.FALSE, Boolean.FALSE, null, null, \t\t\t\t null, \t\t\t\t  null, null, null}","location":{"offset":[28301,351],"column":3,"row":853,"file":"smallsql0.21_src/src/smallsql/database/SSDatabaseMetaData.java"},"clone_class":"1a60638a-0e94-444b-86d3-ae0d3aae828e","pairs":[{"type":2,"id":"7b0f0723-0f87-48b8-8051-c433ec628bcc"},{"type":2,"id":"4d17dfd3-56b8-4662-b79b-aa338f27c59e"},{"type":2,"id":"29b135c9-8659-4790-9fe8-8342ec679a1f"}],"id":"74ca4a0c-e389-4f6d-8d7b-b62c4b22b368"}]