[{"src":"|project://smallsql0.21_src/src/smallsql/database/IndexScrollStatus.java|(3062,385,<89,5>,<99,6>)","metadata":{"length":11,"sloc":11,"mass":47},"fragment":"if(status.nodeValue != null){\r\n\t\t\t\t\t\tif(status.nodeValue instanceof IndexNode){\r\n\t\t\t\t\t\t\tlevel++;\r\n\t\t\t\t\t\t\tnodeStack.push(\r\n\t\t\t\t\t\t\t\tnew IndexNodeScrollStatus( \t(IndexNode)status.nodeValue, \r\n\t\t\t\t\t\t\t\t\t\t\t\t\t\t(expressions.get(level).getAlias() != SQLTokenizer.DESC_STR), \r\n\t\t\t\t\t\t\t\t\t\t\t\t\t\tscroll, level));\r\n\t\t\t\t\t\t\tcontinue;\r\n\t\t\t\t\t\t}else\r\n\t\t\t\t\t\t\treturn getReturnValue(status.nodeValue);\r\n\t\t\t\t\t}","location":{"offset":[3062,385],"column":5,"row":89,"file":"smallsql0.21_src/src/smallsql/database/IndexScrollStatus.java"},"clone_class":"3dc682a0-cd66-4114-b9be-11e352202b75","pairs":[{"type":1,"id":"ff4d787e-c410-460a-8437-ba5b5bd989b4"}],"id":"72a3c086-4f53-4a75-9e2b-a9c433c249aa"},{"src":"|project://smallsql0.21_src/src/smallsql/database/IndexScrollStatus.java|(4100,428,<120,5>,<131,41>)","metadata":{"length":12,"sloc":11,"mass":47},"fragment":"if(status.nodeValue != null){\r\n\t\t\t\t\t\tif(status.nodeValue instanceof IndexNode){\r\n\t\t\t\t\t\t\tlevel++;\r\n\t\t\t\t\t\t\tnodeStack.push(\r\n\t\t\t\t\t\t\t\tnew IndexNodeScrollStatus( \t(IndexNode)status.nodeValue, \r\n\t\t\t\t\t\t\t\t\t\t\t\t\t\t(expressions.get(level).getAlias() != SQLTokenizer.DESC_STR), \r\n\t\t\t\t\t\t\t\t\t\t\t\t\t\tscroll, level));\r\n\t\t\t\t\t\t\tcontinue;\r\n\t\t\t\t\t\t}else\r\n\t\t\t\t\t\t\treturn getReturnValue(status.nodeValue);\r\n\t\t\t\t\t}\r\n\t\t\t\t\t//There is no RowOffset in this node","location":{"offset":[4100,428],"column":5,"row":120,"file":"smallsql0.21_src/src/smallsql/database/IndexScrollStatus.java"},"clone_class":"3dc682a0-cd66-4114-b9be-11e352202b75","pairs":[{"type":1,"id":"72a3c086-4f53-4a75-9e2b-a9c433c249aa"}],"id":"ff4d787e-c410-460a-8437-ba5b5bd989b4"}]