[{"src":"|project://smallsql0.21_src/src/smallsql/database/MutableFloat.java|(0,1866,<1,0>,<70,3>)","metadata":{"length":70,"sloc":25,"mass":68},"fragment":"/* =============================================================\r\n * SmallSQL : a free Java DBMS library for the Java(tm) platform\r\n * =============================================================\r\n *\r\n * (C) Copyright 2004-2006, by Volker Berlin.\r\n *\r\n * Project Info:  http://www.smallsql.de/\r\n *\r\n * This library is free software; you can redistribute it and/or modify it \r\n * under the terms of the GNU Lesser General Public License as published by \r\n * the Free Software Foundation; either version 2.1 of the License, or \r\n * (at your option) any later version.\r\n *\r\n * This library is distributed in the hope that it will be useful, but \r\n * WITHOUT ANY WARRANTY; without even the implied warranty of MERCHANTABILITY \r\n * or FITNESS FOR A PARTICULAR PURPOSE. See the GNU Lesser General Public \r\n * License for more details.\r\n *\r\n * You should have received a copy of the GNU Lesser General Public\r\n * License along with this library; if not, write to the Free Software\r\n * Foundation, Inc., 51 Franklin Street, Fifth Floor, Boston, MA  02110-1301, \r\n * USA.  \r\n *\r\n * [Java is a trademark or registered trademark of Sun Microsystems, Inc. \r\n * in the United States and other countries.]\r\n *\r\n * ---------------\r\n * MutableFloat.java\r\n * ---------------\r\n * Author: Volker Berlin\r\n * \r\n */\r\npackage smallsql.database;\r\n\r\n/**\r\n * @author Volker Berlin\r\n *\r\n */\r\nfinal class MutableFloat extends Number implements Mutable{\r\n\r\n\tfloat value;\r\n\t\r\n\tMutableFloat(float value){\r\n\t\tthis.value = value;\r\n\t}\r\n\t\r\n\tpublic double doubleValue() {\r\n\t\treturn value;\r\n\t}\r\n\r\n\tpublic float floatValue() {\r\n\t\treturn value;\r\n\t}\r\n\r\n\tpublic int intValue() {\r\n\t\treturn (int)value;\r\n\t}\r\n\r\n\tpublic long longValue() {\r\n\t\treturn (long)value;\r\n\t}\r\n\r\n\tpublic String toString(){\r\n\t\treturn String.valueOf(value);\r\n\t}\r\n\t\r\n\tpublic Object getImmutableObject(){\r\n\t\treturn new Float(value);\r\n\t}\r\n}\r\n","location":{"offset":[0,1866],"column":0,"row":1,"file":"smallsql0.21_src/src/smallsql/database/MutableFloat.java"},"clone_class":"0c89b5ed-1cd5-4986-985a-926a4653b84c","pairs":[{"type":3,"id":"3d29aa2a-8fa7-4b71-879f-c391bf724e9a"},{"type":3,"id":"3d2359a7-cfac-4dd1-91a9-551761e4b840"}],"id":"4258b77d-f771-4b55-8d4f-9f186261500f"},{"src":"|project://smallsql0.21_src/src/smallsql/database/MutableInteger.java|(0,1864,<1,0>,<70,3>)","metadata":{"length":70,"sloc":25,"mass":63},"fragment":"/* =============================================================\r\n * SmallSQL : a free Java DBMS library for the Java(tm) platform\r\n * =============================================================\r\n *\r\n * (C) Copyright 2004-2006, by Volker Berlin.\r\n *\r\n * Project Info:  http://www.smallsql.de/\r\n *\r\n * This library is free software; you can redistribute it and/or modify it \r\n * under the terms of the GNU Lesser General Public License as published by \r\n * the Free Software Foundation; either version 2.1 of the License, or \r\n * (at your option) any later version.\r\n *\r\n * This library is distributed in the hope that it will be useful, but \r\n * WITHOUT ANY WARRANTY; without even the implied warranty of MERCHANTABILITY \r\n * or FITNESS FOR A PARTICULAR PURPOSE. See the GNU Lesser General Public \r\n * License for more details.\r\n *\r\n * You should have received a copy of the GNU Lesser General Public\r\n * License along with this library; if not, write to the Free Software\r\n * Foundation, Inc., 51 Franklin Street, Fifth Floor, Boston, MA  02110-1301, \r\n * USA.  \r\n *\r\n * [Java is a trademark or registered trademark of Sun Microsystems, Inc. \r\n * in the United States and other countries.]\r\n *\r\n * ---------------\r\n * MutableInteger.java\r\n * ---------------\r\n * Author: Volker Berlin\r\n * \r\n */\r\npackage smallsql.database;\r\n\r\n/**\r\n * @author Volker Berlin\r\n *\r\n */\r\nfinal class MutableInteger extends Number implements Mutable{\r\n\r\n\tint value;\r\n\t\r\n\tMutableInteger(int value){\r\n\t\tthis.value = value;\r\n\t}\r\n\t\r\n\tpublic double doubleValue() {\r\n\t\treturn value;\r\n\t}\r\n\r\n\tpublic float floatValue() {\r\n\t\treturn value;\r\n\t}\r\n\r\n\tpublic int intValue() {\r\n\t\treturn value;\r\n\t}\r\n\r\n\tpublic long longValue() {\r\n\t\treturn value;\r\n\t}\r\n\r\n\tpublic String toString(){\r\n\t\treturn String.valueOf(value);\r\n\t}\r\n\t\r\n\tpublic Object getImmutableObject(){\r\n\t\treturn Utils.getInteger(value);\r\n\t}\r\n}\r\n","location":{"offset":[0,1864],"column":0,"row":1,"file":"smallsql0.21_src/src/smallsql/database/MutableInteger.java"},"clone_class":"0c89b5ed-1cd5-4986-985a-926a4653b84c","pairs":[{"type":3,"id":"4258b77d-f771-4b55-8d4f-9f186261500f"},{"type":3,"id":"3d2359a7-cfac-4dd1-91a9-551761e4b840"}],"id":"3d29aa2a-8fa7-4b71-879f-c391bf724e9a"},{"src":"|project://smallsql0.21_src/src/smallsql/database/MutableLong.java|(0,1854,<1,0>,<70,3>)","metadata":{"length":70,"sloc":25,"mass":66},"fragment":"/* =============================================================\r\n * SmallSQL : a free Java DBMS library for the Java(tm) platform\r\n * =============================================================\r\n *\r\n * (C) Copyright 2004-2006, by Volker Berlin.\r\n *\r\n * Project Info:  http://www.smallsql.de/\r\n *\r\n * This library is free software; you can redistribute it and/or modify it \r\n * under the terms of the GNU Lesser General Public License as published by \r\n * the Free Software Foundation; either version 2.1 of the License, or \r\n * (at your option) any later version.\r\n *\r\n * This library is distributed in the hope that it will be useful, but \r\n * WITHOUT ANY WARRANTY; without even the implied warranty of MERCHANTABILITY \r\n * or FITNESS FOR A PARTICULAR PURPOSE. See the GNU Lesser General Public \r\n * License for more details.\r\n *\r\n * You should have received a copy of the GNU Lesser General Public\r\n * License along with this library; if not, write to the Free Software\r\n * Foundation, Inc., 51 Franklin Street, Fifth Floor, Boston, MA  02110-1301, \r\n * USA.  \r\n *\r\n * [Java is a trademark or registered trademark of Sun Microsystems, Inc. \r\n * in the United States and other countries.]\r\n *\r\n * ---------------\r\n * MutableLong.java\r\n * ---------------\r\n * Author: Volker Berlin\r\n * \r\n */\r\npackage smallsql.database;\r\n\r\n/**\r\n * @author Volker Berlin\r\n *\r\n */\r\nfinal class MutableLong extends Number implements Mutable{\r\n\r\n\tlong value;\r\n\t\r\n\tMutableLong(long value){\r\n\t\tthis.value = value;\r\n\t}\r\n\t\r\n\tpublic double doubleValue() {\r\n\t\treturn value;\r\n\t}\r\n\r\n\tpublic float floatValue() {\r\n\t\treturn value;\r\n\t}\r\n\r\n\tpublic int intValue() {\r\n\t\treturn (int)value;\r\n\t}\r\n\r\n\tpublic long longValue() {\r\n\t\treturn value;\r\n\t}\r\n\r\n\tpublic String toString(){\r\n\t\treturn String.valueOf(value);\r\n\t}\r\n\t\r\n\tpublic Object getImmutableObject(){\r\n\t\treturn new Long(value);\r\n\t}\r\n}\r\n","location":{"offset":[0,1854],"column":0,"row":1,"file":"smallsql0.21_src/src/smallsql/database/MutableLong.java"},"clone_class":"0c89b5ed-1cd5-4986-985a-926a4653b84c","pairs":[{"type":3,"id":"4258b77d-f771-4b55-8d4f-9f186261500f"},{"type":3,"id":"3d29aa2a-8fa7-4b71-879f-c391bf724e9a"}],"id":"3d2359a7-cfac-4dd1-91a9-551761e4b840"}]