[{"src":"|project://smallsql0.21_src/src/smallsql/junit/BenchTest.java|(22305,1129,<522,16>,<543,14>)","metadata":{"length":22,"sloc":22,"mass":134},"fragment":"for (int r=0; r<batchSize; r++){\r\n\t                pr.setBytes (  1, byteArray );\r\n\t                pr.setString(  2 , \"Test\" );\r\n\t                pr.setDate  (  3 , new Date( System.currentTimeMillis() ) );\r\n\t                pr.setFloat (  4, (float)1234.56789 );\r\n\t                pr.setFloat (  5 , (float)9876.54321 );\r\n\t                pr.setBytes (  6, largeByteArray );\r\n\t                pr.setInt   (  7 , i*batchSize + r );\r\n\t                pr.setDouble(  8 , 23.45 );\r\n\t                pr.setDouble(  9 , 567.45 );\r\n\t                pr.setFloat (  10 , (float)78.89 );\r\n\t                pr.setTime  (  11, new Time( System.currentTimeMillis() ) );\r\n\t                pr.setShort (  12, (short)23456 );\r\n\t                pr.setFloat (  13, (float)34.56 );\r\n\t                pr.setString(  14, \"sysname (30) NULL\" );\r\n\t                pr.setString(  15 , \"text NULL\" );\r\n\t                pr.setByte  (  16, (byte)28 );\r\n\t                pr.setBytes (  17, byteArray );\r\n\t                pr.setString(  18, \"varchar (255) NULL\" );\r\n\t                pr.setInt   (  19 , i );\r\n\t                pr.addBatch();\r\n\t            }","location":{"offset":[22305,1129],"column":16,"row":522,"file":"smallsql0.21_src/src/smallsql/junit/BenchTest.java"},"clone_class":"3d353cc2-9739-472d-807a-c7869d42f73c","pairs":[{"type":3,"id":"58ce4c8a-7009-43bd-b445-e4edbabf19c4"}],"id":"90b88260-a9d8-4dcf-9c21-48d4580a596d"},{"src":"|project://smallsql0.21_src/src/smallsql/junit/BenchTest.java|(17096,1228,<414,42>,<439,13>)","metadata":{"length":26,"sloc":26,"mass":138},"fragment":"{\r\n\t            pr.setBytes (  1, byteArray );\r\n\t            pr.setString(  2 , \"Test\" );\r\n\t            pr.setDate  (  3 , new Date( System.currentTimeMillis() ) );\r\n\t            pr.setFloat (  4, (float)1234.56789 );\r\n\t            pr.setFloat (  5 , (float)9876.54321 );\r\n\t            pr.setBytes (  6, largeByteArray );\r\n\t            pr.setInt   (  7 , i );\r\n\t            pr.setDouble(  8 , 23.45 );\r\n\t            pr.setDouble(  9 , 567.45 );\r\n\t            pr.setFloat (  10 , (float)78.89 );\r\n\t            pr.setTime  (  11, new Time( System.currentTimeMillis() ) );\r\n\t            pr.setShort (  12, (short)23456 );\r\n\t            pr.setFloat (  13, (float)34.56 );\r\n\t            pr.setString(  14, \"sysname (30) NULL\" );\r\n\t            pr.setString(  15 , \"text NULL\" );\r\n\t            pr.setByte  (  16, (byte)28 );\r\n\t            pr.setBytes (  17, byteArray );\r\n\t            pr.setString(  18, \"varchar (255) NULL\" );\r\n\t            pr.setInt   (  19 , i );\r\n                int updateCount = pr.executeUpdate();\r\n                if (updateCount != 1){\r\n                    System.out.println( \"  Failed: Update count should be 1 but it is \" + updateCount + \".\");\r\n                    return;\r\n                }\r\n            }","location":{"offset":[17096,1228],"column":42,"row":414,"file":"smallsql0.21_src/src/smallsql/junit/BenchTest.java"},"clone_class":"3d353cc2-9739-472d-807a-c7869d42f73c","pairs":[{"type":3,"id":"90b88260-a9d8-4dcf-9c21-48d4580a596d"}],"id":"58ce4c8a-7009-43bd-b445-e4edbabf19c4"}]