[{"src":"|project://smallsql0.21_src/src/smallsql/database/MutableNumeric.java|(7266,144,<253,41>,<256,9>)","metadata":{"length":4,"sloc":4,"mass":32},"fragment":"{\r\n            temp = (value[--v1] & 0xFFFFFFFFL) - (val2 [--v2] & 0xFFFFFFFFL) + (temp >>>= 32);\r\n            value[v1] = (int)temp;\r\n        }","location":{"offset":[7266,144],"column":41,"row":253,"file":"smallsql0.21_src/src/smallsql/database/MutableNumeric.java"},"clone_class":"987afd81-a527-4449-a4c6-e6db206ff56b","pairs":[{"type":3,"id":"ffc41062-15c7-4482-aaf8-c9e19e40e5b3"}],"id":"ab5c7252-f7da-4d1b-9961-7dc7e08b73a9"},{"src":"|project://smallsql0.21_src/src/smallsql/database/MutableNumeric.java|(5801,143,<202,41>,<205,9>)","metadata":{"length":4,"sloc":4,"mass":32},"fragment":"{\r\n            temp = (value[--v1] & 0xFFFFFFFFL) + (val2 [--v2] & 0xFFFFFFFFL) + (temp >>> 32);\r\n            value[v1] = (int)temp;\r\n        }","location":{"offset":[5801,143],"column":41,"row":202,"file":"smallsql0.21_src/src/smallsql/database/MutableNumeric.java"},"clone_class":"987afd81-a527-4449-a4c6-e6db206ff56b","pairs":[{"type":3,"id":"ab5c7252-f7da-4d1b-9961-7dc7e08b73a9"}],"id":"ffc41062-15c7-4482-aaf8-c9e19e40e5b3"}]