[{"src":"|project://smallsql0.21_src/src/smallsql/database/StoreImpl.java|(14469,420,<404,16>,<411,43>)","metadata":{"length":8,"sloc":8,"mass":93},"fragment":"((long)(page[ offset++ ]) << 56) |\r\n                ((long)(page[ offset++ ] & 0xFF) << 48) |\r\n                ((long)(page[ offset++ ] & 0xFF) << 40) |\r\n                ((long)(page[ offset++ ] & 0xFF) << 32) |\r\n                ((long)(page[ offset++ ] & 0xFF) << 24) |\r\n                ((page[ offset++ ] & 0xFF) << 16) |\r\n                ((page[ offset++ ] & 0xFF) << 8) |\r\n                ((page[ offset++ ] & 0xFF))","location":{"offset":[14469,420],"column":16,"row":404,"file":"smallsql0.21_src/src/smallsql/database/StoreImpl.java"},"clone_class":"b308e97c-27ca-44ce-a4bb-61f5c6aff7ea","pairs":[{"type":3,"id":"efeee2da-e7fd-42ea-8560-e6e7f525157c"},{"type":3,"id":"3b059864-ff93-4d64-99c9-ebf635284978"},{"type":3,"id":"f84c632e-f9c9-43d5-9817-5156535d6059"},{"type":3,"id":"8bc09da6-b791-435e-a9f7-fb4b3d26ca5c"}],"id":"cda36c4a-70f9-4df4-b02b-9799960afc4b"},{"src":"|project://smallsql0.21_src/src/smallsql/database/MemoryStream.java|(3776,392,<137,1>,<146,2>)","metadata":{"length":10,"sloc":10,"mass":100},"fragment":"long readLong(){\r\n\t\treturn (((long)(puffer[ offset++ ] & 0xFF)) << 56)\r\n\t\t\t | (((long)(puffer[ offset++ ] & 0xFF)) << 48)\r\n\t\t\t | (((long)(puffer[ offset++ ] & 0xFF)) << 40)\r\n\t\t\t | (((long)(puffer[ offset++ ] & 0xFF)) << 32)\r\n\t\t\t | ((puffer[ offset++ ] & 0xFF) << 24)\r\n\t\t\t | ((puffer[ offset++ ] & 0xFF) << 16)\r\n\t\t\t | ((puffer[ offset++ ] & 0xFF) << 8)\r\n\t\t\t |  (puffer[ offset++ ] & 0xFF);\r\n\t}","location":{"offset":[3776,392],"column":1,"row":137,"file":"smallsql0.21_src/src/smallsql/database/MemoryStream.java"},"clone_class":"b308e97c-27ca-44ce-a4bb-61f5c6aff7ea","pairs":[{"type":3,"id":"cda36c4a-70f9-4df4-b02b-9799960afc4b"},{"type":3,"id":"efeee2da-e7fd-42ea-8560-e6e7f525157c"},{"type":3,"id":"3b059864-ff93-4d64-99c9-ebf635284978"},{"type":3,"id":"f84c632e-f9c9-43d5-9817-5156535d6059"}],"id":"8bc09da6-b791-435e-a9f7-fb4b3d26ca5c"}]