[{"src":"|project://smallsql0.21_src/src/smallsql/database/SSDatabaseMetaData.java|(34504,365,<950,4>,<954,5>)","metadata":{"length":5,"sloc":5,"mass":52},"fragment":"public ResultSet getUDTs(String catalog, String schemaPattern, String typeNamePattern, int[] types) throws SQLException {\r\n\t\tString[] colNames = {\"TYPE_CAT\", \"TYPE_SCHEM\", \"TYPE_NAME\", \"CLASS_NAME\", \"DATA_TYPE\", \"REMARKS\"};        \r\n\t\tObject[][] data   = new Object[0][];\r\n\t\treturn new SSResultSet( st, Utils.createMemoryCommandSelect( con, colNames, data));\r\n    }","location":{"offset":[34504,365],"column":4,"row":950,"file":"smallsql0.21_src/src/smallsql/database/SSDatabaseMetaData.java"},"clone_class":"4c99ec2e-1ab2-40a4-9930-9dca1cc6aa97","pairs":[{"type":3,"id":"fe070489-6815-4bee-9e2c-d39ff53fa08d"}],"id":"c014f0fc-df09-4c6c-8281-ed04c65d6b0d"},{"src":"|project://smallsql0.21_src/src/smallsql/database/SSDatabaseMetaData.java|(12723,375,<663,4>,<667,5>)","metadata":{"length":5,"sloc":5,"mass":51},"fragment":"public ResultSet getProcedures(String catalog, String schemaPattern, String procedureNamePattern) throws SQLException {\r\n\t\tString[] colNames = {\"PROCEDURE_CAT\", \"PROCEDURE_SCHEM\", \"PROCEDURE_NAME\", \"\", \"\", \"\", \"REMARKS\", \"PROCEDURE_TYPE\"};  \r\n\t\tObject[][] data   = new Object[0][];\r\n\t\treturn new SSResultSet( st, Utils.createMemoryCommandSelect( con, colNames, data));\r\n    }","location":{"offset":[12723,375],"column":4,"row":663,"file":"smallsql0.21_src/src/smallsql/database/SSDatabaseMetaData.java"},"clone_class":"4c99ec2e-1ab2-40a4-9930-9dca1cc6aa97","pairs":[{"type":3,"id":"c014f0fc-df09-4c6c-8281-ed04c65d6b0d"}],"id":"fe070489-6815-4bee-9e2c-d39ff53fa08d"}]