[{"src":"|project://smallsql0.21_src/src/smallsql/database/SSDatabaseMetaData.java|(24908,379,<844,3>,<844,382>)","metadata":{"length":1,"sloc":1,"mass":47},"fragment":"{SQLTokenizer.getKeyWord(SQLTokenizer.NUMERIC),         Utils.getShort(SQLTokenizer.getSQLDataType( SQLTokenizer.NUMERIC) ),         Utils.getInteger(38),     \tnull, null, \"precision,scale\", \tUtils.getShort(typeNullable), Boolean.FALSE, Utils.getShort(typeSearchable), Boolean.FALSE, Boolean.FALSE, Boolean.FALSE, null, Utils.getInteger(0), Utils.getInteger(38),null, null, null}","location":{"offset":[24908,379],"column":3,"row":844,"file":"smallsql0.21_src/src/smallsql/database/SSDatabaseMetaData.java"},"clone_class":"8acf5388-df84-4be9-a60d-c1106c6ce1aa","pairs":[{"type":3,"id":"97b1e7bb-f995-45d5-b8e2-fda8f18901c9"},{"type":3,"id":"2f7a283d-1712-4967-ac6b-62735cf4e66a"}],"id":"57d9d9ba-9735-42df-9924-ef6881bb6558"},{"src":"|project://smallsql0.21_src/src/smallsql/database/SSDatabaseMetaData.java|(30071,358,<858,3>,<858,361>)","metadata":{"length":1,"sloc":1,"mass":45},"fragment":"{SQLTokenizer.getKeyWord(SQLTokenizer.TIMESTAMP),   \t Utils.getShort(SQLTokenizer.getSQLDataType( SQLTokenizer.TIMESTAMP) ), \t  Utils.getInteger(23),\t    \t\"'\",  \"'\",  null, \t\t\t\tUtils.getShort(typeNullable), Boolean.FALSE, Utils.getShort(typeSearchable), null, \t\t\tBoolean.FALSE, Boolean.FALSE, null, Utils.getInteger(3), Utils.getInteger(3), null, null, null}","location":{"offset":[30071,358],"column":3,"row":858,"file":"smallsql0.21_src/src/smallsql/database/SSDatabaseMetaData.java"},"clone_class":"8acf5388-df84-4be9-a60d-c1106c6ce1aa","pairs":[{"type":3,"id":"57d9d9ba-9735-42df-9924-ef6881bb6558"},{"type":3,"id":"2f7a283d-1712-4967-ac6b-62735cf4e66a"}],"id":"97b1e7bb-f995-45d5-b8e2-fda8f18901c9"},{"src":"|project://smallsql0.21_src/src/smallsql/database/SSDatabaseMetaData.java|(21308,369,<834,3>,<834,372>)","metadata":{"length":1,"sloc":1,"mass":45},"fragment":"{SQLTokenizer.getKeyWord(SQLTokenizer.BIT),             Utils.getShort(SQLTokenizer.getSQLDataType( SQLTokenizer.BIT) ),             Utils.getInteger(1),      \tnull, null, null, \t\t\t\tUtils.getShort(typeNullable), Boolean.FALSE, Utils.getShort(typeSearchable), null,          Boolean.FALSE, Boolean.FALSE, null, Utils.getInteger(0), Utils.getInteger(0), null, null, null}","location":{"offset":[21308,369],"column":3,"row":834,"file":"smallsql0.21_src/src/smallsql/database/SSDatabaseMetaData.java"},"clone_class":"8acf5388-df84-4be9-a60d-c1106c6ce1aa","pairs":[{"type":3,"id":"57d9d9ba-9735-42df-9924-ef6881bb6558"},{"type":3,"id":"97b1e7bb-f995-45d5-b8e2-fda8f18901c9"}],"id":"2f7a283d-1712-4967-ac6b-62735cf4e66a"}]