[{"src":"|project://smallsql0.21_src/src/smallsql/database/SSDatabaseMetaData.java|(27925,370,<852,3>,<852,373>)","metadata":{"length":1,"sloc":1,"mass":47},"fragment":"{SQLTokenizer.getKeyWord(SQLTokenizer.DOUBLE),          Utils.getShort(SQLTokenizer.getSQLDataType( SQLTokenizer.DOUBLE) ),          Utils.getInteger(15),      \tnull, null, null, \t\t\t\tUtils.getShort(typeNullable), Boolean.FALSE, Utils.getShort(typeSearchable), Boolean.FALSE, Boolean.FALSE, Boolean.FALSE, null, Utils.getInteger(0), Utils.getInteger(0), null, null, null}","location":{"offset":[27925,370],"column":3,"row":852,"file":"smallsql0.21_src/src/smallsql/database/SSDatabaseMetaData.java"},"clone_class":"a66a6689-615a-469f-874c-f350867d0da6","pairs":[{"type":3,"id":"2f7a283d-1712-4967-ac6b-62735cf4e66a"}],"id":"22e3aa10-3fad-48df-836f-b81c73d56527"},{"src":"|project://smallsql0.21_src/src/smallsql/database/SSDatabaseMetaData.java|(21308,369,<834,3>,<834,372>)","metadata":{"length":1,"sloc":1,"mass":45},"fragment":"{SQLTokenizer.getKeyWord(SQLTokenizer.BIT),             Utils.getShort(SQLTokenizer.getSQLDataType( SQLTokenizer.BIT) ),             Utils.getInteger(1),      \tnull, null, null, \t\t\t\tUtils.getShort(typeNullable), Boolean.FALSE, Utils.getShort(typeSearchable), null,          Boolean.FALSE, Boolean.FALSE, null, Utils.getInteger(0), Utils.getInteger(0), null, null, null}","location":{"offset":[21308,369],"column":3,"row":834,"file":"smallsql0.21_src/src/smallsql/database/SSDatabaseMetaData.java"},"clone_class":"a66a6689-615a-469f-874c-f350867d0da6","pairs":[{"type":3,"id":"22e3aa10-3fad-48df-836f-b81c73d56527"}],"id":"2f7a283d-1712-4967-ac6b-62735cf4e66a"}]