[{"src":"|project://smallsql0.21_src/src/smallsql/junit/BenchTest.java|(15137,1372,<368,4>,<400,5>)","metadata":{"length":33,"sloc":28,"mass":152},"fragment":"/**\r\n      *  7. Test\r\n      *  Update rows with the method updateRow().\r\n      */  \r\n    static void test_UpdateRows(Connection con){\r\n        System.out.println();\r\n        System.out.println( \"Test update rows with updateRow(): \" + rowCount + \" rows\");\r\n        \r\n        try{\r\n            Statement st = con.createStatement( ResultSet.TYPE_SCROLL_SENSITIVE, ResultSet.CONCUR_UPDATABLE );\r\n            ResultSet rs = st.executeQuery(\"SELECT * FROM \" + tableName);\r\n            int colCount = rs.getMetaData().getColumnCount();\r\n            long time = -System.currentTimeMillis();\r\n            int count = 0;\r\n            while(rs.next()){\r\n                for (int i=2; i<=colCount; i++){\r\n                    rs.updateObject( i, rs.getObject(i) );\r\n                }\r\n                rs.updateRow();\r\n                count++;\r\n            }\r\n            time += System.currentTimeMillis();\r\n            if (count != rowCount)\r\n                 System.out.println( \"  Failed: Only \" + count + \" rows were updated.\");\r\n            else System.out.println( \"  Test time: \" + time + \" ms\");\r\n            st.close();\r\n        }catch(Exception e){\r\n            System.out.println(\"  Failed:\" + e);\r\n        }finally{\r\n            System.out.println();\r\n            System.out.println(\"===================================================================\");\r\n        }\r\n    }","location":{"offset":[15137,1372],"column":4,"row":368,"file":"smallsql0.21_src/src/smallsql/junit/BenchTest.java"},"clone_class":"2706f7e5-18c0-40ef-a3a0-91d83de17ce5","pairs":[{"type":3,"id":"f61d1615-452d-45aa-972a-cf200609f1bf"},{"type":3,"id":"35685ca1-025e-41ea-a162-eafc5d7a95e2"}],"id":"4050b04d-4cde-446b-ad36-35d1713c868a"},{"src":"|project://smallsql0.21_src/src/smallsql/junit/BenchTest.java|(6307,1369,<160,4>,<190,5>)","metadata":{"length":31,"sloc":26,"mass":147},"fragment":"/**\r\n      *  3. Test\r\n      *  Insert only empty rows with the default values of the row with the method insertRow().\r\n      */  \r\n    static void test_InsertEmptyRows(Connection con){\r\n        System.out.println();\r\n        System.out.println( \"Test insert empty rows with insertRow(): \" + rowCount + \" rows\");\r\n        \r\n        try{\r\n            Statement st = con.createStatement( ResultSet.TYPE_SCROLL_SENSITIVE, ResultSet.CONCUR_UPDATABLE );\r\n            ResultSet rs = st.executeQuery(\"SELECT * FROM \"+tableName);\r\n            long time = -System.currentTimeMillis();\r\n            for (int i=0; i<rowCount; i++){\r\n                rs.moveToInsertRow();\r\n                rs.insertRow();\r\n            }\r\n            time += System.currentTimeMillis();\r\n            rs = st.executeQuery( \"SELECT count(*) FROM \" + tableName);\r\n            rs.next();\r\n            int count = rs.getInt(1);\r\n            if (count != rowCount)\r\n                 System.out.println( \"  Failed: Only \" + count + \" rows were inserted.\");\r\n            else System.out.println( \"  Test time: \" + time + \" ms\");\r\n            st.close();\r\n        }catch(Exception e){\r\n            System.out.println(\"  Failed:\"+e);\r\n        }finally{\r\n            System.out.println();\r\n            System.out.println(\"===================================================================\");\r\n        }\r\n    }","location":{"offset":[6307,1369],"column":4,"row":160,"file":"smallsql0.21_src/src/smallsql/junit/BenchTest.java"},"clone_class":"2706f7e5-18c0-40ef-a3a0-91d83de17ce5","pairs":[{"type":3,"id":"4050b04d-4cde-446b-ad36-35d1713c868a"},{"type":3,"id":"35685ca1-025e-41ea-a162-eafc5d7a95e2"}],"id":"f61d1615-452d-45aa-972a-cf200609f1bf"}]