[{"src":"|project://smallsql0.21_src/src/smallsql/database/SQLParser.java|(79764,229,<1988,4>,<1988,233>)","metadata":{"length":1,"sloc":1,"mass":32},"fragment":"private static final int[] MISSING_OPTIONS_DATATYPE = { SQLTokenizer.DEFAULT, SQLTokenizer.IDENTITY, SQLTokenizer.NOT, SQLTokenizer.NULL, SQLTokenizer.PRIMARY, SQLTokenizer.UNIQUE, SQLTokenizer.COMMA, SQLTokenizer.PARENTHESIS_R};","location":{"offset":[79764,229],"column":4,"row":1988,"file":"smallsql0.21_src/src/smallsql/database/SQLParser.java"},"clone_class":"cb1d42a5-516d-440e-8539-3498cbaf8a61","pairs":[{"type":2,"id":"9e35d5bb-44d1-4b1a-9036-6ded2162aea1"}],"id":"f45c13ed-74c0-49d5-a1da-193745fea0ae"},{"src":"|project://smallsql0.21_src/src/smallsql/database/SQLParser.java|(75683,224,<1957,4>,<1957,228>)","metadata":{"length":1,"sloc":1,"mass":32},"fragment":"private static final int[] COMMANDS_CREATE = {SQLTokenizer.DATABASE, SQLTokenizer.TABLE, SQLTokenizer.VIEW, SQLTokenizer.INDEX, SQLTokenizer.PROCEDURE, SQLTokenizer.UNIQUE, SQLTokenizer.CLUSTERED, SQLTokenizer.NONCLUSTERED};","location":{"offset":[75683,224],"column":4,"row":1957,"file":"smallsql0.21_src/src/smallsql/database/SQLParser.java"},"clone_class":"cb1d42a5-516d-440e-8539-3498cbaf8a61","pairs":[{"type":2,"id":"f45c13ed-74c0-49d5-a1da-193745fea0ae"}],"id":"9e35d5bb-44d1-4b1a-9036-6ded2162aea1"}]