[{"src":"|project://smallsql0.21_src/src/smallsql/database/SSDatabaseMetaData.java|(21683,369,<835,3>,<835,372>)","metadata":{"length":1,"sloc":1,"mass":47},"fragment":"{SQLTokenizer.getKeyWord(SQLTokenizer.TINYINT),         Utils.getShort(SQLTokenizer.getSQLDataType( SQLTokenizer.TINYINT) ),         Utils.getInteger(3),      \tnull, null, null, \t\t\t\tUtils.getShort(typeNullable), Boolean.FALSE, Utils.getShort(typeSearchable), Boolean.TRUE,  Boolean.FALSE, Boolean.FALSE, null, Utils.getInteger(0), Utils.getInteger(0), null, null, null}","location":{"offset":[21683,369],"column":3,"row":835,"file":"smallsql0.21_src/src/smallsql/database/SSDatabaseMetaData.java"},"clone_class":"48baaa96-bb4b-4d25-a581-f4e778800373","pairs":[{"type":3,"id":"c42a7f06-6707-488a-9bb1-9049098d5be7"}],"id":"0ce83d62-db7d-4a6d-8469-654ee2520c05"},{"src":"|project://smallsql0.21_src/src/smallsql/database/SSDatabaseMetaData.java|(25293,379,<845,3>,<845,382>)","metadata":{"length":1,"sloc":1,"mass":47},"fragment":"{SQLTokenizer.getKeyWord(SQLTokenizer.DECIMAL),         Utils.getShort(SQLTokenizer.getSQLDataType( SQLTokenizer.DECIMAL) ),         Utils.getInteger(38),     \tnull, null, \"precision,scale\", \tUtils.getShort(typeNullable), Boolean.FALSE, Utils.getShort(typeSearchable), Boolean.FALSE, Boolean.FALSE, Boolean.FALSE, null, Utils.getInteger(0), Utils.getInteger(38),null, null, null}","location":{"offset":[25293,379],"column":3,"row":845,"file":"smallsql0.21_src/src/smallsql/database/SSDatabaseMetaData.java"},"clone_class":"48baaa96-bb4b-4d25-a581-f4e778800373","pairs":[{"type":3,"id":"0ce83d62-db7d-4a6d-8469-654ee2520c05"}],"id":"c42a7f06-6707-488a-9bb1-9049098d5be7"}]