[{"src":"|project://smallsql0.21_src/src/smallsql/junit/TestAlterTable.java|(3795,498,<100,11>,<111,9>)","metadata":{"length":12,"sloc":12,"mass":46},"fragment":"{\r\n            con.setTransactionIsolation( Connection.TRANSACTION_READ_COMMITTED );\r\n            ResultSet rs = st.executeQuery(\"Select * From \" + table);\r\n            rs.next();\r\n            st.execute(\"Alter Table \" + table + \" Add a Varchar(20)\");\r\n            try {\r\n                rs.next();\r\n                fail(\"Alter Table should not work on a table with a lock.\");\r\n            } catch (SQLException ex) {\r\n                assertSQLException( \"01000\", 0, ex );\r\n            }\r\n        }","location":{"offset":[3795,498],"column":11,"row":100,"file":"smallsql0.21_src/src/smallsql/junit/TestAlterTable.java"},"clone_class":"076d4d5f-fe1c-4289-9da8-2adb1668321d","pairs":[{"type":3,"id":"bfe1a1a4-e912-4b78-adea-d1614fe500ea"}],"id":"7e305835-1cd3-4608-a01c-022e6026718e"},{"src":"|project://smallsql0.21_src/src/smallsql/junit/TestAlterTable.java|(2891,499,<77,11>,<88,9>)","metadata":{"length":12,"sloc":12,"mass":46},"fragment":"{\r\n            con.setTransactionIsolation( Connection.TRANSACTION_REPEATABLE_READ );\r\n            ResultSet rs = st.executeQuery(\"Select * From \" + table);\r\n            rs.next();\r\n            try {\r\n                st.execute(\"Alter Table \" + table + \" Add a Varchar(20)\");\r\n                fail(\"Alter Table should not work on a table with a lock.\");\r\n            } catch (SQLException ex) {\r\n                assertSQLException( \"01000\", 0, ex );\r\n            }\r\n            rs.next();\r\n        }","location":{"offset":[2891,499],"column":11,"row":77,"file":"smallsql0.21_src/src/smallsql/junit/TestAlterTable.java"},"clone_class":"076d4d5f-fe1c-4289-9da8-2adb1668321d","pairs":[{"type":3,"id":"7e305835-1cd3-4608-a01c-022e6026718e"}],"id":"bfe1a1a4-e912-4b78-adea-d1614fe500ea"}]