[{"src":"|project://smallsql0.21_src/src/smallsql/database/SSResultSet.java|(26143,513,<778,4>,<790,5>)","metadata":{"length":13,"sloc":13,"mass":56},"fragment":"public Time getTime(int columnIndex, Calendar cal) throws SQLException {\r\n        try{\r\n            if(cal == null){\r\n                return getTime(columnIndex);\r\n            }\r\n            Expression expr = getValue(columnIndex);\r\n            wasNull = expr.isNull();\r\n            if(wasNull) return null;\r\n            return new Time(DateTime.addDateTimeOffset( expr.getLong(), cal.getTimeZone() ));\r\n        }catch(Exception e){\r\n            throw SmallSQLException.createFromException( e );\r\n        }\r\n    }","location":{"offset":[26143,513],"column":4,"row":778,"file":"smallsql0.21_src/src/smallsql/database/SSResultSet.java"},"clone_class":"d8b9bdd2-13c5-42a1-9aea-f6ae55db4839","pairs":[{"type":2,"id":"7fffd374-b021-4d2e-ba98-dedf7bd2ccae"},{"type":2,"id":"d38aaf06-beb5-45ae-a14a-d35640fd4098"}],"id":"dc55d328-a412-4eb1-a82f-baf740b9c565"},{"src":"|project://smallsql0.21_src/src/smallsql/database/SSResultSet.java|(25455,513,<758,4>,<770,5>)","metadata":{"length":13,"sloc":13,"mass":56},"fragment":"public Date getDate(int columnIndex, Calendar cal) throws SQLException {\r\n        try{\r\n            if(cal == null){\r\n                return getDate(columnIndex);\r\n            }\r\n            Expression expr = getValue(columnIndex);\r\n            wasNull = expr.isNull();\r\n            if(wasNull) return null;\r\n            return new Date(DateTime.addDateTimeOffset( expr.getLong(), cal.getTimeZone() ));\r\n        }catch(Exception e){\r\n            throw SmallSQLException.createFromException( e );\r\n        }\r\n    }","location":{"offset":[25455,513],"column":4,"row":758,"file":"smallsql0.21_src/src/smallsql/database/SSResultSet.java"},"clone_class":"d8b9bdd2-13c5-42a1-9aea-f6ae55db4839","pairs":[{"type":2,"id":"dc55d328-a412-4eb1-a82f-baf740b9c565"},{"type":2,"id":"d38aaf06-beb5-45ae-a14a-d35640fd4098"}],"id":"7fffd374-b021-4d2e-ba98-dedf7bd2ccae"},{"src":"|project://smallsql0.21_src/src/smallsql/database/SSResultSet.java|(26831,533,<798,4>,<810,5>)","metadata":{"length":13,"sloc":13,"mass":56},"fragment":"public Timestamp getTimestamp(int columnIndex, Calendar cal) throws SQLException {\r\n        try{\r\n            if(cal == null){\r\n                return getTimestamp(columnIndex);\r\n            }\r\n            Expression expr = getValue(columnIndex);\r\n            wasNull = expr.isNull();\r\n            if(wasNull) return null;\r\n            return new Timestamp(DateTime.addDateTimeOffset( expr.getLong(), cal.getTimeZone() ));\r\n        }catch(Exception e){\r\n            throw SmallSQLException.createFromException( e );\r\n        }\r\n    }","location":{"offset":[26831,533],"column":4,"row":798,"file":"smallsql0.21_src/src/smallsql/database/SSResultSet.java"},"clone_class":"d8b9bdd2-13c5-42a1-9aea-f6ae55db4839","pairs":[{"type":2,"id":"dc55d328-a412-4eb1-a82f-baf740b9c565"},{"type":2,"id":"7fffd374-b021-4d2e-ba98-dedf7bd2ccae"}],"id":"d38aaf06-beb5-45ae-a14a-d35640fd4098"}]