[{"src":"|project://smallsql0.21_src/src/smallsql/database/MutableNumeric.java|(14515,907,<512,4>,<533,5>)","metadata":{"length":22,"sloc":19,"mass":119},"fragment":"public double doubleValue(){\r\n        if(value.length == 0 || signum == 0){\r\n            return 0;\r\n        }else{\r\n            if (value.length == 1 && (value[0] > 0)){\r\n                // simple Integer Value\r\n                return value[0] / scaleDoubleFactor[scale] * signum;\r\n            }else\r\n            if (value.length == 1){\r\n                // overflow Integer Value\r\n                long temp = value[0] & 0xFFFFFFFFL;\r\n                return temp / scaleDoubleFactor[scale] * signum;\r\n            }else\r\n            if (value.length == 2 && (value[0] > 0)){\r\n                // simple Long Value\r\n                long temp = (((long)value[0]) << 32) | (value[1] & 0xFFFFFFFFL);\r\n                return temp / scaleDoubleFactor[scale] * signum;\r\n            }else{\r\n                return new BigDecimal( new BigInteger( toByteArray() ), scale ).doubleValue();\r\n            }\r\n        }\r\n    }","location":{"offset":[14515,907],"column":4,"row":512,"file":"smallsql0.21_src/src/smallsql/database/MutableNumeric.java"},"clone_class":"5876308d-2a30-4f24-9bb4-c0308edd5893","pairs":[{"type":2,"id":"be45a1df-164d-40be-b7d4-2e9a9d2d25c3"}],"id":"3d25c948-559d-4e74-8096-b024b67f0ee1"},{"src":"|project://smallsql0.21_src/src/smallsql/database/MutableNumeric.java|(13606,901,<489,4>,<510,5>)","metadata":{"length":22,"sloc":19,"mass":119},"fragment":"public float floatValue(){\r\n        if(value.length == 0 || signum == 0){\r\n            return 0;\r\n        }else{\r\n            if (value.length == 1 && (value[0] > 0)){\r\n                // simple Integer Value\r\n                return value[0] / scaleFloatFactor[scale] * signum;\r\n            }else\r\n            if (value.length == 1){\r\n                // overflow Integer Value\r\n                long temp = value[0] & 0xFFFFFFFFL;\r\n                return temp / scaleFloatFactor[scale] * signum;\r\n            }else\r\n            if (value.length == 2 && (value[0] > 0)){\r\n                // simple Long Value\r\n                long temp = (((long)value[0]) << 32) | (value[1] & 0xFFFFFFFFL);\r\n                return temp / scaleFloatFactor[scale] * signum;\r\n            }else{\r\n                return new BigDecimal( new BigInteger( toByteArray() ), scale ).floatValue();\r\n            }\r\n        }\r\n    }","location":{"offset":[13606,901],"column":4,"row":489,"file":"smallsql0.21_src/src/smallsql/database/MutableNumeric.java"},"clone_class":"5876308d-2a30-4f24-9bb4-c0308edd5893","pairs":[{"type":2,"id":"3d25c948-559d-4e74-8096-b024b67f0ee1"}],"id":"be45a1df-164d-40be-b7d4-2e9a9d2d25c3"}]