[{"src":"|project://smallsql0.21_src/src/smallsql/database/SSCallableStatement.java|(5310,287,<145,8>,<152,9>)","metadata":{"length":8,"sloc":8,"mass":33},"fragment":"try{\r\n            MutableNumeric obj = getValue(i).getNumeric();\r\n            wasNull = obj == null;\r\n            if(wasNull) return null;\r\n            return obj.toBigDecimal(scale);\r\n        }catch(Exception e){\r\n            throw SmallSQLException.createFromException( e );\r\n        }","location":{"offset":[5310,287],"column":8,"row":145,"file":"smallsql0.21_src/src/smallsql/database/SSCallableStatement.java"},"clone_class":"94b62867-a299-4ee0-ab57-c2fc00316fea","pairs":[{"type":3,"id":"9550e753-9017-4058-a9ce-c3746f1718c2"}],"id":"6dc5d49d-fc01-4108-8249-51f0c9187b70"},{"src":"|project://smallsql0.21_src/src/smallsql/database/SSResultSet.java|(11185,310,<319,73>,<328,5>)","metadata":{"length":10,"sloc":10,"mass":33},"fragment":"{\r\n        try{\r\n            MutableNumeric obj = getValue(columnIndex).getNumeric();\r\n            wasNull = obj == null;\r\n            if(wasNull) return null;\r\n            return obj.toBigDecimal();\r\n        }catch(Exception e){\r\n            throw SmallSQLException.createFromException( e );\r\n        }\r\n    }","location":{"offset":[11185,310],"column":73,"row":319,"file":"smallsql0.21_src/src/smallsql/database/SSResultSet.java"},"clone_class":"94b62867-a299-4ee0-ab57-c2fc00316fea","pairs":[{"type":3,"id":"6dc5d49d-fc01-4108-8249-51f0c9187b70"}],"id":"9550e753-9017-4058-a9ce-c3746f1718c2"}]