[{"src":"|project://smallsql0.21_src/src/smallsql/database/SQLToken.java|(1666,236,<51,1>,<59,2>)","metadata":{"length":9,"sloc":6,"mass":33},"fragment":"/**\r\n\t * Constructor used for quoted strings \r\n\t */\r\n\tSQLToken (String name, int value, int tokenStart, int tokenEnd){\r\n\t\tthis.value  = value;\r\n\t\tthis.offset = tokenStart;\r\n\t\tthis.length = tokenEnd-tokenStart;\r\n\t\tthis.name   = name;\r\n\t}","location":{"offset":[1666,236],"column":1,"row":51,"file":"smallsql0.21_src/src/smallsql/database/SQLToken.java"},"clone_class":"7ef46289-85f5-4184-ad02-aa6f8ec1d1d2","pairs":[{"type":3,"id":"8afe4d60-1212-4a01-a404-0d87650a7bb3"}],"id":"2b10db96-dead-4bc1-aaf9-14a8eb0da6fe"},{"src":"|project://smallsql0.21_src/src/smallsql/database/ForeignKey.java|(1634,177,<48,1>,<53,2>)","metadata":{"length":6,"sloc":6,"mass":34},"fragment":"ForeignKey(String pkTable, IndexDescription pk, String fkTable, IndexDescription fk){\r\n\t\tthis.pkTable = pkTable;\r\n\t\tthis.fkTable = fkTable;\r\n\t\tthis.pk = pk;\r\n\t\tthis.fk = fk;\r\n\t}","location":{"offset":[1634,177],"column":1,"row":48,"file":"smallsql0.21_src/src/smallsql/database/ForeignKey.java"},"clone_class":"7ef46289-85f5-4184-ad02-aa6f8ec1d1d2","pairs":[{"type":3,"id":"2b10db96-dead-4bc1-aaf9-14a8eb0da6fe"}],"id":"8afe4d60-1212-4a01-a404-0d87650a7bb3"}]