[{"src":"|project://smallsql0.21_src/src/smallsql/database/ExpressionFunctionMod.java|(1337,368,<36,0>,<50,1>)","metadata":{"length":15,"sloc":10,"mass":37},"fragment":"final class ExpressionFunctionMod extends ExpressionFunctionReturnInt {\r\n\r\n    final int getFunction(){ return SQLTokenizer.MOD; }\r\n\r\n\t\r\n    boolean isNull() throws Exception{\r\n        return param1.isNull() || param2.isNull();\r\n    }\r\n\r\n\t\r\n    final int getInt() throws Exception{\r\n\t\tif(isNull()) return 0;\r\n        return param1.getInt() % param2.getInt();\r\n    }\r\n}","location":{"offset":[1337,368],"column":0,"row":36,"file":"smallsql0.21_src/src/smallsql/database/ExpressionFunctionMod.java"},"clone_class":"47cf03c6-e315-415e-b54a-2dc1920df9cd","pairs":[{"type":3,"id":"292ea686-09fa-45fa-b8dc-22a31646ee02"}],"id":"12983efe-d736-4808-b724-5564326d8129"},{"src":"|project://smallsql0.21_src/src/smallsql/database/ExpressionFunctionPower.java|(1339,391,<36,0>,<48,1>)","metadata":{"length":13,"sloc":10,"mass":38},"fragment":"final class ExpressionFunctionPower extends ExpressionFunctionReturnFloat {\r\n\r\n    final int getFunction(){ return SQLTokenizer.POWER; }\r\n\r\n    boolean isNull() throws Exception{\r\n        return param1.isNull() || param2.isNull();\r\n    }\r\n\r\n    final double getDouble() throws Exception{\r\n\t\tif(isNull()) return 0;\r\n        return Math.pow( param1.getDouble(), param2.getDouble() );\r\n    }\r\n}","location":{"offset":[1339,391],"column":0,"row":36,"file":"smallsql0.21_src/src/smallsql/database/ExpressionFunctionPower.java"},"clone_class":"47cf03c6-e315-415e-b54a-2dc1920df9cd","pairs":[{"type":3,"id":"12983efe-d736-4808-b724-5564326d8129"}],"id":"292ea686-09fa-45fa-b8dc-22a31646ee02"}]