[{"src":"|project://smallsql0.21_src/src/smallsql/database/IndexNode.java|(6480,873,<229,1>,<244,2>)","metadata":{"length":16,"sloc":4,"mass":32},"fragment":"/**\r\n\t * Add a value on a tree node end without roll out the completly tree.\r\n\t * This reduce the size of the tree if there are large enties with a high significance.\r\n\t * for example: \r\n\t * If you have large strings which are different on the on the first 3 charchters. \r\n\t * Then you need only a tree size of 3. \r\n\t * @param digit \t The digit must be in the range 0 between 255.\r\n\t * @param rowOffset  The result value. This is the value that is saved in the tree.\r\n\t * @param value \t The key value.\r\n\t * @param digitCount The count of digits from value that need to indexing in the tree. \r\n\t * \t\t\t\t\t The range is from 1 to 3;  \r\n\t */\r\n\tfinal void addRemainderKey(long rowOffset, long remainderValue, int charCount) throws SQLException{\r\n\t\tsaveRemainderValue(remainderValue, charCount);\r\n\t\tvalue = (unique) ? (Object)new Long(rowOffset) : new LongTreeList(rowOffset);\r\n\t}","location":{"offset":[6480,873],"column":1,"row":229,"file":"smallsql0.21_src/src/smallsql/database/IndexNode.java"},"clone_class":"833cd89e-3b33-4e2f-97fa-e7633d95ce7e","pairs":[{"type":2,"id":"87b8c5b3-28e1-4d4b-a5be-a7fd9800b411"}],"id":"8915d302-81ca-489b-aaf0-a2d078309fd0"},{"src":"|project://smallsql0.21_src/src/smallsql/database/IndexNode.java|(7362,230,<247,1>,<250,2>)","metadata":{"length":4,"sloc":4,"mass":33},"fragment":"final void addRemainderKey(long rowOffset, char[] remainderValue, int offset) throws SQLException{\r\n\t\tsaveRemainderValue(remainderValue, offset);\r\n\t\tvalue = (unique) ? (Object)new Long(rowOffset) : new LongTreeList(rowOffset);\r\n\t}","location":{"offset":[7362,230],"column":1,"row":247,"file":"smallsql0.21_src/src/smallsql/database/IndexNode.java"},"clone_class":"833cd89e-3b33-4e2f-97fa-e7633d95ce7e","pairs":[{"type":2,"id":"8915d302-81ca-489b-aaf0-a2d078309fd0"}],"id":"87b8c5b3-28e1-4d4b-a5be-a7fd9800b411"}]