[{"src":"|project://smallsql0.21_src/src/smallsql/database/SSResultSet.java|(10087,312,<289,4>,<297,5>)","metadata":{"length":9,"sloc":9,"mass":35},"fragment":"public Object getObject(int columnIndex) throws SQLException {\r\n        try{\r\n            Object obj = getValue(columnIndex).getApiObject();\r\n            wasNull = obj == null;\r\n            return obj;\r\n        }catch(Exception e){\r\n            throw SmallSQLException.createFromException( e );\r\n        }\r\n    }","location":{"offset":[10087,312],"column":4,"row":289,"file":"smallsql0.21_src/src/smallsql/database/SSResultSet.java"},"clone_class":"9d5083ec-93ae-487d-b0d5-3bc03c8d4878","pairs":[{"type":2,"id":"421e03dc-ef1d-4b89-8c77-63b36262791e"},{"type":2,"id":"f3853441-aa2a-4b22-90f3-eb615421eef7"}],"id":"81a8d369-89c5-4255-ad75-a06b0f60f7e8"},{"src":"|project://smallsql0.21_src/src/smallsql/database/SSCallableStatement.java|(6929,289,<193,4>,<201,5>)","metadata":{"length":9,"sloc":9,"mass":35},"fragment":"public Object getObject(int i) throws SQLException {\r\n        try{\r\n            Object obj = getValue(i).getObject();\r\n            wasNull = obj == null;\r\n            return obj;\r\n        }catch(Exception e){\r\n            throw SmallSQLException.createFromException( e );\r\n        }\r\n    }","location":{"offset":[6929,289],"column":4,"row":193,"file":"smallsql0.21_src/src/smallsql/database/SSCallableStatement.java"},"clone_class":"9d5083ec-93ae-487d-b0d5-3bc03c8d4878","pairs":[{"type":2,"id":"81a8d369-89c5-4255-ad75-a06b0f60f7e8"},{"type":2,"id":"f3853441-aa2a-4b22-90f3-eb615421eef7"}],"id":"421e03dc-ef1d-4b89-8c77-63b36262791e"},{"src":"|project://smallsql0.21_src/src/smallsql/database/SSCallableStatement.java|(3242,289,<84,4>,<92,5>)","metadata":{"length":9,"sloc":9,"mass":35},"fragment":"public String getString(int i) throws SQLException {\r\n        try{\r\n            String obj = getValue(i).getString();\r\n            wasNull = obj == null;\r\n            return obj;\r\n        }catch(Exception e){\r\n            throw SmallSQLException.createFromException( e );\r\n        }\r\n    }","location":{"offset":[3242,289],"column":4,"row":84,"file":"smallsql0.21_src/src/smallsql/database/SSCallableStatement.java"},"clone_class":"9d5083ec-93ae-487d-b0d5-3bc03c8d4878","pairs":[{"type":2,"id":"81a8d369-89c5-4255-ad75-a06b0f60f7e8"},{"type":2,"id":"421e03dc-ef1d-4b89-8c77-63b36262791e"}],"id":"f3853441-aa2a-4b22-90f3-eb615421eef7"}]