[{"src":"|project://smallsql0.21_src/src/smallsql/junit/TestDBMetaData.java|(8442,274,<183,8>,<183,282>)","metadata":{"length":1,"sloc":1,"mass":60},"fragment":"int[] colTypes = {Types.VARCHAR, Types.NULL, Types.VARCHAR, Types.VARCHAR, Types.SMALLINT, Types.VARCHAR, Types.INTEGER, Types.NULL, Types.INTEGER, Types.INTEGER, Types.INTEGER, Types.NULL, Types.VARCHAR, Types.NULL, Types.NULL, Types.INTEGER, Types.INTEGER, Types.VARCHAR};","location":{"offset":[8442,274],"column":8,"row":183,"file":"smallsql0.21_src/src/smallsql/junit/TestDBMetaData.java"},"clone_class":"f55754c5-62b0-4d64-b327-25e475b52246","pairs":[{"type":3,"id":"9230bd90-db3e-44ff-9938-779c30c6b3a5"},{"type":3,"id":"fcff7e24-07d9-4a31-bb24-7a37957c08f3"}],"id":"d66d22a2-6e8e-4ed3-9a72-3184d9c4ab3a"},{"src":"|project://smallsql0.21_src/src/smallsql/database/SQLParser.java|(80821,506,<2000,1>,<2000,507>)","metadata":{"length":1,"sloc":1,"mass":65},"fragment":"private static final int[] MISSING_INTERVALS = {SQLTokenizer.SQL_TSI_FRAC_SECOND, SQLTokenizer.SQL_TSI_SECOND, SQLTokenizer.SQL_TSI_MINUTE, SQLTokenizer.SQL_TSI_HOUR, SQLTokenizer.SQL_TSI_DAY, SQLTokenizer.SQL_TSI_WEEK, SQLTokenizer.SQL_TSI_MONTH, SQLTokenizer.SQL_TSI_QUARTER, SQLTokenizer.SQL_TSI_YEAR, SQLTokenizer.MILLISECOND, SQLTokenizer.SECOND, SQLTokenizer.MINUTE, SQLTokenizer.HOUR, SQLTokenizer.DAY, SQLTokenizer.WEEK, SQLTokenizer.MONTH, SQLTokenizer.QUARTER, SQLTokenizer.YEAR, SQLTokenizer.D};","location":{"offset":[80821,506],"column":1,"row":2000,"file":"smallsql0.21_src/src/smallsql/database/SQLParser.java"},"clone_class":"f55754c5-62b0-4d64-b327-25e475b52246","pairs":[{"type":3,"id":"d66d22a2-6e8e-4ed3-9a72-3184d9c4ab3a"},{"type":3,"id":"fcff7e24-07d9-4a31-bb24-7a37957c08f3"}],"id":"9230bd90-db3e-44ff-9938-779c30c6b3a5"}]