[{"src":"|project://smallsql0.21_src/src/smallsql/database/StoreImpl.java|(13617,218,<381,4>,<386,5>)","metadata":{"length":6,"sloc":6,"mass":43},"fragment":"int readInt(){\r\n        return  ((page[ offset++ ]) << 24) |\r\n                ((page[ offset++ ] & 0xFF) << 16) |\r\n                ((page[ offset++ ] & 0xFF) << 8) |\r\n                ((page[ offset++ ] & 0xFF));\r\n    }","location":{"offset":[13617,218],"column":4,"row":381,"file":"smallsql0.21_src/src/smallsql/database/StoreImpl.java"},"clone_class":"123f92a1-3c67-46a0-b8d5-365acb99c34c","pairs":[{"type":3,"id":"7e6de82a-5e56-4a30-a84b-70786a9a9b17"},{"type":3,"id":"cf9ff892-d6c7-493b-834e-a63bcad8d0b9"}],"id":"b2751f75-e309-402b-b6d1-32d67dd07539"},{"src":"|project://smallsql0.21_src/src/smallsql/database/MemoryStream.java|(3582,186,<129,1>,<134,2>)","metadata":{"length":6,"sloc":6,"mass":44},"fragment":"int readInt(){\r\n\t\treturn ((puffer[ offset++ ] & 0xFF) << 24)\r\n\t\t\t | ((puffer[ offset++ ] & 0xFF) << 16)\r\n\t\t\t | ((puffer[ offset++ ] & 0xFF) << 8)\r\n\t\t\t |  (puffer[ offset++ ] & 0xFF);\r\n\t}","location":{"offset":[3582,186],"column":1,"row":129,"file":"smallsql0.21_src/src/smallsql/database/MemoryStream.java"},"clone_class":"123f92a1-3c67-46a0-b8d5-365acb99c34c","pairs":[{"type":3,"id":"b2751f75-e309-402b-b6d1-32d67dd07539"},{"type":3,"id":"7e6de82a-5e56-4a30-a84b-70786a9a9b17"}],"id":"cf9ff892-d6c7-493b-834e-a63bcad8d0b9"}]