[{"src":"|project://smallsql0.21_src/src/smallsql/database/SSCallableStatement.java|(5310,287,<145,8>,<152,9>)","metadata":{"length":8,"sloc":8,"mass":33},"fragment":"try{\r\n            MutableNumeric obj = getValue(i).getNumeric();\r\n            wasNull = obj == null;\r\n            if(wasNull) return null;\r\n            return obj.toBigDecimal(scale);\r\n        }catch(Exception e){\r\n            throw SmallSQLException.createFromException( e );\r\n        }","location":{"offset":[5310,287],"column":8,"row":145,"file":"smallsql0.21_src/src/smallsql/database/SSCallableStatement.java"},"clone_class":"0712e1da-b6e0-46f2-bd42-2873b6fe1659","pairs":[{"type":3,"id":"64cc9e5a-b7a8-4cbc-bc5a-8fc70b01f431"},{"type":3,"id":"35ad3a77-b3b6-4497-9b82-c0106dfd6a7c"},{"type":3,"id":"6b029067-cfc8-4bcb-8fcd-01d1902dfd6f"}],"id":"6dc5d49d-fc01-4108-8249-51f0c9187b70"},{"src":"|project://smallsql0.21_src/src/smallsql/database/SSResultSet.java|(27609,305,<818,59>,<827,5>)","metadata":{"length":10,"sloc":10,"mass":34},"fragment":"{\r\n        try{\r\n            Expression expr = getValue(columnIndex);\r\n            wasNull = expr.isNull();\r\n            if(wasNull) return null;\r\n            return new URL( expr.getString() );\r\n        }catch(Exception e){\r\n            throw SmallSQLException.createFromException( e );\r\n        }\r\n    }","location":{"offset":[27609,305],"column":59,"row":818,"file":"smallsql0.21_src/src/smallsql/database/SSResultSet.java"},"clone_class":"0712e1da-b6e0-46f2-bd42-2873b6fe1659","pairs":[{"type":3,"id":"6dc5d49d-fc01-4108-8249-51f0c9187b70"},{"type":3,"id":"35ad3a77-b3b6-4497-9b82-c0106dfd6a7c"},{"type":3,"id":"6b029067-cfc8-4bcb-8fcd-01d1902dfd6f"}],"id":"64cc9e5a-b7a8-4cbc-bc5a-8fc70b01f431"},{"src":"|project://smallsql0.21_src/src/smallsql/database/SSResultSet.java|(6579,272,<191,8>,<198,9>)","metadata":{"length":8,"sloc":8,"mass":32},"fragment":"try{\r\n\t\t\tExpression expr = getValue(columnIndex);\r\n            wasNull = expr.isNull();\r\n\t\t\tif(wasNull) return null;\r\n\t\t\treturn DateTime.getTimestamp( expr.getLong() );\r\n        }catch(Exception e){\r\n            throw SmallSQLException.createFromException( e );\r\n        }","location":{"offset":[6579,272],"column":8,"row":191,"file":"smallsql0.21_src/src/smallsql/database/SSResultSet.java"},"clone_class":"0712e1da-b6e0-46f2-bd42-2873b6fe1659","pairs":[{"type":3,"id":"6dc5d49d-fc01-4108-8249-51f0c9187b70"},{"type":3,"id":"64cc9e5a-b7a8-4cbc-bc5a-8fc70b01f431"},{"type":3,"id":"6b029067-cfc8-4bcb-8fcd-01d1902dfd6f"}],"id":"35ad3a77-b3b6-4497-9b82-c0106dfd6a7c"},{"src":"|project://smallsql0.21_src/src/smallsql/database/SSCallableStatement.java|(5961,257,<164,8>,<171,9>)","metadata":{"length":8,"sloc":8,"mass":32},"fragment":"try{\r\n\t\t\tExpression expr = getValue(i);\r\n            wasNull = expr.isNull();\r\n\t\t\tif(wasNull) return null;\r\n\t\t\treturn DateTime.getDate( expr.getLong() );\r\n        }catch(Exception e){\r\n            throw SmallSQLException.createFromException( e );\r\n        }","location":{"offset":[5961,257],"column":8,"row":164,"file":"smallsql0.21_src/src/smallsql/database/SSCallableStatement.java"},"clone_class":"0712e1da-b6e0-46f2-bd42-2873b6fe1659","pairs":[{"type":3,"id":"6dc5d49d-fc01-4108-8249-51f0c9187b70"},{"type":3,"id":"64cc9e5a-b7a8-4cbc-bc5a-8fc70b01f431"},{"type":3,"id":"35ad3a77-b3b6-4497-9b82-c0106dfd6a7c"}],"id":"6b029067-cfc8-4bcb-8fcd-01d1902dfd6f"}]