[{"src":"|project://smallsql0.21_src/src/smallsql/database/Utils.java|(4081,184,<125,1>,<131,2>)","metadata":{"length":7,"sloc":7,"mass":30},"fragment":"static int long2int(long value){\r\n\t\tif(value > Integer.MAX_VALUE)\r\n\t\t\treturn Integer.MAX_VALUE;\r\n\t\tif(value < Integer.MIN_VALUE)\r\n\t\t\treturn Integer.MIN_VALUE;\r\n\t\treturn (int)value;\r\n\t}","location":{"offset":[4081,184],"column":1,"row":125,"file":"smallsql0.21_src/src/smallsql/database/Utils.java"},"clone_class":"33c9ffba-6154-4054-a7ef-d8d81b766b23","pairs":[{"type":3,"id":"29c7af7e-abbc-4d5e-90d6-21ad58f1f282"}],"id":"ce61fc56-0b4a-4b83-8c4f-fb3a878e2caf"},{"src":"|project://smallsql0.21_src/src/smallsql/database/Utils.java|(5896,193,<190,4>,<194,2>)","metadata":{"length":5,"sloc":5,"mass":30},"fragment":"static int money2int( long value ) {\r\n\t\tif (value < Integer.MIN_VALUE) return Integer.MIN_VALUE;\r\n\t\telse if (value > Integer.MAX_VALUE) return Integer.MAX_VALUE;\r\n\t\telse return (int) value;\r\n\t}","location":{"offset":[5896,193],"column":4,"row":190,"file":"smallsql0.21_src/src/smallsql/database/Utils.java"},"clone_class":"33c9ffba-6154-4054-a7ef-d8d81b766b23","pairs":[{"type":3,"id":"ce61fc56-0b4a-4b83-8c4f-fb3a878e2caf"}],"id":"29c7af7e-abbc-4d5e-90d6-21ad58f1f282"}]