[{"src":"|project://smallsql0.21_src/src/smallsql/junit/TestOrderBy.java|(17650,185,<666,2>,<671,3>)","metadata":{"length":6,"sloc":6,"mass":32},"fragment":"while(rs.next() && rs.getString(\"v\") == null){\r\n\t\t\tString newValue = rs.getString(\"c2\");\r\n\t\t\tassertTrue( oldValue.compareTo( newValue ) < 0 );\r\n\t\t\toldValue = newValue;\r\n\t\t\tcount++;\r\n\t\t}","location":{"offset":[17650,185],"column":2,"row":666,"file":"smallsql0.21_src/src/smallsql/junit/TestOrderBy.java"},"clone_class":"db100bae-1433-480f-be5f-1e4392dcb1eb","pairs":[{"type":3,"id":"6b6775d4-75bb-456e-9822-b1a4c2cf1143"}],"id":"78dc0db2-95ec-4f75-959f-8ee5546638e1"},{"src":"|project://smallsql0.21_src/src/smallsql/junit/TestDBMetaData.java|(7491,200,<164,8>,<169,9>)","metadata":{"length":6,"sloc":6,"mass":31},"fragment":"while(rs.next()){\r\n            String type2 = rs.getString(\"TABLE_TYPE\");\r\n            assertTrue( type+\"-\"+type2, type.compareTo(type2)<0);\r\n            type = type2;\r\n            count++;\r\n        }","location":{"offset":[7491,200],"column":8,"row":164,"file":"smallsql0.21_src/src/smallsql/junit/TestDBMetaData.java"},"clone_class":"db100bae-1433-480f-be5f-1e4392dcb1eb","pairs":[{"type":3,"id":"78dc0db2-95ec-4f75-959f-8ee5546638e1"}],"id":"6b6775d4-75bb-456e-9822-b1a4c2cf1143"}]