[{"src":"|project://smallsql0.21_src/src/smallsql/database/SSDatabaseMetaData.java|(19018,369,<798,101>,<806,5>)","metadata":{"length":9,"sloc":9,"mass":48},"fragment":"{\r\n\t\ttry {\r\n\t\t\tString[] colNames = {\"TABLE_CAT\", \"TABLE_SCHEM\", \"TABLE_NAME\", \"COLUMN_NAME\", \"KEY_SEQ\", \"PK_NAME\"};\r\n\t\t\tObject[][] data   = con.getDatabase(false).getPrimaryKeys(con, table);\r\n\t\t\treturn new SSResultSet( st, Utils.createMemoryCommandSelect( con, colNames, data));\r\n\t\t} catch (Exception e) {\r\n\t\t\tthrow SmallSQLException.createFromException(e);\r\n\t\t}\r\n    }","location":{"offset":[19018,369],"column":101,"row":798,"file":"smallsql0.21_src/src/smallsql/database/SSDatabaseMetaData.java"},"clone_class":"fcfff216-8df0-4746-8983-cb677ce55354","pairs":[{"type":3,"id":"c887dcca-6200-4959-8c66-dc6c9233fb86"}],"id":"ad156470-1226-4963-93c9-7e6de3790b0c"},{"src":"|project://smallsql0.21_src/src/smallsql/database/SSDatabaseMetaData.java|(18015,401,<777,2>,<783,3>)","metadata":{"length":7,"sloc":7,"mass":49},"fragment":"try {\r\n\t\t\tString[] colNames = {\"SCOPE\", \"COLUMN_NAME\", \"DATA_TYPE\", \"TYPE_NAME\", \"COLUMN_SIZE\", \"BUFFER_LENGTH\", \"DECIMAL_DIGITS\", \"PSEUDO_COLUMN\"};\r\n\t\t\tObject[][] data   = con.getDatabase(false).getBestRowIdentifier(con, table);\r\n\t\t\treturn new SSResultSet( st, Utils.createMemoryCommandSelect( con, colNames, data));\r\n\t\t} catch (Exception e) {\r\n\t\t\tthrow SmallSQLException.createFromException(e);\r\n\t\t}","location":{"offset":[18015,401],"column":2,"row":777,"file":"smallsql0.21_src/src/smallsql/database/SSDatabaseMetaData.java"},"clone_class":"fcfff216-8df0-4746-8983-cb677ce55354","pairs":[{"type":3,"id":"ad156470-1226-4963-93c9-7e6de3790b0c"}],"id":"c887dcca-6200-4959-8c66-dc6c9233fb86"}]