[{"src":"|project://smallsql0.21_src/src/smallsql/database/SSConnection.java|(6188,246,<188,28>,<194,9>)","metadata":{"length":7,"sloc":7,"mass":33},"fragment":"{\r\n            for(int i = commitPages.size() - 1; i >= savepoint; i--){\r\n                TransactionStep page = (TransactionStep)commitPages.remove(i);\r\n                page.rollback();\r\n                page.freeLock();\r\n            }\r\n        }","location":{"offset":[6188,246],"column":28,"row":188,"file":"smallsql0.21_src/src/smallsql/database/SSConnection.java"},"clone_class":"438260ce-2cab-4fc9-ac08-5f2abd2290d4","pairs":[{"type":3,"id":"5d097e1f-afb1-46c8-883a-7078af219470"}],"id":"bcc8c69d-ccc9-4ca3-82d3-b48bfba3cca8"},{"src":"|project://smallsql0.21_src/src/smallsql/database/Table.java|(10060,171,<294,68>,<299,4>)","metadata":{"length":6,"sloc":6,"mass":30},"fragment":"{\r\n\t\t\t\tfor(int i=0; i<locksInsert.size(); i++){\r\n\t\t\t\t\tTableStorePageInsert lock = (TableStorePageInsert)locksInsert.get(i);\r\n\t\t\t\t\tinserts.add(lock.getLink());\r\n\t\t\t\t}\r\n\t\t\t}","location":{"offset":[10060,171],"column":68,"row":294,"file":"smallsql0.21_src/src/smallsql/database/Table.java"},"clone_class":"438260ce-2cab-4fc9-ac08-5f2abd2290d4","pairs":[{"type":3,"id":"bcc8c69d-ccc9-4ca3-82d3-b48bfba3cca8"}],"id":"5d097e1f-afb1-46c8-883a-7078af219470"}]