[{"src":"|project://smallsql0.21_src/src/smallsql/database/ExpressionName.java|(2050,284,<64,4>,<72,5>)","metadata":{"length":9,"sloc":6,"mass":35},"fragment":"/**\r\n     * Is used in GroupResult.\r\n     */\r\n    public boolean equals(Object expr){\r\n    \tif(!super.equals(expr)) return false;\r\n    \tif(!(expr instanceof ExpressionName)) return false;\r\n    \tif( ((ExpressionName)expr).fromEntry != fromEntry) return false;\r\n    \treturn true;\r\n    }","location":{"offset":[2050,284],"column":4,"row":64,"file":"smallsql0.21_src/src/smallsql/database/ExpressionName.java"},"clone_class":"7ee97036-8afe-46b5-9408-4a0b6c95020b","pairs":[{"type":2,"id":"14036e74-5dba-4031-8e2a-3790d8a4d161"}],"id":"56c70b20-aff8-45ed-9889-f93ef5baa240"},{"src":"|project://smallsql0.21_src/src/smallsql/database/ExpressionArithmetic.java|(5094,272,<163,1>,<171,2>)","metadata":{"length":9,"sloc":6,"mass":35},"fragment":"/**\r\n\t * Is used in GroupResult.\r\n\t */\r\n\tpublic boolean equals(Object expr){\r\n\t\tif(!super.equals(expr)) return false;\r\n\t\tif(!(expr instanceof ExpressionArithmetic)) return false;\r\n\t\tif( ((ExpressionArithmetic)expr).operation != operation) return false;\r\n\t\treturn true;\r\n\t}","location":{"offset":[5094,272],"column":1,"row":163,"file":"smallsql0.21_src/src/smallsql/database/ExpressionArithmetic.java"},"clone_class":"7ee97036-8afe-46b5-9408-4a0b6c95020b","pairs":[{"type":2,"id":"56c70b20-aff8-45ed-9889-f93ef5baa240"}],"id":"14036e74-5dba-4031-8e2a-3790d8a4d161"}]