[{"src":"|project://smallsql0.21_src/src/smallsql/database/StoreImpl.java|(14362,535,<402,4>,<412,5>)","metadata":{"length":11,"sloc":10,"mass":97},"fragment":"long readLong(){\r\n        //return (((long)readInt()) << 32) | (readInt() & 0xFFFFFFFFL);\r\n        return  ((long)(page[ offset++ ]) << 56) |\r\n                ((long)(page[ offset++ ] & 0xFF) << 48) |\r\n                ((long)(page[ offset++ ] & 0xFF) << 40) |\r\n                ((long)(page[ offset++ ] & 0xFF) << 32) |\r\n                ((long)(page[ offset++ ] & 0xFF) << 24) |\r\n                ((page[ offset++ ] & 0xFF) << 16) |\r\n                ((page[ offset++ ] & 0xFF) << 8) |\r\n                ((page[ offset++ ] & 0xFF));\r\n    }","location":{"offset":[14362,535],"column":4,"row":402,"file":"smallsql0.21_src/src/smallsql/database/StoreImpl.java"},"clone_class":"ec5837fe-b0a7-4cd6-a2aa-20240b9e6832","pairs":[{"type":3,"id":"efeee2da-e7fd-42ea-8560-e6e7f525157c"},{"type":3,"id":"3b059864-ff93-4d64-99c9-ebf635284978"},{"type":3,"id":"f84c632e-f9c9-43d5-9817-5156535d6059"},{"type":3,"id":"8bc09da6-b791-435e-a9f7-fb4b3d26ca5c"}],"id":"1e5d9c73-6657-47c8-800e-325efcc4d861"},{"src":"|project://smallsql0.21_src/src/smallsql/database/MemoryStream.java|(3776,392,<137,1>,<146,2>)","metadata":{"length":10,"sloc":10,"mass":100},"fragment":"long readLong(){\r\n\t\treturn (((long)(puffer[ offset++ ] & 0xFF)) << 56)\r\n\t\t\t | (((long)(puffer[ offset++ ] & 0xFF)) << 48)\r\n\t\t\t | (((long)(puffer[ offset++ ] & 0xFF)) << 40)\r\n\t\t\t | (((long)(puffer[ offset++ ] & 0xFF)) << 32)\r\n\t\t\t | ((puffer[ offset++ ] & 0xFF) << 24)\r\n\t\t\t | ((puffer[ offset++ ] & 0xFF) << 16)\r\n\t\t\t | ((puffer[ offset++ ] & 0xFF) << 8)\r\n\t\t\t |  (puffer[ offset++ ] & 0xFF);\r\n\t}","location":{"offset":[3776,392],"column":1,"row":137,"file":"smallsql0.21_src/src/smallsql/database/MemoryStream.java"},"clone_class":"ec5837fe-b0a7-4cd6-a2aa-20240b9e6832","pairs":[{"type":3,"id":"efeee2da-e7fd-42ea-8560-e6e7f525157c"},{"type":3,"id":"1e5d9c73-6657-47c8-800e-325efcc4d861"},{"type":3,"id":"3b059864-ff93-4d64-99c9-ebf635284978"},{"type":3,"id":"f84c632e-f9c9-43d5-9817-5156535d6059"}],"id":"8bc09da6-b791-435e-a9f7-fb4b3d26ca5c"}]