[{"src":"|project://smallsql0.21_src/src/smallsql/database/language/Language.java|(23228,5376,<494,1>,<628,3>)","metadata":{"length":135,"sloc":114,"mass":345},"fragment":"private final String[][] SQL_STATES = {\r\n{ CUSTOM_MESSAGE           \t\t  , \"01000\" },\r\n\r\n{ UNSUPPORTED_OPERATION           , \"01000\" },\r\n{ CANT_LOCK_FILE                  , \"01000\" },\r\n\r\n{ DB_EXISTENT                     , \"01000\" },\r\n{ DB_NONEXISTENT                  , \"01000\" },\r\n{ DB_NOT_DIRECTORY                , \"01000\" },\r\n{ DB_NOTCONNECTED                 , \"01000\" },\r\n\r\n{ CONNECTION_CLOSED               , \"01000\" },\r\n\r\n{ VIEW_INSERT                     , \"01000\" },\r\n{ VIEWDROP_NOT_VIEW               , \"01000\" },\r\n{ VIEW_CANTDROP                   , \"01000\" },\r\n\r\n{ RSET_NOT_PRODUCED               , \"01000\" },\r\n{ RSET_READONLY                   , \"01000\" },\r\n{ RSET_FWDONLY                    , \"01000\" },\r\n{ RSET_CLOSED                     , \"01000\" },\r\n{ RSET_NOT_INSERT_ROW             , \"01000\" },\r\n{ RSET_ON_INSERT_ROW              , \"01000\" },\r\n{ ROWSOURCE_READONLY              , \"01000\" },\r\n{ STMT_IS_CLOSED                  , \"HY010\" },\r\n\r\n{ SUBQUERY_COL_COUNT              , \"01000\" },\r\n{ JOIN_DELETE                     , \"01000\" },\r\n{ JOIN_INSERT                     , \"01000\" },\r\n{ DELETE_WO_FROM                  , \"01000\" },\r\n{ INSERT_WO_FROM                  , \"01000\" },\r\n\r\n{ TABLE_CANT_RENAME               , \"01000\" },\r\n{ TABLE_CANT_DROP                 , \"01000\" },\r\n{ TABLE_CANT_DROP_LOCKED          , \"01000\" },\r\n{ TABLE_CORRUPT_PAGE              , \"01000\" },\r\n{ TABLE_MODIFIED                  , \"01000\" },\r\n{ TABLE_DEADLOCK                  , \"01000\" },\r\n{ TABLE_OR_VIEW_MISSING           , \"01000\" },\r\n{ TABLE_FILE_INVALID              , \"01000\" },\r\n{ TABLE_OR_VIEW_FILE_INVALID      , \"01000\" },\r\n{ TABLE_EXISTENT                  , \"01000\" },\r\n\r\n{ FK_NOT_TABLE                    , \"01000\" },\r\n{ PK_ONLYONE                      , \"01000\" },\r\n{ KEY_DUPLICATE                   , \"01000\" },\r\n\r\n{ MONTH_TOOLARGE                  , \"01000\" },\r\n{ DAYS_TOOLARGE                   , \"01000\" },\r\n{ HOURS_TOOLARGE                  , \"01000\" },\r\n{ MINUTES_TOOLARGE                , \"01000\" },\r\n{ SECS_TOOLARGE                   , \"01000\" },\r\n{ MILLIS_TOOLARGE                 , \"01000\" },\r\n{ DATETIME_INVALID                , \"01000\" },\r\n\r\n{ UNSUPPORTED_CONVERSION_OPER     , \"01000\" },\r\n{ UNSUPPORTED_DATATYPE_OPER       , \"01000\" },\r\n{ UNSUPPORTED_DATATYPE_FUNC       , \"01000\" },\r\n{ UNSUPPORTED_CONVERSION_FUNC     , \"01000\" },\r\n{ UNSUPPORTED_TYPE_CONV           , \"01000\" },\r\n{ UNSUPPORTED_TYPE_SUM            , \"01000\" },\r\n{ UNSUPPORTED_TYPE_MAX            , \"01000\" },\r\n{ UNSUPPORTED_CONVERSION          , \"01000\" },\r\n{ INSERT_INVALID_LEN              , \"01000\" },\r\n{ SUBSTR_INVALID_LEN              , \"01000\" },\r\n\r\n{ VALUE_STR_TOOLARGE              , \"01000\" },\r\n{ VALUE_BIN_TOOLARGE              , \"01000\" },\r\n{ VALUE_NULL_INVALID              , \"01000\" },\r\n{ VALUE_CANT_CONVERT              , \"01000\" },\r\n\r\n{ BYTEARR_INVALID_SIZE            , \"01000\" },\r\n{ LOB_DELETED                     , \"01000\" },\r\n\r\n{ PARAM_CLASS_UNKNOWN             , \"01000\" },\r\n{ PARAM_EMPTY                     , \"01000\" },\r\n{ PARAM_IDX_OUT_RANGE             , \"01000\" },\r\n\r\n{ COL_DUPLICATE                \t  , \"01000\" },\r\n{ COL_MISSING                     , \"01000\" },\r\n{ COL_VAL_UNMATCH                 , \"01000\" },\r\n{ COL_INVALID_SIZE                , \"01000\" },\r\n{ COL_WRONG_PREFIX                , \"01000\" },\r\n{ COL_READONLY                    , \"01000\" },\r\n{ COL_INVALID_NAME                , \"01000\" },\r\n{ COL_IDX_OUT_RANGE               , \"01000\" },\r\n{ COL_AMBIGUOUS                   , \"01000\" },\r\n\r\n{ GROUP_AGGR_INVALID              , \"01000\" },\r\n{ GROUP_AGGR_NOTPART              , \"01000\" },\r\n{ ORDERBY_INTERNAL                , \"01000\" },\r\n{ UNION_DIFFERENT_COLS            , \"01000\" },\r\n\r\n{ INDEX_EXISTS                    , \"01000\" },\r\n{ INDEX_MISSING                   , \"01000\" },\r\n{ INDEX_FILE_INVALID              , \"01000\" },\r\n{ INDEX_CORRUPT                   , \"01000\" },\r\n{ INDEX_TOOMANY_EQUALS            , \"01000\" },\r\n\r\n{ FILE_TOONEW                     , \"01000\" },\r\n{ FILE_TOOOLD                     , \"01000\" },\r\n{ FILE_CANT_DELETE                , \"01000\" },\r\n\r\n{ ROW_0_ABSOLUTE                  , \"01000\" },\r\n{ ROW_NOCURRENT                   , \"01000\" },\r\n{ ROWS_WRONG_MAX                  , \"01000\" },\r\n{ ROW_LOCKED                      , \"01000\" },\r\n{ ROW_DELETED                     , \"01000\" },\r\n\r\n{ SAVEPT_INVALID_TRANS            , \"01000\" },\r\n{ SAVEPT_INVALID_DRIVER           , \"01000\" },\r\n\r\n{ ALIAS_UNSUPPORTED               , \"01000\" },\r\n{ ISOLATION_UNKNOWN               , \"01000\" },\r\n{ FLAGVALUE_INVALID               , \"01000\" },\r\n{ ARGUMENT_INVALID                , \"01000\" },\r\n{ GENER_KEYS_UNREQUIRED           , \"01000\" },\r\n{ SEQUENCE_HEX_INVALID            , \"01000\" },\r\n{ SEQUENCE_HEX_INVALID_STR        , \"01000\" },\r\n\r\n{ SYNTAX_BASE_OFS            \t  , \"01000\" },\r\n{ SYNTAX_BASE_END        \t\t  , \"01000\" },\r\n{ STXADD_ADDITIONAL_TOK\t\t\t  , \"01000\" },\r\n{ STXADD_IDENT_EXPECT\t\t\t  , \"01000\" },\r\n{ STXADD_IDENT_EMPTY \t\t\t  , \"01000\" },\r\n{ STXADD_IDENT_WRONG \t\t\t  , \"01000\" },\r\n{ STXADD_OPER_MINUS \t\t\t  , \"01000\" },\r\n{ STXADD_FUNC_UNKNOWN \t\t\t  , \"01000\" },\r\n{ STXADD_PARAM_INVALID_COUNT\t  , \"01000\" },\r\n{ STXADD_JOIN_INVALID\t  \t\t  , \"01000\" },\r\n{ STXADD_FROM_PAR_CLOSE\t  \t\t  , \"01000\" },\r\n{ STXADD_KEYS_REQUIRED\t  \t\t  , \"01000\" },\r\n{ STXADD_NOT_NUMBER\t  \t\t      , \"01000\" },\r\n{ STXADD_COMMENT_OPEN\t\t\t  , \"01000\" },\r\n\t};","location":{"offset":[23228,5376],"column":1,"row":494,"file":"smallsql0.21_src/src/smallsql/database/language/Language.java"},"clone_class":"589ae447-e8f1-4286-bddb-0a2591864412","pairs":[{"type":2,"id":"1ab9e651-578f-4299-91ab-56c3e11e7429"}],"id":"3f880e40-7a6d-4f72-8c1b-b858df5d4b32"},{"src":"|project://smallsql0.21_src/src/smallsql/database/language/Language.java|(13722,9336,<354,1>,<488,3>)","metadata":{"length":135,"sloc":114,"mass":345},"fragment":"private final String[][] MESSAGES = {\r\n{ CUSTOM_MESSAGE           \t\t  , \"{0}\" },\r\n\r\n{ UNSUPPORTED_OPERATION           , \"Unsupported Operation {0}.\" },\r\n{ CANT_LOCK_FILE                  , \"Can''t lock file ''{0}''. A single SmallSQL Database can only be opened from a single process.\" },\r\n\r\n{ DB_EXISTENT                     , \"Database ''{0}'' already exists.\" },\r\n{ DB_NONEXISTENT                  , \"Database ''{0}'' does not exist.\" },\r\n{ DB_NOT_DIRECTORY                , \"Directory ''{0}'' is not a SmallSQL database.\" },\r\n{ DB_NOTCONNECTED                 , \"You are not connected with a Database.\" },\r\n\r\n{ CONNECTION_CLOSED               , \"Connection is already closed.\" },\r\n\r\n{ VIEW_INSERT                     , \"INSERT is not supported for a view.\" },\r\n{ VIEWDROP_NOT_VIEW               , \"Cannot use DROP VIEW with ''{0}'' because it does not is a view.\" },\r\n{ VIEW_CANTDROP                   , \"View ''{0}'' can''t be dropped.\" },\r\n\r\n{ RSET_NOT_PRODUCED               , \"No ResultSet was produced.\" },\r\n{ RSET_READONLY                   , \"ResultSet is read only.\" },\r\n{ RSET_FWDONLY                    , \"ResultSet is forward only.\" },\r\n{ RSET_CLOSED                     , \"ResultSet is closed.\" },\r\n{ RSET_NOT_INSERT_ROW             , \"Cursor is currently not on the insert row.\" },\r\n{ RSET_ON_INSERT_ROW              , \"Cursor is currently on the insert row.\" },\r\n{ ROWSOURCE_READONLY              , \"Rowsource is read only.\" },\r\n{ STMT_IS_CLOSED                  , \"Statement is already closed.\" },\r\n\r\n{ SUBQUERY_COL_COUNT              , \"Count of columns in subquery must be 1 and not {0}.\" },\r\n{ JOIN_DELETE                     , \"The method deleteRow not supported on joins.\" },\r\n{ JOIN_INSERT                     , \"The method insertRow not supported on joins.\" },\r\n{ DELETE_WO_FROM                  , \"The method deleteRow need a FROM expression.\" },\r\n{ INSERT_WO_FROM                  , \"The method insertRow need a FROM expression.\" },\r\n\r\n{ TABLE_CANT_RENAME               , \"Table ''{0}'' can''t be renamed.\" },\r\n{ TABLE_CANT_DROP                 , \"Table ''{0}'' can''t be dropped.\" },\r\n{ TABLE_CANT_DROP_LOCKED          , \"Table ''{0}'' can''t drop because is locked.\" },\r\n{ TABLE_CORRUPT_PAGE              , \"Corrupt table page at position: {0}.\" },\r\n{ TABLE_MODIFIED                  , \"Table ''{0}'' was modified.\" },\r\n{ TABLE_DEADLOCK                  , \"Deadlock, can not create a lock on table ''{0}''.\" },\r\n{ TABLE_OR_VIEW_MISSING           , \"Table or View ''{0}'' does not exist.\" },\r\n{ TABLE_FILE_INVALID              , \"File ''{0}'' does not include a valid SmallSQL Table.\" },\r\n{ TABLE_OR_VIEW_FILE_INVALID      , \"File ''{0}'' is not a valid Table or View store.\" },\r\n{ TABLE_EXISTENT                  , \"Table or View ''{0}'' already exists.\" },\r\n\r\n{ FK_NOT_TABLE                    , \"''{0}'' is not a table.\" },\r\n{ PK_ONLYONE                      , \"A table can have only one primary key.\" },\r\n{ KEY_DUPLICATE                   , \"Duplicate Key.\" },\r\n\r\n{ MONTH_TOOLARGE                  , \"Months are too large in DATE or TIMESTAMP value ''{0}''.\" },\r\n{ DAYS_TOOLARGE                   , \"Days are too large in DATE or TIMESTAMP value ''{0}''.\" },\r\n{ HOURS_TOOLARGE                  , \"Hours are too large in TIME or TIMESTAMP value ''{0}''.\" },\r\n{ MINUTES_TOOLARGE                , \"Minutes are too large in TIME or TIMESTAMP value ''{0}''.\" },\r\n{ SECS_TOOLARGE                   , \"Seconds are too large in TIME or TIMESTAMP value ''{0}''.\" },\r\n{ MILLIS_TOOLARGE                 , \"Milliseconds are too large in TIMESTAMP value ''{0}''.\" },\r\n{ DATETIME_INVALID                , \"''{0}'' is an invalid DATE, TIME or TIMESTAMP.\" },\r\n\r\n{ UNSUPPORTED_CONVERSION_OPER     , \"Unsupported conversion to data type ''{0}'' from data type ''{1}'' for operation ''{2}''.\" },\r\n{ UNSUPPORTED_DATATYPE_OPER       , \"Unsupported data type ''{0}'' for operation ''{1}''.\" },\r\n{ UNSUPPORTED_DATATYPE_FUNC       , \"Unsupported data type ''{0}'' for function ''{1}''.\" },\r\n{ UNSUPPORTED_CONVERSION_FUNC     , \"Unsupported conversion to data type ''{0}'' for function ''{1}''.\" },\r\n{ UNSUPPORTED_TYPE_CONV           , \"Unsupported type for CONVERT function: {0}.\" },\r\n{ UNSUPPORTED_TYPE_SUM            , \"Unsupported data type ''{0}'' for SUM function.\" },\r\n{ UNSUPPORTED_TYPE_MAX            , \"Unsupported data type ''{0}'' for MAX function.\" },\r\n{ UNSUPPORTED_CONVERSION          , \"Can''t convert ''{0}'' [{1}] to ''{2}''.\" },\r\n{ INSERT_INVALID_LEN              , \"Invalid length ''{0}'' in function INSERT.\" },\r\n{ SUBSTR_INVALID_LEN              , \"Invalid length ''{0}'' in function SUBSTRING.\" },\r\n\r\n{ VALUE_STR_TOOLARGE              , \"String value too large for column.\" },\r\n{ VALUE_BIN_TOOLARGE              , \"Binary value with length {0} to large for column with size {1}.\" },\r\n{ VALUE_NULL_INVALID              , \"Null values are not valid for column ''{0}''.\" },\r\n{ VALUE_CANT_CONVERT              , \"Cannot convert a {0} value to a {1} value.\" },\r\n\r\n{ BYTEARR_INVALID_SIZE            , \"Invalid byte array size {0} for UNIQUEIDENFIER.\" },\r\n{ LOB_DELETED                     , \"Lob Object was deleted.\" },\r\n\r\n{ PARAM_CLASS_UNKNOWN             , \"Unknown parameter class: ''{0}''.\" },\r\n{ PARAM_EMPTY                     , \"Parameter {0} is empty.\" },\r\n{ PARAM_IDX_OUT_RANGE             , \"Parameter index {0} out of range. The value must be between 1 and {1}.\" },\r\n\r\n{ COL_DUPLICATE                \t  , \"There is a duplicated column name: ''{0}''.\" },\r\n{ COL_MISSING                     , \"Column ''{0}'' not found.\" },\r\n{ COL_VAL_UNMATCH                 , \"Columns and Values count is not identical.\" },\r\n{ COL_INVALID_SIZE                , \"Invalid column size {0} for column ''{1}''.\" },\r\n{ COL_WRONG_PREFIX                , \"The column prefix ''{0}'' does not match with a table name or alias name used in this query.\" },\r\n{ COL_READONLY                    , \"Column {0} is read only.\" },\r\n{ COL_INVALID_NAME                , \"Invalid column name ''{0}''.\" },\r\n{ COL_IDX_OUT_RANGE               , \"Column index out of range: {0}.\" },\r\n{ COL_AMBIGUOUS                   , \"Column ''{0}'' is ambiguous.\" },\r\n\r\n{ GROUP_AGGR_INVALID              , \"Aggregate function are not valid in the GROUP BY clause ({0}).\" },\r\n{ GROUP_AGGR_NOTPART              , \"Expression ''{0}'' is not part of a aggregate function or GROUP BY clause.\" },\r\n{ ORDERBY_INTERNAL                , \"Internal Error with ORDER BY.\" },\r\n{ UNION_DIFFERENT_COLS            , \"Different SELECT of the UNION have different column count: {0} and {1}.\" },\r\n\r\n{ INDEX_EXISTS                    , \"Index ''{0}'' already exists.\" },\r\n{ INDEX_MISSING                   , \"Index ''{0}'' does not exist.\" },\r\n{ INDEX_FILE_INVALID              , \"File ''{0}'' is not a valid Index store.\" },\r\n{ INDEX_CORRUPT                   , \"Error in loading Index. Index file is corrupt. ({0}).\" },\r\n{ INDEX_TOOMANY_EQUALS            , \"Too many equals entry in Index.\" },\r\n\r\n{ FILE_TOONEW                     , \"File version ({0}) of file ''{1}'' is too new for this runtime.\" },\r\n{ FILE_TOOOLD                     , \"File version ({0}) of file ''{1}'' is too old for this runtime.\" },\r\n{ FILE_CANT_DELETE                , \"File ''{0}'' can't be deleted.\" },\r\n\r\n{ ROW_0_ABSOLUTE                  , \"Row 0 is invalid for method absolute().\" },\r\n{ ROW_NOCURRENT                   , \"No current row.\" },\r\n{ ROWS_WRONG_MAX                  , \"Wrong max rows value: {0}.\" },\r\n{ ROW_LOCKED                      , \"Row is locked from another Connection.\" },\r\n{ ROW_DELETED                     , \"Row already deleted.\" },\r\n\r\n{ SAVEPT_INVALID_TRANS            , \"Savepoint is not valid for this transaction.\" },\r\n{ SAVEPT_INVALID_DRIVER           , \"Savepoint is not valid for this driver {0}.\" },\r\n\r\n{ ALIAS_UNSUPPORTED               , \"Alias not supported for this type of row source.\" },\r\n{ ISOLATION_UNKNOWN               , \"Unknown Transaction Isolation Level: {0}.\" },\r\n{ FLAGVALUE_INVALID               , \"Invalid flag value in method getMoreResults: {0}.\" },\r\n{ ARGUMENT_INVALID                , \"Invalid argument in method setNeedGenratedKeys: {0}.\" },\r\n{ GENER_KEYS_UNREQUIRED           , \"GeneratedKeys not requested.\" },\r\n{ SEQUENCE_HEX_INVALID            , \"Invalid hex sequence at {0}.\" },\r\n{ SEQUENCE_HEX_INVALID_STR        , \"Invalid hex sequence at position {0} in ''{1}''.\" },\r\n\r\n{ SYNTAX_BASE_OFS            \t  , \"Syntax error at offset {0} on ''{1}''. \" },\r\n{ SYNTAX_BASE_END        \t\t  , \"Syntax error, unexpected end of SQL string. \" },\r\n{ STXADD_ADDITIONAL_TOK\t\t\t  , \"Additional token after end of SQL statement.\" },\r\n{ STXADD_IDENT_EXPECT\t\t\t  , \"Identifier expected.\" },\r\n{ STXADD_IDENT_EMPTY \t\t\t  , \"Empty Identifier.\" },\r\n{ STXADD_IDENT_WRONG \t\t\t  , \"Wrong Identifier ''{0}''.\" },\r\n{ STXADD_OPER_MINUS \t\t\t  , \"Invalid operator minus for data type VARBINARY.\" },\r\n{ STXADD_FUNC_UNKNOWN \t\t\t  , \"Unknown function.\" },\r\n{ STXADD_PARAM_INVALID_COUNT\t  , \"Invalid parameter count.\" },\r\n{ STXADD_JOIN_INVALID\t  \t\t  , \"Invalid Join Syntax.\" },\r\n{ STXADD_FROM_PAR_CLOSE\t  \t\t  , \"Unexpected closing parenthesis in FROM clause.\" },\r\n{ STXADD_KEYS_REQUIRED\t  \t\t  , \"Required keywords are: \" },\r\n{ STXADD_NOT_NUMBER\t  \t\t      , \"Number value required (passed = ''{0}'').\" },\r\n{ STXADD_COMMENT_OPEN\t\t\t  , \"Missing end comment mark (''*/'').\" },\r\n\t};","location":{"offset":[13722,9336],"column":1,"row":354,"file":"smallsql0.21_src/src/smallsql/database/language/Language.java"},"clone_class":"589ae447-e8f1-4286-bddb-0a2591864412","pairs":[{"type":2,"id":"3f880e40-7a6d-4f72-8c1b-b858df5d4b32"}],"id":"1ab9e651-578f-4299-91ab-56c3e11e7429"}]