[{"src":"|project://smallsql0.21_src/src/smallsql/database/ExpressionValue.java|(22651,311,<689,1>,<697,5>)","metadata":{"length":9,"sloc":8,"mass":33},"fragment":"static SQLException createUnsupportedConversion( int fromDataType, Object obj, int toDataType ){\r\n\t\tObject[] params = {\r\n\t\t\tSQLTokenizer.getKeyWord(fromDataType),\r\n\t\t\tobj,\r\n\t\t\tSQLTokenizer.getKeyWord(toDataType)\r\n\t\t};\r\n\t\t\r\n        return SmallSQLException.create(Language.UNSUPPORTED_CONVERSION, params);\r\n    }","location":{"offset":[22651,311],"column":1,"row":689,"file":"smallsql0.21_src/src/smallsql/database/ExpressionValue.java"},"clone_class":"961ccd97-3411-48f3-8cbf-0c951e176069","pairs":[{"type":3,"id":"97b904ec-a65f-4194-9882-0422d498b624"}],"id":"fcd2ee05-2412-4afc-9d21-d94f7b274f0c"},{"src":"|project://smallsql0.21_src/src/smallsql/database/SQLParser.java|(3984,603,<117,4>,<132,5>)","metadata":{"length":16,"sloc":5,"mass":30},"fragment":"/**\r\n\t * Create a syntax error message, using a message with a parameter.\r\n\t * \r\n\t * @param token\r\n\t *            token object; if not null, generates a SYNTAX_BASE_OFS,\r\n\t *            otherwise a SYNTAX_BASE_END.\r\n\t * @param addMessageCode\r\n\t *            additional message[Code] to append.\r\n\t * @param param0\r\n\t *            parameter.\r\n\t */\r\n    private SQLException createSyntaxError(SQLToken token, String addMessageCode, \r\n    \t\tObject param0) {\r\n    \tString message = getErrorString(token, addMessageCode, param0);\r\n    \treturn SmallSQLException.create(Language.CUSTOM_MESSAGE, message);\r\n    }","location":{"offset":[3984,603],"column":4,"row":117,"file":"smallsql0.21_src/src/smallsql/database/SQLParser.java"},"clone_class":"961ccd97-3411-48f3-8cbf-0c951e176069","pairs":[{"type":3,"id":"fcd2ee05-2412-4afc-9d21-d94f7b274f0c"}],"id":"97b904ec-a65f-4194-9882-0422d498b624"}]