[{"src":"|project://smallsql0.21_src/src/smallsql/database/ForeignKey.java|(1634,177,<48,1>,<53,2>)","metadata":{"length":6,"sloc":6,"mass":34},"fragment":"ForeignKey(String pkTable, IndexDescription pk, String fkTable, IndexDescription fk){\r\n\t\tthis.pkTable = pkTable;\r\n\t\tthis.fkTable = fkTable;\r\n\t\tthis.pk = pk;\r\n\t\tthis.fk = fk;\r\n\t}","location":{"offset":[1634,177],"column":1,"row":48,"file":"smallsql0.21_src/src/smallsql/database/ForeignKey.java"},"clone_class":"b1917e83-f767-4692-81da-d27ecec1ab7b","pairs":[{"type":3,"id":"a8cad7b1-04b8-411e-a975-38ef29ea78a4"}],"id":"8afe4d60-1212-4a01-a404-0d87650a7bb3"},{"src":"|project://smallsql0.21_src/src/smallsql/database/CommandTable.java|(1687,255,<47,4>,<53,5>)","metadata":{"length":7,"sloc":7,"mass":37},"fragment":"CommandTable( Logger log, String catalog, String name, int tableCommandType ){\r\n    \tsuper(log);\r\n        this.type = SQLTokenizer.TABLE;\r\n        this.catalog = catalog;\r\n        this.name = name;\r\n        this.tableCommandType = tableCommandType;\r\n    }","location":{"offset":[1687,255],"column":4,"row":47,"file":"smallsql0.21_src/src/smallsql/database/CommandTable.java"},"clone_class":"b1917e83-f767-4692-81da-d27ecec1ab7b","pairs":[{"type":3,"id":"8afe4d60-1212-4a01-a404-0d87650a7bb3"}],"id":"a8cad7b1-04b8-411e-a975-38ef29ea78a4"}]