[{"src":"|project://smallsql0.21_src/src/smallsql/junit/TestExceptionMethods.java|(8304,441,<236,11>,<246,9>)","metadata":{"length":11,"sloc":11,"mass":35},"fragment":"{\r\n            Statement st = con.createStatement();\r\n            st.execute(\"create table foo (myint number)\");\r\n            st.execute(\"create table bar (myint number)\");\r\n            try{\r\n                st.executeQuery(\"select myint from foo, bar\");\r\n                fail(\"SQLException 'Ambiguous name' should be throw\");\r\n            }catch(SQLException e){\r\n                assertSQLException(\"01000\", 0, e);\r\n            }\r\n        }","location":{"offset":[8304,441],"column":11,"row":236,"file":"smallsql0.21_src/src/smallsql/junit/TestExceptionMethods.java"},"clone_class":"397e47c0-61f1-45dc-ad5d-3ca8be3db008","pairs":[{"type":3,"id":"0d97f051-552e-4d51-a50d-c09cde3db003"}],"id":"23ca0388-6fd4-4e3d-8f17-214b676ff405"},{"src":"|project://smallsql0.21_src/src/smallsql/junit/TestExceptionMethods.java|(5834,471,<167,8>,<178,9>)","metadata":{"length":12,"sloc":12,"mass":37},"fragment":"try{\r\n            Statement st = con.createStatement();\r\n            st.execute(\"Create Table DuplicatedColumn(col INT)\");\r\n            try{\r\n                st.execute(\"ALTER TABLE DuplicatedColumn Add Col INT\");\r\n                fail(\"SQLException 'Duplicated Column' should be throw\");\r\n            }catch(SQLException e){\r\n                assertSQLException(\"01000\", 0, e);\r\n            }\r\n        }finally{\r\n            dropTable(con, \"DuplicatedColumn\");\r\n        }","location":{"offset":[5834,471],"column":8,"row":167,"file":"smallsql0.21_src/src/smallsql/junit/TestExceptionMethods.java"},"clone_class":"397e47c0-61f1-45dc-ad5d-3ca8be3db008","pairs":[{"type":3,"id":"23ca0388-6fd4-4e3d-8f17-214b676ff405"}],"id":"0d97f051-552e-4d51-a50d-c09cde3db003"}]