[{"src":"|project://smallsql0.21_src/src/smallsql/database/StoreImpl.java|(19785,162,<573,8>,<577,9>)","metadata":{"length":5,"sloc":5,"mass":41},"fragment":"for(int i=0; i<length; i++){\r\n            char c = daten[i];\r\n            page[ offset++ ] = (byte)(c);\r\n            page[ offset++ ] = (byte)(c >> 8);\r\n        }","location":{"offset":[19785,162],"column":8,"row":573,"file":"smallsql0.21_src/src/smallsql/database/StoreImpl.java"},"clone_class":"49ef657c-0884-41b4-8a45-591296c908b1","pairs":[{"type":3,"id":"7280e825-c0f8-4502-ba06-4b5f7401ea05"}],"id":"4e59e655-7c27-4f7f-ac2b-19a11a1fadbc"},{"src":"|project://smallsql0.21_src/src/smallsql/database/MemoryStream.java|(2707,139,<89,2>,<93,3>)","metadata":{"length":5,"sloc":5,"mass":43},"fragment":"for(int i=0; i<value.length; i++){\r\n\t\t\tchar c = value[i];\r\n\t\t\tpuffer[ offset++ ] = (byte)(c >> 8);\r\n\t\t\tpuffer[ offset++ ] = (byte)(c);\r\n\t\t}","location":{"offset":[2707,139],"column":2,"row":89,"file":"smallsql0.21_src/src/smallsql/database/MemoryStream.java"},"clone_class":"49ef657c-0884-41b4-8a45-591296c908b1","pairs":[{"type":3,"id":"4e59e655-7c27-4f7f-ac2b-19a11a1fadbc"}],"id":"7280e825-c0f8-4502-ba06-4b5f7401ea05"}]