[{"src":"|project://smallsql0.21_src/src/smallsql/database/SSResultSet.java|(12529,306,<370,4>,<378,5>)","metadata":{"length":9,"sloc":9,"mass":35},"fragment":"public boolean first() throws SQLException {\r\n\t\ttry{\r\n\t\t\tif(st.rsType == ResultSet.TYPE_FORWARD_ONLY) throw SmallSQLException.create(Language.RSET_FWDONLY);\r\n            moveToCurrentRow();\r\n\t\t\treturn getCmd().first();\r\n\t\t}catch(Exception e){\r\n\t\t\tthrow SmallSQLException.createFromException(e);\r\n\t\t}\r\n    }","location":{"offset":[12529,306],"column":4,"row":370,"file":"smallsql0.21_src/src/smallsql/database/SSResultSet.java"},"clone_class":"2e88f8b1-20d9-456c-ab8e-d277cb814054","pairs":[{"type":3,"id":"34e8dd40-1faf-434c-b638-38898e965cdd"}],"id":"34c372ba-76f5-4268-851a-550271b15890"},{"src":"|project://smallsql0.21_src/src/smallsql/database/SSResultSet.java|(13512,310,<411,1>,<419,2>)","metadata":{"length":9,"sloc":9,"mass":35},"fragment":"public void afterLast() throws SQLException {\r\n\t\ttry{\r\n\t\t\tif(st.rsType == ResultSet.TYPE_FORWARD_ONLY) throw SmallSQLException.create(Language.RSET_FWDONLY);\r\n            moveToCurrentRow();\r\n            getCmd().afterLast();\r\n\t\t}catch(Exception e){\r\n\t\t\tthrow SmallSQLException.createFromException(e);\r\n\t\t}\r\n\t}","location":{"offset":[13512,310],"column":1,"row":411,"file":"smallsql0.21_src/src/smallsql/database/SSResultSet.java"},"clone_class":"2e88f8b1-20d9-456c-ab8e-d277cb814054","pairs":[{"type":3,"id":"34c372ba-76f5-4268-851a-550271b15890"}],"id":"34e8dd40-1faf-434c-b638-38898e965cdd"}]