[{"src":"|project://smallsql0.21_src/src/smallsql/junit/TestTransactions.java|(4699,714,<140,5>,<157,3>)","metadata":{"length":18,"sloc":13,"mass":48},"fragment":"{\t\t\t\r\n\t\t    con.createStatement().execute(\"Create Table transactions (i int identity, v varchar(20))\");\r\n\t\t\tcon.setAutoCommit(false);\r\n\t\t\tassertRowCount( 0, \"Select * from transactions\");\r\n\r\n\t\t\tcon.createStatement().execute(\"Insert Into transactions(v) Values('qwert')\");\r\n\t\t\tassertRowCount( 1, \"Select * from transactions\");\r\n\r\n\t\t\tcon.createStatement().execute(\"Insert Into transactions(v) Select v From transactions\");\r\n\t\t\tassertRowCount( 2, \"Select * from transactions\");\r\n\r\n\t\t\tcon.createStatement().execute(\"Insert Into transactions(v) (Select v From transactions)\");\r\n\t\t\tassertRowCount( 4, \"Select * from transactions\");\r\n\t\t\t\r\n\t\t\tcon.rollback();\r\n\t\t\tassertRowCount( 0, \"Select * from transactions\");\r\n\t\t\t\r\n\t\t}","location":{"offset":[4699,714],"column":5,"row":140,"file":"smallsql0.21_src/src/smallsql/junit/TestTransactions.java"},"clone_class":"fa40d849-28d9-43eb-98dd-350ed0272e43","pairs":[{"type":3,"id":"07a208f6-e679-4646-87e0-91a4b5b32bee"},{"type":3,"id":"0473b126-7c7e-417d-94c7-b18055a6c384"}],"id":"a4d6151d-fc0d-460f-9400-41fe5bb98b10"},{"src":"|project://smallsql0.21_src/src/smallsql/junit/TestTransactions.java|(3724,706,<112,5>,<129,3>)","metadata":{"length":18,"sloc":13,"mass":48},"fragment":"{\t\t\t\r\n\t\t\tcon.createStatement().execute(\"Create Table transactions (i int identity, v varchar(20))\");\r\n\t\t\tassertRowCount( 0, \"Select * from transactions\");\r\n\r\n\t\t\tcon.createStatement().execute(\"Insert Into transactions(v) Values('qwert')\");\r\n\t\t\tassertRowCount( 1, \"Select * from transactions\");\r\n\r\n\t\t\tcon.setAutoCommit(false);\r\n\t\t\tcon.createStatement().execute(\"Insert Into transactions(v) Select v From transactions\");\r\n\t\t\tassertRowCount( 2, \"Select * from transactions\");\r\n\r\n\t\t\tcon.createStatement().execute(\"Insert Into transactions (Select * From transactions)\");\r\n\t\t\tassertRowCount( 4, \"Select * from transactions\");\r\n\t\t\t\r\n\t\t\tcon.commit();\r\n\t\t\tassertRowCount( 4, \"Select * from transactions\");\r\n\t\t\t\r\n\t\t}","location":{"offset":[3724,706],"column":5,"row":112,"file":"smallsql0.21_src/src/smallsql/junit/TestTransactions.java"},"clone_class":"fa40d849-28d9-43eb-98dd-350ed0272e43","pairs":[{"type":3,"id":"a4d6151d-fc0d-460f-9400-41fe5bb98b10"},{"type":3,"id":"0473b126-7c7e-417d-94c7-b18055a6c384"}],"id":"07a208f6-e679-4646-87e0-91a4b5b32bee"},{"src":"|project://smallsql0.21_src/src/smallsql/junit/TestTransactions.java|(2663,704,<81,5>,<98,3>)","metadata":{"length":18,"sloc":13,"mass":48},"fragment":"{\t\t\t\r\n\t\t\tcon.setAutoCommit(false);\r\n\t\t\tcon.createStatement().execute(\"Create Table transactions (i int identity, v varchar(20))\");\r\n\t\t\tassertRowCount( 0, \"Select * from transactions\");\r\n\r\n\t\t\tcon.createStatement().execute(\"Insert Into transactions(v) Values('qwert')\");\r\n\t\t\tassertRowCount( 1, \"Select * from transactions\");\r\n\r\n\t\t\tcon.createStatement().execute(\"Insert Into transactions(v) Select v From transactions\");\r\n\t\t\tassertRowCount( 2, \"Select * from transactions\");\r\n\r\n\t\t\tcon.createStatement().execute(\"Insert Into transactions Select * From transactions\");\r\n\t\t\tassertRowCount( 4, \"Select * from transactions\");\r\n\t\t\t\r\n\t\t\tcon.commit();\r\n\t\t\tassertRowCount( 4, \"Select * from transactions\");\r\n\t\t\t\r\n\t\t}","location":{"offset":[2663,704],"column":5,"row":81,"file":"smallsql0.21_src/src/smallsql/junit/TestTransactions.java"},"clone_class":"fa40d849-28d9-43eb-98dd-350ed0272e43","pairs":[{"type":3,"id":"a4d6151d-fc0d-460f-9400-41fe5bb98b10"},{"type":3,"id":"07a208f6-e679-4646-87e0-91a4b5b32bee"}],"id":"0473b126-7c7e-417d-94c7-b18055a6c384"}]