[{"src":"|project://smallsql0.21_src/src/smallsql/database/View.java|(4310,265,<137,1>,<144,2>)","metadata":{"length":8,"sloc":8,"mass":33},"fragment":"@Override\r\n    void writeMagic(FileChannel raFile) throws Exception{\r\n        ByteBuffer buffer = ByteBuffer.allocate(8);\r\n        buffer.putInt(MAGIC_VIEW);\r\n        buffer.putInt(TABLE_VIEW_VERSION);\r\n        buffer.position(0);\r\n        raFile.write(buffer);\r\n\t}","location":{"offset":[4310,265],"column":1,"row":137,"file":"smallsql0.21_src/src/smallsql/database/View.java"},"clone_class":"3782ab76-2953-4396-b284-9cd9bc80fd93","pairs":[{"type":2,"id":"a2b1ac15-30a6-4985-9842-fe94a5a6a0ef"},{"type":2,"id":"1f5fcf3a-5577-4251-9049-d2099eef81be"}],"id":"f4c9d5c3-562b-46e3-a5fb-1a92e117e8b8"},{"src":"|project://smallsql0.21_src/src/smallsql/database/IndexDescription.java|(6808,245,<213,1>,<219,2>)","metadata":{"length":7,"sloc":7,"mass":33},"fragment":"private final void writeMagic(FileChannel raFile) throws Exception{\r\n\t    ByteBuffer buffer = ByteBuffer.allocate(8);\r\n\t    buffer.putInt(MAGIC_INDEX);\r\n\t    buffer.putInt(INDEX_VERSION);\r\n\t    buffer.position(0);\r\n\t    raFile.write(buffer);\r\n\t}","location":{"offset":[6808,245],"column":1,"row":213,"file":"smallsql0.21_src/src/smallsql/database/IndexDescription.java"},"clone_class":"3782ab76-2953-4396-b284-9cd9bc80fd93","pairs":[{"type":2,"id":"f4c9d5c3-562b-46e3-a5fb-1a92e117e8b8"},{"type":2,"id":"1f5fcf3a-5577-4251-9049-d2099eef81be"}],"id":"a2b1ac15-30a6-4985-9842-fe94a5a6a0ef"},{"src":"|project://smallsql0.21_src/src/smallsql/database/Table.java|(7421,266,<220,1>,<227,2>)","metadata":{"length":8,"sloc":8,"mass":33},"fragment":"@Override\r\n    void writeMagic(FileChannel raFile) throws Exception{\r\n        ByteBuffer buffer = ByteBuffer.allocate(8);\r\n        buffer.putInt(MAGIC_TABLE);\r\n        buffer.putInt(TABLE_VIEW_VERSION);\r\n        buffer.position(0);\r\n        raFile.write(buffer);\r\n\t}","location":{"offset":[7421,266],"column":1,"row":220,"file":"smallsql0.21_src/src/smallsql/database/Table.java"},"clone_class":"3782ab76-2953-4396-b284-9cd9bc80fd93","pairs":[{"type":2,"id":"f4c9d5c3-562b-46e3-a5fb-1a92e117e8b8"},{"type":2,"id":"a2b1ac15-30a6-4985-9842-fe94a5a6a0ef"}],"id":"1f5fcf3a-5577-4251-9049-d2099eef81be"}]