[{"src":"|project://smallsql0.21_src/src/smallsql/database/StoreImpl.java|(13630,205,<381,17>,<386,5>)","metadata":{"length":6,"sloc":6,"mass":41},"fragment":"{\r\n        return  ((page[ offset++ ]) << 24) |\r\n                ((page[ offset++ ] & 0xFF) << 16) |\r\n                ((page[ offset++ ] & 0xFF) << 8) |\r\n                ((page[ offset++ ] & 0xFF));\r\n    }","location":{"offset":[13630,205],"column":17,"row":381,"file":"smallsql0.21_src/src/smallsql/database/StoreImpl.java"},"clone_class":"014fb42a-0638-4d70-abc9-bb73394d93ce","pairs":[{"type":3,"id":"7e6de82a-5e56-4a30-a84b-70786a9a9b17"},{"type":3,"id":"cf9ff892-d6c7-493b-834e-a63bcad8d0b9"},{"type":3,"id":"8176ca2e-5b5e-4067-a22e-97e69a2abe0e"}],"id":"22cbdd0a-0184-49f0-82cd-82ba3a78d5fb"},{"src":"|project://smallsql0.21_src/src/smallsql/database/MemoryStream.java|(3582,186,<129,1>,<134,2>)","metadata":{"length":6,"sloc":6,"mass":44},"fragment":"int readInt(){\r\n\t\treturn ((puffer[ offset++ ] & 0xFF) << 24)\r\n\t\t\t | ((puffer[ offset++ ] & 0xFF) << 16)\r\n\t\t\t | ((puffer[ offset++ ] & 0xFF) << 8)\r\n\t\t\t |  (puffer[ offset++ ] & 0xFF);\r\n\t}","location":{"offset":[3582,186],"column":1,"row":129,"file":"smallsql0.21_src/src/smallsql/database/MemoryStream.java"},"clone_class":"014fb42a-0638-4d70-abc9-bb73394d93ce","pairs":[{"type":3,"id":"7e6de82a-5e56-4a30-a84b-70786a9a9b17"},{"type":3,"id":"22cbdd0a-0184-49f0-82cd-82ba3a78d5fb"},{"type":3,"id":"8176ca2e-5b5e-4067-a22e-97e69a2abe0e"}],"id":"cf9ff892-d6c7-493b-834e-a63bcad8d0b9"}]