[{"src":"|project://smallsql0.21_src/src/smallsql/database/Index.java|(5748,2327,<152,129>,<217,2>)","metadata":{"length":66,"sloc":65,"mass":267},"fragment":"{\r\n\t\t\tif(expr.isNull()){\r\n                if(!searchNullValues){\r\n                    return null;\r\n                }\r\n\t\t\t\tpage = findNull(page);\r\n\t\t\t}else{\r\n\t\t\t\tswitch(expr.getDataType()){\r\n\t\t\t\t\tcase SQLTokenizer.REAL:\r\n\t\t\t\t\t\tpage = find( page, floatToBinarySortOrder( expr.getFloat()), 2, nodeList );\r\n\t\t\t\t\t\tbreak;\r\n\t\t\t\t\tcase SQLTokenizer.DOUBLE:\r\n\t\t\t\t\tcase SQLTokenizer.FLOAT:\r\n\t\t\t\t\t\tpage = find( page, doubleToBinarySortOrder( expr.getDouble()), 4, nodeList );\r\n\t\t\t\t\t\tbreak;\r\n\t\t\t\t\tcase SQLTokenizer.TINYINT:\r\n\t\t\t\t\t\tpage = find( page, expr.getInt(), 1, nodeList );\r\n\t\t\t\t\t\tbreak;\r\n\t\t\t\t\tcase SQLTokenizer.SMALLINT:\r\n\t\t\t\t\t\tpage = find( page, shortToBinarySortOrder( expr.getInt()), 1, nodeList );\r\n\t\t\t\t\t\tbreak;\r\n\t\t\t\t\tcase SQLTokenizer.INT:\r\n\t\t\t\t\t\tpage = find( page, intToBinarySortOrder( expr.getInt()), 2, nodeList );\r\n\t\t\t\t\t\tbreak;\r\n\t\t\t\t\tcase SQLTokenizer.BIGINT:\r\n\t\t\t\t\tcase SQLTokenizer.DATE:\r\n\t\t\t\t\tcase SQLTokenizer.TIME:\r\n\t\t\t\t\tcase SQLTokenizer.TIMESTAMP:\r\n\t\t\t\t\tcase SQLTokenizer.SMALLDATETIME:\r\n\t\t\t\t\tcase SQLTokenizer.MONEY:\r\n\t\t\t\t\tcase SQLTokenizer.SMALLMONEY:\r\n\t\t\t\t\t\tpage = find( page, longToBinarySortOrder( expr.getLong()), 4, nodeList );\r\n\t\t\t\t\t\tbreak;\r\n\t\t\t\t\tcase SQLTokenizer.VARCHAR:\r\n\t\t\t\t\tcase SQLTokenizer.NVARCHAR:\r\n\t\t\t\t\tcase SQLTokenizer.LONGVARCHAR:\r\n\t\t\t\t\tcase SQLTokenizer.LONGNVARCHAR:\r\n\t\t\t\t\tcase SQLTokenizer.CLOB:\r\n\t\t\t\t\t\tpage = find( page, stringToBinarySortOrder( expr.getString(), false ), nodeList );\r\n\t\t\t\t\t\tbreak;\r\n\t\t\t\t\tcase SQLTokenizer.NCHAR:\r\n\t\t\t\t\tcase SQLTokenizer.CHAR:\r\n\t\t\t\t\t\tpage = find( page, stringToBinarySortOrder( expr.getString(), true ), nodeList );\r\n\t\t\t\t\t\tbreak;\r\n\t\t\t\t\tcase SQLTokenizer.VARBINARY:\r\n\t\t\t\t\tcase SQLTokenizer.BINARY:\r\n\t\t\t\t\tcase SQLTokenizer.LONGVARBINARY:\r\n\t\t\t\t\tcase SQLTokenizer.BLOB:\r\n\t\t\t\t\tcase SQLTokenizer.UNIQUEIDENTIFIER:\r\n\t\t\t\t\t\tpage = find( page, bytesToBinarySortOrder( expr.getBytes()), nodeList );\r\n\t\t\t\t\t\tbreak;\r\n\t\t\t\t\tcase SQLTokenizer.BIT:\r\n\t\t\t\t\tcase SQLTokenizer.BOOLEAN:\r\n\t\t\t\t\t\tpage = find( page, expr.getBoolean() ? 2 : 1, 1, nodeList );\r\n\t\t\t\t\t\tbreak;\r\n\t\t\t\t\tcase SQLTokenizer.NUMERIC:\r\n\t\t\t\t\tcase SQLTokenizer.DECIMAL:\t\t\t\t\t\t\r\n\t\t\t\t\t\tpage = find( page, numericToBinarySortOrder( expr.getNumeric() ), nodeList );\r\n\t\t\t\t\t\tbreak;\r\n\t\t\t\t\tdefault: \r\n\t\t\t\t\t\t//TODO more data types\r\n\t\t\t\t\t\tthrow new Error(String.valueOf(expr.getDataType()));\r\n\t\t\t\t}\r\n\t\t\t}\r\n\t\t\treturn page;\r\n\t}","location":{"offset":[5748,2327],"column":129,"row":152,"file":"smallsql0.21_src/src/smallsql/database/Index.java"},"clone_class":"8c25f7ef-5567-464f-b241-503c5c74151e","pairs":[{"type":3,"id":"7363acbe-47e5-4343-b649-65db515d0307"}],"id":"3f1423a3-8c3b-4125-b6b7-1951a41ce76a"},{"src":"|project://smallsql0.21_src/src/smallsql/database/Index.java|(8604,2348,<231,3>,<289,4>)","metadata":{"length":59,"sloc":58,"mass":267},"fragment":"if(expr.isNull()){\r\n\t\t\t\tpage = addNull(page, rowOffset, isLastValues);\r\n\t\t\t}else{\r\n\t\t\t\tswitch(expr.getDataType()){\r\n\t\t\t\t\tcase SQLTokenizer.REAL:\r\n\t\t\t\t\t\tpage = add( page, rowOffset, floatToBinarySortOrder( expr.getFloat()), isLastValues, 2 );\r\n\t\t\t\t\t\tbreak;\r\n\t\t\t\t\tcase SQLTokenizer.DOUBLE:\r\n\t\t\t\t\tcase SQLTokenizer.FLOAT:\r\n\t\t\t\t\t\tpage = add( page, rowOffset, doubleToBinarySortOrder( expr.getDouble()), isLastValues, 4 );\r\n\t\t\t\t\t\tbreak;\r\n\t\t\t\t\tcase SQLTokenizer.TINYINT:\r\n\t\t\t\t\t\tpage = add( page, rowOffset, expr.getInt(), isLastValues, 1 );\r\n\t\t\t\t\t\tbreak;\r\n\t\t\t\t\tcase SQLTokenizer.SMALLINT:\r\n\t\t\t\t\t\tpage = add( page, rowOffset, shortToBinarySortOrder( expr.getInt()), isLastValues, 1 );\r\n\t\t\t\t\t\tbreak;\r\n\t\t\t\t\tcase SQLTokenizer.INT:\r\n\t\t\t\t\t\tpage = add( page, rowOffset, intToBinarySortOrder( expr.getInt()), isLastValues, 2 );\r\n\t\t\t\t\t\tbreak;\r\n\t\t\t\t\tcase SQLTokenizer.BIGINT:\r\n\t\t\t\t\tcase SQLTokenizer.DATE:\r\n\t\t\t\t\tcase SQLTokenizer.TIME:\r\n\t\t\t\t\tcase SQLTokenizer.TIMESTAMP:\r\n\t\t\t\t\tcase SQLTokenizer.SMALLDATETIME:\r\n\t\t\t\t\tcase SQLTokenizer.MONEY:\r\n\t\t\t\t\tcase SQLTokenizer.SMALLMONEY:\r\n\t\t\t\t\t\tpage = add( page, rowOffset, longToBinarySortOrder( expr.getLong()), isLastValues, 4 );\r\n\t\t\t\t\t\tbreak;\r\n\t\t\t\t\tcase SQLTokenizer.VARCHAR:\r\n\t\t\t\t\tcase SQLTokenizer.NVARCHAR:\r\n\t\t\t\t\tcase SQLTokenizer.LONGVARCHAR:\r\n\t\t\t\t\tcase SQLTokenizer.LONGNVARCHAR:\r\n\t\t\t\t\t\tpage = add( page, rowOffset, stringToBinarySortOrder( expr.getString(), false ), isLastValues );\r\n\t\t\t\t\t\tbreak;\r\n\t\t\t\t\tcase SQLTokenizer.NCHAR:\r\n\t\t\t\t\tcase SQLTokenizer.CHAR:\r\n\t\t\t\t\t\tpage = add( page, rowOffset, stringToBinarySortOrder( expr.getString(), true ), isLastValues );\r\n\t\t\t\t\t\tbreak;\r\n\t\t\t\t\tcase SQLTokenizer.VARBINARY:\r\n\t\t\t\t\tcase SQLTokenizer.BINARY:\r\n\t\t\t\t\tcase SQLTokenizer.LONGVARBINARY:\r\n\t\t\t\t\tcase SQLTokenizer.BLOB:\r\n\t\t\t\t\tcase SQLTokenizer.UNIQUEIDENTIFIER:\r\n\t\t\t\t\t\tpage = add( page, rowOffset, bytesToBinarySortOrder( expr.getBytes()), isLastValues );\r\n\t\t\t\t\t\tbreak;\r\n\t\t\t\t\tcase SQLTokenizer.BIT:\r\n\t\t\t\t\tcase SQLTokenizer.BOOLEAN:\r\n\t\t\t\t\t\tpage = add( page, rowOffset, expr.getBoolean() ? 2 : 1, isLastValues, 1 );\r\n\t\t\t\t\t\tbreak;\r\n\t\t\t\t\tcase SQLTokenizer.NUMERIC:\r\n\t\t\t\t\tcase SQLTokenizer.DECIMAL:\r\n\t\t\t\t\t\tpage = add( page, rowOffset, numericToBinarySortOrder( expr.getNumeric()), isLastValues );\r\n\t\t\t\t\t\tbreak;\r\n\t\t\t\t\tdefault: \r\n\t\t\t\t\t\t//TODO more data types\r\n\t\t\t\t\t\tthrow new Error(String.valueOf(expr.getDataType()));\r\n\t\t\t\t}\r\n\t\t\t}","location":{"offset":[8604,2348],"column":3,"row":231,"file":"smallsql0.21_src/src/smallsql/database/Index.java"},"clone_class":"8c25f7ef-5567-464f-b241-503c5c74151e","pairs":[{"type":3,"id":"3f1423a3-8c3b-4125-b6b7-1951a41ce76a"}],"id":"7363acbe-47e5-4343-b649-65db515d0307"}]