[{"src":"|project://smallsql0.21_src/src/smallsql/junit/TestThreads.java|(2560,632,<88,40>,<104,13>)","metadata":{"length":17,"sloc":15,"mass":54},"fragment":"{\r\n                Thread thread = new Thread(new Runnable(){\r\n\r\n                    public void run(){\r\n                        try{\r\n                            Statement st2 = con.createStatement();\r\n                            int count = st2.executeUpdate(\"UPDATE ConcurrentWrite SET value = value + 1\");\r\n                            assertEquals(\"Update Count\", 1, count);\r\n                        }catch(Throwable ex){\r\n                            throwable = ex;\r\n                        }\r\n                    }\r\n\r\n                });\r\n                threadList.add(thread);\r\n                thread.start();\r\n            }","location":{"offset":[2560,632],"column":40,"row":88,"file":"smallsql0.21_src/src/smallsql/junit/TestThreads.java"},"clone_class":"88d51c6e-ddf0-4381-ae0b-d9ba75dcd578","pairs":[{"type":3,"id":"494c260d-0195-40c3-8288-899f3663b586"}],"id":"3d9bc35c-bf07-4ec0-95fb-d6a6ae2e18ff"},{"src":"|project://smallsql0.21_src/src/smallsql/junit/TestThreads.java|(4458,627,<141,32>,<155,18>)","metadata":{"length":15,"sloc":13,"mass":51},"fragment":"new Thread(new Runnable(){\r\n\r\n                    public void run(){\r\n                        try{\r\n                            Connection con2 = AllTests.createConnection();\r\n                            Statement st2 = con2.createStatement();\r\n                            int count = st2.executeUpdate(\"UPDATE ConcurrentWrite SET value = value + 1\");\r\n                            assertEquals(\"Update Count\", 1, count);\r\n                            con2.close();\r\n                        }catch(Throwable ex){\r\n                            throwable = ex;\r\n                        }\r\n                    }\r\n\r\n                })","location":{"offset":[4458,627],"column":32,"row":141,"file":"smallsql0.21_src/src/smallsql/junit/TestThreads.java"},"clone_class":"88d51c6e-ddf0-4381-ae0b-d9ba75dcd578","pairs":[{"type":3,"id":"3d9bc35c-bf07-4ec0-95fb-d6a6ae2e18ff"}],"id":"494c260d-0195-40c3-8288-899f3663b586"}]