[{"src":"|project://smallsql0.21_src/src/smallsql/junit/TestAlterTable.java|(2888,612,<77,8>,<91,9>)","metadata":{"length":15,"sloc":15,"mass":56},"fragment":"try{\r\n            con.setTransactionIsolation( Connection.TRANSACTION_REPEATABLE_READ );\r\n            ResultSet rs = st.executeQuery(\"Select * From \" + table);\r\n            rs.next();\r\n            try {\r\n                st.execute(\"Alter Table \" + table + \" Add a Varchar(20)\");\r\n                fail(\"Alter Table should not work on a table with a lock.\");\r\n            } catch (SQLException ex) {\r\n                assertSQLException( \"01000\", 0, ex );\r\n            }\r\n            rs.next();\r\n        }finally{\r\n            con.setTransactionIsolation(isolation);\r\n            con.setAutoCommit(true);\r\n        }","location":{"offset":[2888,612],"column":8,"row":77,"file":"smallsql0.21_src/src/smallsql/junit/TestAlterTable.java"},"clone_class":"55dfdbe3-9194-40d0-aaf3-fd7f2515a5af","pairs":[{"type":3,"id":"4fe41e29-acc6-4c0d-94d4-c0f33808fa93"}],"id":"5c456c87-8e94-4c17-b41c-7bf7dbe9f2c8"},{"src":"|project://smallsql0.21_src/src/smallsql/junit/TestAlterTable.java|(3792,611,<100,8>,<114,9>)","metadata":{"length":15,"sloc":15,"mass":56},"fragment":"try{\r\n            con.setTransactionIsolation( Connection.TRANSACTION_READ_COMMITTED );\r\n            ResultSet rs = st.executeQuery(\"Select * From \" + table);\r\n            rs.next();\r\n            st.execute(\"Alter Table \" + table + \" Add a Varchar(20)\");\r\n            try {\r\n                rs.next();\r\n                fail(\"Alter Table should not work on a table with a lock.\");\r\n            } catch (SQLException ex) {\r\n                assertSQLException( \"01000\", 0, ex );\r\n            }\r\n        }finally{\r\n            con.setTransactionIsolation(isolation);\r\n            con.setAutoCommit(true);\r\n        }","location":{"offset":[3792,611],"column":8,"row":100,"file":"smallsql0.21_src/src/smallsql/junit/TestAlterTable.java"},"clone_class":"55dfdbe3-9194-40d0-aaf3-fd7f2515a5af","pairs":[{"type":3,"id":"5c456c87-8e94-4c17-b41c-7bf7dbe9f2c8"}],"id":"4fe41e29-acc6-4c0d-94d4-c0f33808fa93"}]