[{"src":"|project://smallsql0.21_src/src/smallsql/database/ExpressionFunctionMod.java|(0,1705,<1,0>,<50,1>)","metadata":{"length":50,"sloc":11,"mass":40},"fragment":"/* =============================================================\r\n * SmallSQL : a free Java DBMS library for the Java(tm) platform\r\n * =============================================================\r\n *\r\n * (C) Copyright 2004-2006, by Volker Berlin.\r\n *\r\n * Project Info:  http://www.smallsql.de/\r\n *\r\n * This library is free software; you can redistribute it and/or modify it \r\n * under the terms of the GNU Lesser General Public License as published by \r\n * the Free Software Foundation; either version 2.1 of the License, or \r\n * (at your option) any later version.\r\n *\r\n * This library is distributed in the hope that it will be useful, but \r\n * WITHOUT ANY WARRANTY; without even the implied warranty of MERCHANTABILITY \r\n * or FITNESS FOR A PARTICULAR PURPOSE. See the GNU Lesser General Public \r\n * License for more details.\r\n *\r\n * You should have received a copy of the GNU Lesser General Public\r\n * License along with this library; if not, write to the Free Software\r\n * Foundation, Inc., 51 Franklin Street, Fifth Floor, Boston, MA  02110-1301, \r\n * USA.  \r\n *\r\n * [Java is a trademark or registered trademark of Sun Microsystems, Inc. \r\n * in the United States and other countries.]\r\n *\r\n * ---------------\r\n * ExpressionFunctionMod.java\r\n * ---------------\r\n * Author: Volker Berlin\r\n * \r\n */\r\npackage smallsql.database;\r\n\r\n\r\nfinal class ExpressionFunctionMod extends ExpressionFunctionReturnInt {\r\n\r\n    final int getFunction(){ return SQLTokenizer.MOD; }\r\n\r\n\t\r\n    boolean isNull() throws Exception{\r\n        return param1.isNull() || param2.isNull();\r\n    }\r\n\r\n\t\r\n    final int getInt() throws Exception{\r\n\t\tif(isNull()) return 0;\r\n        return param1.getInt() % param2.getInt();\r\n    }\r\n}","location":{"offset":[0,1705],"column":0,"row":1,"file":"smallsql0.21_src/src/smallsql/database/ExpressionFunctionMod.java"},"clone_class":"d96404f3-ba73-40c5-96ab-fcd7972c0550","pairs":[{"type":3,"id":"7d939227-0d25-4184-aba8-2cbd8299744f"}],"id":"1429229a-0429-46a8-9bcb-4eadb9fd0132"},{"src":"|project://smallsql0.21_src/src/smallsql/database/ExpressionFunctionPower.java|(0,1730,<1,0>,<48,1>)","metadata":{"length":48,"sloc":11,"mass":41},"fragment":"/* =============================================================\r\n * SmallSQL : a free Java DBMS library for the Java(tm) platform\r\n * =============================================================\r\n *\r\n * (C) Copyright 2004-2006, by Volker Berlin.\r\n *\r\n * Project Info:  http://www.smallsql.de/\r\n *\r\n * This library is free software; you can redistribute it and/or modify it \r\n * under the terms of the GNU Lesser General Public License as published by \r\n * the Free Software Foundation; either version 2.1 of the License, or \r\n * (at your option) any later version.\r\n *\r\n * This library is distributed in the hope that it will be useful, but \r\n * WITHOUT ANY WARRANTY; without even the implied warranty of MERCHANTABILITY \r\n * or FITNESS FOR A PARTICULAR PURPOSE. See the GNU Lesser General Public \r\n * License for more details.\r\n *\r\n * You should have received a copy of the GNU Lesser General Public\r\n * License along with this library; if not, write to the Free Software\r\n * Foundation, Inc., 51 Franklin Street, Fifth Floor, Boston, MA  02110-1301, \r\n * USA.  \r\n *\r\n * [Java is a trademark or registered trademark of Sun Microsystems, Inc. \r\n * in the United States and other countries.]\r\n *\r\n * ---------------\r\n * ExpressionFunctionPower.java\r\n * ---------------\r\n * Author: Volker Berlin\r\n * \r\n */\r\npackage smallsql.database;\r\n\r\n\r\nfinal class ExpressionFunctionPower extends ExpressionFunctionReturnFloat {\r\n\r\n    final int getFunction(){ return SQLTokenizer.POWER; }\r\n\r\n    boolean isNull() throws Exception{\r\n        return param1.isNull() || param2.isNull();\r\n    }\r\n\r\n    final double getDouble() throws Exception{\r\n\t\tif(isNull()) return 0;\r\n        return Math.pow( param1.getDouble(), param2.getDouble() );\r\n    }\r\n}","location":{"offset":[0,1730],"column":0,"row":1,"file":"smallsql0.21_src/src/smallsql/database/ExpressionFunctionPower.java"},"clone_class":"d96404f3-ba73-40c5-96ab-fcd7972c0550","pairs":[{"type":3,"id":"1429229a-0429-46a8-9bcb-4eadb9fd0132"}],"id":"7d939227-0d25-4184-aba8-2cbd8299744f"}]