[{"src":"|project://smallsql0.21_src/src/smallsql/database/Where.java|(2761,256,<108,1>,<115,2>)","metadata":{"length":8,"sloc":8,"mass":30},"fragment":"final boolean previous() throws Exception {\r\n        boolean oldIsCurrentRow = isCurrentRow;\r\n\t\tdo{\r\n\t\t\tisCurrentRow = rowSource.previous();\r\n\t\t}while(isCurrentRow && !isValidRow());\r\n\t\tif(oldIsCurrentRow || isCurrentRow) row--;\r\n\t\treturn isCurrentRow;\r\n\t}","location":{"offset":[2761,256],"column":1,"row":108,"file":"smallsql0.21_src/src/smallsql/database/Where.java"},"clone_class":"4b06b54c-563a-4e1d-9587-2720d58e91d4","pairs":[{"type":2,"id":"ead43e2b-3ef4-4a04-902f-972eadb2d1ea"}],"id":"8a26e288-5475-4243-a45e-bb1ebdc96333"},{"src":"|project://smallsql0.21_src/src/smallsql/database/Where.java|(3024,248,<118,1>,<125,2>)","metadata":{"length":8,"sloc":8,"mass":30},"fragment":"final boolean next() throws Exception {\r\n        boolean oldIsCurrentRow = isCurrentRow;\r\n\t\tdo{\r\n\t\t\tisCurrentRow = rowSource.next();\r\n\t\t}while(isCurrentRow && !isValidRow());\r\n\t\tif(oldIsCurrentRow || isCurrentRow) row++;\r\n\t\treturn isCurrentRow;\r\n\t}","location":{"offset":[3024,248],"column":1,"row":118,"file":"smallsql0.21_src/src/smallsql/database/Where.java"},"clone_class":"4b06b54c-563a-4e1d-9587-2720d58e91d4","pairs":[{"type":2,"id":"8a26e288-5475-4243-a45e-bb1ebdc96333"}],"id":"ead43e2b-3ef4-4a04-902f-972eadb2d1ea"}]