[{"src":"|project://smallsql0.21_src/src/smallsql/database/StoreImpl.java|(13649,178,<382,16>,<385,43>)","metadata":{"length":4,"sloc":4,"mass":39},"fragment":"((page[ offset++ ]) << 24) |\r\n                ((page[ offset++ ] & 0xFF) << 16) |\r\n                ((page[ offset++ ] & 0xFF) << 8) |\r\n                ((page[ offset++ ] & 0xFF))","location":{"offset":[13649,178],"column":16,"row":382,"file":"smallsql0.21_src/src/smallsql/database/StoreImpl.java"},"clone_class":"3d1988ce-dd6d-4f0c-9802-414bfb74cc6a","pairs":[{"type":3,"id":"c99bf309-3c22-41ec-b661-78bde231c043"},{"type":3,"id":"8176ca2e-5b5e-4067-a22e-97e69a2abe0e"}],"id":"28d01607-2806-46a6-aee3-f3db64124e29"},{"src":"|project://smallsql0.21_src/src/smallsql/database/MemoryStream.java|(3600,164,<130,2>,<133,35>)","metadata":{"length":4,"sloc":4,"mass":41},"fragment":"return ((puffer[ offset++ ] & 0xFF) << 24)\r\n\t\t\t | ((puffer[ offset++ ] & 0xFF) << 16)\r\n\t\t\t | ((puffer[ offset++ ] & 0xFF) << 8)\r\n\t\t\t |  (puffer[ offset++ ] & 0xFF);","location":{"offset":[3600,164],"column":2,"row":130,"file":"smallsql0.21_src/src/smallsql/database/MemoryStream.java"},"clone_class":"3d1988ce-dd6d-4f0c-9802-414bfb74cc6a","pairs":[{"type":3,"id":"c99bf309-3c22-41ec-b661-78bde231c043"},{"type":3,"id":"28d01607-2806-46a6-aee3-f3db64124e29"}],"id":"8176ca2e-5b5e-4067-a22e-97e69a2abe0e"}]