[{"src":"|project://smallsql0.21_src/src/smallsql/database/ExpressionFunctionTruncate.java|(1768,188,<50,2>,<60,3>)","metadata":{"length":11,"sloc":11,"mass":46},"fragment":"if(places > 0){\r\n\t\t\tfor(int i=0; i<places; i++){\r\n\t\t\t\tfactor *= 10;\r\n\t\t\t}\r\n\t\t\tvalue *= factor;\r\n\t\t}else{\r\n\t\t\tfor(int i=0; i>places; i--){\r\n\t\t\t\tfactor *= 10;\r\n\t\t\t}\r\n\t\t\tvalue /= factor;\r\n\t\t}","location":{"offset":[1768,188],"column":2,"row":50,"file":"smallsql0.21_src/src/smallsql/database/ExpressionFunctionTruncate.java"},"clone_class":"3df4f677-709c-4376-9bb4-70d208bb9b6b","pairs":[{"type":1,"id":"dbbb7b6c-5c19-4c6d-9d81-a0667892cfe5"}],"id":"c1114a04-7640-4c26-bacb-5774844fd25c"},{"src":"|project://smallsql0.21_src/src/smallsql/database/ExpressionFunctionRound.java|(1759,188,<50,2>,<60,3>)","metadata":{"length":11,"sloc":11,"mass":46},"fragment":"if(places > 0){\r\n\t\t\tfor(int i=0; i<places; i++){\r\n\t\t\t\tfactor *= 10;\r\n\t\t\t}\r\n\t\t\tvalue *= factor;\r\n\t\t}else{\r\n\t\t\tfor(int i=0; i>places; i--){\r\n\t\t\t\tfactor *= 10;\r\n\t\t\t}\r\n\t\t\tvalue /= factor;\r\n\t\t}","location":{"offset":[1759,188],"column":2,"row":50,"file":"smallsql0.21_src/src/smallsql/database/ExpressionFunctionRound.java"},"clone_class":"3df4f677-709c-4376-9bb4-70d208bb9b6b","pairs":[{"type":1,"id":"c1114a04-7640-4c26-bacb-5774844fd25c"}],"id":"dbbb7b6c-5c19-4c6d-9d81-a0667892cfe5"}]