[{"src":"|project://smallsql0.21_src/src/smallsql/database/language/Language.java|(12108,343,<292,33>,<306,2>)","metadata":{"length":15,"sloc":13,"mass":62},"fragment":"{\r\n\t\tSet inserted = new HashSet(); // for duplicates checking\r\n\t\t\r\n\t\tfor (int i = 0; i < entries.length; i++) {\r\n\t\t\tString key = entries[i][0];\r\n\t\t\t\r\n\t\t\tif (! inserted.add(key)) {\r\n\t\t\t\tthrow new IllegalArgumentException(\"Duplicate key: \" + key);\r\n\t\t\t}\r\n\t\t\telse {\r\n\t\t\t\tString value = entries[i][1];\r\n\t\t\t\tmessages.put(key, value);\r\n\t\t\t}\r\n\t\t}\r\n\t}","location":{"offset":[12108,343],"column":33,"row":292,"file":"smallsql0.21_src/src/smallsql/database/language/Language.java"},"clone_class":"6fe28b16-ff31-42c5-b201-65afab77ba22","pairs":[{"type":2,"id":"ce604d06-7668-4f4b-97a2-da4a34ec3b53"}],"id":"fc9c67ef-98af-4578-bbc1-54cb8c973cfd"},{"src":"|project://smallsql0.21_src/src/smallsql/database/language/Language.java|(12780,353,<318,35>,<332,2>)","metadata":{"length":15,"sloc":13,"mass":62},"fragment":"{\r\n\t\tSet inserted = new HashSet(); // for duplicates checking\r\n\t\t\r\n\t\tfor (int i = 0; i < SQL_STATES.length; i++) {\r\n\t\t\tString key = SQL_STATES[i][0];\r\n\t\t\t\r\n\t\t\tif (! inserted.add(key)) {\r\n\t\t\t\tthrow new IllegalArgumentException(\"Duplicate key: \" + key);\r\n\t\t\t}\r\n\t\t\telse {\r\n\t\t\t\tString value = SQL_STATES[i][1];\r\n\t\t\t\tsqlStates.put(key, value);\r\n\t\t\t}\r\n\t\t}\r\n\t}","location":{"offset":[12780,353],"column":35,"row":318,"file":"smallsql0.21_src/src/smallsql/database/language/Language.java"},"clone_class":"6fe28b16-ff31-42c5-b201-65afab77ba22","pairs":[{"type":2,"id":"fc9c67ef-98af-4578-bbc1-54cb8c973cfd"}],"id":"ce604d06-7668-4f4b-97a2-da4a34ec3b53"}]