[{"src":"|project://smallsql0.21_src/src/smallsql/database/ExpressionFunctionRTrim.java|(1969,272,<65,1>,<73,2>)","metadata":{"length":9,"sloc":9,"mass":44},"fragment":"final String getString() throws Exception {\r\n\t\tif(isNull()) return null;\r\n\t\tString str = param1.getString();\r\n        int length = str.length();\r\n        while(length>0 && str.charAt(length-1)==' '){\r\n            length--;\r\n        }\r\n\t\treturn str.substring(0,length);\r\n\t}","location":{"offset":[1969,272],"column":1,"row":65,"file":"smallsql0.21_src/src/smallsql/database/ExpressionFunctionRTrim.java"},"clone_class":"24887c8b-3be5-494a-bc45-b0a009454045","pairs":[{"type":3,"id":"d4de613d-2ed2-4003-aa85-f4e02055ba3e"}],"id":"0c96de20-c4ff-41a0-87c8-0fa21b5ae50f"},{"src":"|project://smallsql0.21_src/src/smallsql/database/ExpressionFunctionLTrim.java|(2024,263,<67,1>,<75,2>)","metadata":{"length":9,"sloc":9,"mass":41},"fragment":"final String getString() throws Exception {\r\n\t\tif(isNull()) return null;\r\n\t\tString str = param1.getString();\r\n        int start = 0;\r\n        while(start<str.length() && str.charAt(start)==' '){\r\n            start++;\r\n        }\r\n\t\treturn str.substring(start);\r\n\t}","location":{"offset":[2024,263],"column":1,"row":67,"file":"smallsql0.21_src/src/smallsql/database/ExpressionFunctionLTrim.java"},"clone_class":"24887c8b-3be5-494a-bc45-b0a009454045","pairs":[{"type":3,"id":"0c96de20-c4ff-41a0-87c8-0fa21b5ae50f"}],"id":"d4de613d-2ed2-4003-aa85-f4e02055ba3e"}]