[{"src":"|project://smallsql0.21_src/src/smallsql/database/StoreImpl.java|(51592,2961,<1340,69>,<1400,5>)","metadata":{"length":61,"sloc":61,"mass":263},"fragment":"{\r\n        this.offset = valueOffset;\r\n        if(readBoolean()) return null;\r\n        switch(dataType){\r\n            case SQLTokenizer.BIT:\r\n                    return readBoolean() ? \"1\" : \"0\";\r\n            case SQLTokenizer.BOOLEAN:\r\n                    return String.valueOf( readBoolean() );\r\n            case SQLTokenizer.BINARY:\r\n            case SQLTokenizer.VARBINARY:\r\n                    return Utils.bytes2hex( readBinary() );\r\n            case SQLTokenizer.TINYINT:\r\n                    return String.valueOf( readUnsignedByte() );\r\n            case SQLTokenizer.SMALLINT:\r\n                    return String.valueOf( readShort() );\r\n            case SQLTokenizer.INT:\r\n                    return String.valueOf( readInt() );\r\n            case SQLTokenizer.BIGINT:\r\n                    return String.valueOf( readLong() );\r\n            case SQLTokenizer.REAL:\r\n                    return String.valueOf( readFloat() );\r\n            case SQLTokenizer.FLOAT:\r\n            case SQLTokenizer.DOUBLE:\r\n                    return String.valueOf( readDouble() );\r\n            case SQLTokenizer.MONEY:\r\n                    return Money.createFromUnscaledValue( readLong() ).toString();\r\n            case SQLTokenizer.SMALLMONEY:\r\n                    return Money.createFromUnscaledValue( readInt() ).toString();\r\n            case SQLTokenizer.NUMERIC:\r\n            case SQLTokenizer.DECIMAL:\r\n                    return readNumeric().toString();\r\n            case SQLTokenizer.CHAR:\r\n            case SQLTokenizer.NCHAR:\r\n            case SQLTokenizer.VARCHAR:\r\n            case SQLTokenizer.NVARCHAR:\r\n                    return readString();\r\n\t\t\tcase SQLTokenizer.CLOB:\r\n\t\t\tcase SQLTokenizer.NCLOB:\r\n            case SQLTokenizer.LONGNVARCHAR:\r\n            case SQLTokenizer.LONGVARCHAR:\r\n                    return readLongString();\r\n            case SQLTokenizer.JAVA_OBJECT:\r\n                    ByteArrayInputStream bais = new ByteArrayInputStream(readLongBinary());\r\n                    ObjectInputStream ois = new ObjectInputStream(bais);\r\n                    return ois.readObject().toString();\r\n            case SQLTokenizer.LONGVARBINARY:\r\n            case SQLTokenizer.BLOB:\r\n                    return Utils.bytes2hex( readLongBinary() );\r\n            case SQLTokenizer.TIMESTAMP:\r\n                    return new DateTime( readTimestamp(), SQLTokenizer.TIMESTAMP ).toString();\r\n            case SQLTokenizer.TIME:\r\n                    return new DateTime( readTime(), SQLTokenizer.TIME ).toString();\r\n            case SQLTokenizer.DATE:\r\n                    return new DateTime( readDate(), SQLTokenizer.DATE ).toString();\r\n            case SQLTokenizer.SMALLDATETIME:\r\n                    return new DateTime( readSmallDateTime(), SQLTokenizer.TIMESTAMP ).toString();\r\n            case SQLTokenizer.UNIQUEIDENTIFIER:\r\n                    return Utils.bytes2unique( page, this.offset);\r\n            default: throw new Error();\r\n        }\r\n    }","location":{"offset":[51592,2961],"column":69,"row":1340,"file":"smallsql0.21_src/src/smallsql/database/StoreImpl.java"},"clone_class":"04b9cc80-2ff9-4c93-a0af-1226547a1900","pairs":[{"type":3,"id":"dec665e3-3e89-45dd-b7e2-35a48f9229ec"}],"id":"758287fd-c433-4b7b-bf31-542b0df5298c"},{"src":"|project://smallsql0.21_src/src/smallsql/database/StoreImpl.java|(48662,2776,<1274,68>,<1333,5>)","metadata":{"length":60,"sloc":60,"mass":254},"fragment":"{\r\n        this.offset = valueOffset;\r\n        if(readBoolean()) return null;\r\n        switch(dataType){\r\n            case SQLTokenizer.BIT:\r\n            case SQLTokenizer.BOOLEAN:\r\n                    return readBoolean() ? Boolean.TRUE : Boolean.FALSE;\r\n            case SQLTokenizer.BINARY:\r\n            case SQLTokenizer.VARBINARY:\r\n                    return readBinary();\r\n            case SQLTokenizer.TINYINT:\r\n                    return Utils.getInteger( readUnsignedByte() );\r\n            case SQLTokenizer.SMALLINT:\r\n                    return Utils.getInteger( readShort() );\r\n            case SQLTokenizer.INT:\r\n                    return Utils.getInteger(readInt());\r\n            case SQLTokenizer.BIGINT:\r\n                    return new Long(readLong());\r\n            case SQLTokenizer.REAL:\r\n                    return new Float( readFloat() );\r\n            case SQLTokenizer.FLOAT:\r\n            case SQLTokenizer.DOUBLE:\r\n                    return new Double( readDouble() );\r\n            case SQLTokenizer.MONEY:\r\n                    return Money.createFromUnscaledValue(readLong());\r\n            case SQLTokenizer.SMALLMONEY:\r\n                    return Money.createFromUnscaledValue(readInt());\r\n            case SQLTokenizer.NUMERIC:\r\n            case SQLTokenizer.DECIMAL:\r\n                    return readNumeric();\r\n            case SQLTokenizer.CHAR:\r\n            case SQLTokenizer.NCHAR:\r\n            case SQLTokenizer.VARCHAR:\r\n            case SQLTokenizer.NVARCHAR:\r\n                    return readString();\r\n\t\t\tcase SQLTokenizer.CLOB:\r\n\t\t\tcase SQLTokenizer.NCLOB:\r\n            case SQLTokenizer.LONGNVARCHAR:\r\n            case SQLTokenizer.LONGVARCHAR:\r\n                    return readLongString();\r\n            case SQLTokenizer.JAVA_OBJECT:\r\n                    ByteArrayInputStream bais = new ByteArrayInputStream(readLongBinary());\r\n                    ObjectInputStream ois = new ObjectInputStream(bais);\r\n                    return ois.readObject();\r\n            case SQLTokenizer.LONGVARBINARY:\r\n            case SQLTokenizer.BLOB:\r\n                    return readLongBinary();\r\n            case SQLTokenizer.TIMESTAMP:\r\n                    return new DateTime( readTimestamp(), SQLTokenizer.TIMESTAMP );\r\n            case SQLTokenizer.TIME:\r\n                    return new DateTime( readTime(), SQLTokenizer.TIME );\r\n            case SQLTokenizer.DATE:\r\n                    return new DateTime( readDate(), SQLTokenizer.DATE );\r\n            case SQLTokenizer.SMALLDATETIME:\r\n                    return new DateTime( readSmallDateTime(), SQLTokenizer.TIMESTAMP );\r\n            case SQLTokenizer.UNIQUEIDENTIFIER:\r\n                    return Utils.bytes2unique( page, this.offset);\r\n            default: throw new Error();\r\n        }\r\n    }","location":{"offset":[48662,2776],"column":68,"row":1274,"file":"smallsql0.21_src/src/smallsql/database/StoreImpl.java"},"clone_class":"04b9cc80-2ff9-4c93-a0af-1226547a1900","pairs":[{"type":3,"id":"758287fd-c433-4b7b-bf31-542b0df5298c"}],"id":"dec665e3-3e89-45dd-b7e2-35a48f9229ec"}]