[{"src":"|project://smallsql0.21_src/src/smallsql/database/SSDatabaseMetaData.java|(19963,511,<820,2>,<826,3>)","metadata":{"length":7,"sloc":7,"mass":56},"fragment":"try {\r\n\t\t\tString[] colNames = {\"PKTABLE_CAT\", \"PKTABLE_SCHEM\", \"PKTABLE_NAME\", \"PKCOLUMN_NAME\", \"FKTABLE_CAT\", \"FKTABLE_SCHEM\", \"FKTABLE_NAME\", \"FKCOLUMN_NAME\", \"KEY_SEQ\", \"UPDATE_RULE\", \"DELETE_RULE\", \"FK_NAME\", \"PK_NAME\", \"DEFERRABILITY\"};\r\n\t\t\tObject[][] data   = con.getDatabase(false).getReferenceKeys(con, primaryTable, foreignTable);\r\n\t\t\treturn new SSResultSet( st, Utils.createMemoryCommandSelect( con, colNames, data));\r\n\t\t} catch (Exception e) {\r\n\t\t\tthrow SmallSQLException.createFromException(e);\r\n\t\t}","location":{"offset":[19963,511],"column":2,"row":820,"file":"smallsql0.21_src/src/smallsql/database/SSDatabaseMetaData.java"},"clone_class":"2f79f2eb-078e-4f58-ba96-0d13e8eb6c37","pairs":[{"type":3,"id":"3d499f6a-c91a-417b-927a-12d5304cc634"}],"id":"94d2d10a-cb02-4919-90c2-e14db7ab9623"},{"src":"|project://smallsql0.21_src/src/smallsql/database/SSDatabaseMetaData.java|(32456,487,<870,136>,<878,5>)","metadata":{"length":9,"sloc":9,"mass":56},"fragment":"{\r\n\t\ttry {\r\n\t\t\tString[] colNames = {\"TABLE_CAT\", \"TABLE_SCHEM\", \"TABLE_NAME\", \"NON_UNIQUE\", \"INDEX_QUALIFIER\", \"INDEX_NAME\", \"TYPE\", \"ORDINAL_POSITION\", \"COLUMN_NAME\", \"ASC_OR_DESC\", \"CARDINALITY\", \"PAGES\", \"FILTER_CONDITION\"};\r\n\t\t\tObject[][] data   = con.getDatabase(false).getIndexInfo(con, table, unique);\r\n\t\t\treturn new SSResultSet( st, Utils.createMemoryCommandSelect( con, colNames, data));\r\n\t\t} catch (Exception e) {\r\n\t\t\tthrow SmallSQLException.createFromException(e);\r\n\t\t}\r\n    }","location":{"offset":[32456,487],"column":136,"row":870,"file":"smallsql0.21_src/src/smallsql/database/SSDatabaseMetaData.java"},"clone_class":"2f79f2eb-078e-4f58-ba96-0d13e8eb6c37","pairs":[{"type":3,"id":"94d2d10a-cb02-4919-90c2-e14db7ab9623"}],"id":"3d499f6a-c91a-417b-927a-12d5304cc634"}]