[{"src":"|project://smallsql0.21_src/src/smallsql/database/SSPreparedStatement.java|(8312,261,<247,5>,<254,4>)","metadata":{"length":8,"sloc":8,"mass":37},"fragment":"catch (SQLException ex) {\r\n\t\t\t\tresult[b] = EXECUTE_FAILED;\r\n\t\t\t\tif(failed == null){\r\n\t\t\t\t\tfailed = new BatchUpdateException(ex.getMessage(), ex.getSQLState(), ex.getErrorCode(), result);\r\n\t\t\t\t\tfailed.initCause(ex);\r\n\t\t\t\t}\r\n\t\t\t\tfailed.setNextException(ex);\r\n\t\t\t}","location":{"offset":[8312,261],"column":5,"row":247,"file":"smallsql0.21_src/src/smallsql/database/SSPreparedStatement.java"},"clone_class":"667277bb-d5da-4100-a9f8-400f38df221b","pairs":[{"type":2,"id":"1a63ec96-60a8-4a7a-a39d-5350dc291471"}],"id":"ef8d7709-90d6-4d47-91b3-4aaf722cba53"},{"src":"|project://smallsql0.21_src/src/smallsql/database/SSStatement.java|(6966,346,<269,13>,<276,13>)","metadata":{"length":8,"sloc":8,"mass":37},"fragment":"catch(SQLException ex){\r\n                result[i] = EXECUTE_FAILED;\r\n                if(failed == null){\r\n                    failed = new BatchUpdateException(ex.getMessage(), ex.getSQLState(), ex.getErrorCode(), result);\r\n                    failed.initCause(ex);\r\n                }\r\n                failed.setNextException(ex);\r\n            }","location":{"offset":[6966,346],"column":13,"row":269,"file":"smallsql0.21_src/src/smallsql/database/SSStatement.java"},"clone_class":"667277bb-d5da-4100-a9f8-400f38df221b","pairs":[{"type":2,"id":"ef8d7709-90d6-4d47-91b3-4aaf722cba53"}],"id":"1a63ec96-60a8-4a7a-a39d-5350dc291471"}]