[{"src":"|project://smallsql0.21_src/src/smallsql/database/TableView.java|(4461,794,<128,1>,<147,2>)","metadata":{"length":20,"sloc":12,"mass":69},"fragment":"/**\r\n\t * Create an empty table or view file that only include the signature.\r\n\t * @param database The database that the table or view should include.\r\n\t * @return A file handle\r\n\t * @throws Exception if any error occur like\r\n\t * <li>file exist already\r\n\t * <li>SecurityException\r\n\t */\r\n\tFileChannel createFile(SSConnection con, Database database) throws Exception{\r\n\t    if( database.isReadOnly() ){\r\n\t        throw SmallSQLException.create(Language.DB_READONLY);\r\n\t    }\r\n\t\tFile file = getFile( database );\r\n\t\tboolean ok = file.createNewFile();\r\n\t\tif(!ok) throw SmallSQLException.create(Language.TABLE_EXISTENT, name);\r\n\t\tFileChannel raFile = Utils.openRaFile( file, database.isReadOnly() );\r\n\t\tcon.add(new CreateFile(file, raFile, con, database));\r\n\t\twriteMagic(raFile);\r\n\t\treturn raFile;\r\n\t}","location":{"offset":[4461,794],"column":1,"row":128,"file":"smallsql0.21_src/src/smallsql/database/TableView.java"},"clone_class":"037d0b21-972d-4456-8216-982edb3cee64","pairs":[{"type":3,"id":"cebd716a-e77a-4993-9103-6ed742b5ab09"}],"id":"25a146d8-ff6b-4366-8015-14678894f7d9"},{"src":"|project://smallsql0.21_src/src/smallsql/database/IndexDescription.java|(4775,457,<154,85>,<165,2>)","metadata":{"length":12,"sloc":12,"mass":60},"fragment":"{\r\n\t    if( database.isReadOnly() ){\r\n\t        throw SmallSQLException.create(Language.DB_READONLY);\r\n\t    }\r\n\t\tFile file = getFile( database, name );\r\n\t\tboolean ok = file.createNewFile();\r\n\t\tif(!ok) throw SmallSQLException.create(Language.INDEX_EXISTS, name);\r\n\t\tFileChannel randomFile = Utils.openRaFile( file, database.isReadOnly() );\r\n        con.add(new CreateFile(file, randomFile, con, database));\r\n\t\twriteMagic(randomFile);\r\n\t\treturn randomFile;\r\n\t}","location":{"offset":[4775,457],"column":85,"row":154,"file":"smallsql0.21_src/src/smallsql/database/IndexDescription.java"},"clone_class":"037d0b21-972d-4456-8216-982edb3cee64","pairs":[{"type":3,"id":"25a146d8-ff6b-4366-8015-14678894f7d9"}],"id":"cebd716a-e77a-4993-9103-6ed742b5ab09"}]