[{"src":"|project://hsqldb-2.3.1/hsqldb/src/org/hsqldb/dbinfo/DatabaseInformationMain.java|(79427,648,<1901,8>,<1917,9>)","metadata":{"length":17,"sloc":13,"mass":60},"fragment":"if (t == null) {\n            t = createBlankTable(\n                sysTableHsqlNames[SYSTEM_CONNECTION_PROPERTIES]);\n\n            addColumn(t, \"NAME\", SQL_IDENTIFIER);\n            addColumn(t, \"MAX_LEN\", Type.SQL_INTEGER);\n            addColumn(t, \"DEFAULT_VALUE\", SQL_IDENTIFIER);    // not null\n            addColumn(t, \"DESCRIPTION\", SQL_IDENTIFIER);      // not null\n\n            HsqlName name = HsqlNameManager.newInfoSchemaObjectName(\n                sysTableHsqlNames[SYSTEM_PRIMARYKEYS].name, false,\n                SchemaObject.INDEX);\n\n            t.createPrimaryKeyConstraint(name, new int[]{ 0 }, true);\n\n            return t;\n        }","location":{"offset":[79427,648],"column":8,"row":1901,"file":"hsqldb-2.3.1/hsqldb/src/org/hsqldb/dbinfo/DatabaseInformationMain.java"},"clone_class":"0685c532-7c3a-4e00-9ee1-39e4ca868cc6","pairs":[{"type":3,"id":"2a750a2a-fd65-4435-a42b-3ead8e493171"}],"id":"70c3b78d-f441-4d45-977a-764347295dc7"},{"src":"|project://hsqldb-2.3.1/hsqldb/src/org/hsqldb/dbinfo/DatabaseInformationFull.java|(325348,744,<8560,8>,<8579,9>)","metadata":{"length":20,"sloc":15,"mass":59},"fragment":"if (t == null) {\n            t = createBlankTable(\n                sysTableHsqlNames[ROLE_AUTHORIZATION_DESCRIPTORS]);\n\n            addColumn(t, \"ROLE_NAME\", SQL_IDENTIFIER);    // not null\n            addColumn(t, \"GRANTEE\", SQL_IDENTIFIER);      // not null\n            addColumn(t, \"GRANTOR\", SQL_IDENTIFIER);      // not null\n            addColumn(t, \"IS_GRANTABLE\", YES_OR_NO);      // not null\n\n            // true PK\n            HsqlName name = HsqlNameManager.newInfoSchemaObjectName(\n                sysTableHsqlNames[ROLE_AUTHORIZATION_DESCRIPTORS].name, false,\n                SchemaObject.INDEX);\n\n            t.createPrimaryKeyConstraint(name, new int[] {\n                0, 1\n            }, true);\n\n            return t;\n        }","location":{"offset":[325348,744],"column":8,"row":8560,"file":"hsqldb-2.3.1/hsqldb/src/org/hsqldb/dbinfo/DatabaseInformationFull.java"},"clone_class":"0685c532-7c3a-4e00-9ee1-39e4ca868cc6","pairs":[{"type":3,"id":"70c3b78d-f441-4d45-977a-764347295dc7"}],"id":"2a750a2a-fd65-4435-a42b-3ead8e493171"}]