[{"src":"|project://hsqldb-2.3.1/hsqldb/src/org/hsqldb/TextTable.java|(9842,478,<330,30>,<347,5>)","metadata":{"length":18,"sloc":13,"mass":65},"fragment":"{\n\n        String dataSource = getDataSource();\n\n        if (dataSource == null) {\n            return null;\n        }\n\n        StringBuffer sb = new StringBuffer(128);\n\n        sb.append(Tokens.T_SET).append(' ').append(Tokens.T_TABLE).append(' ');\n        sb.append(getName().getSchemaQualifiedStatementName());\n        sb.append(' ').append(Tokens.T_SOURCE).append(' ').append('\\'');\n        sb.append(dataSource);\n        sb.append('\\'');\n\n        return sb.toString();\n    }","location":{"offset":[9842,478],"column":30,"row":330,"file":"hsqldb-2.3.1/hsqldb/src/org/hsqldb/TextTable.java"},"clone_class":"0ad0f135-d079-4348-9bd0-19fd015a19dd","pairs":[{"type":3,"id":"2f277cde-df42-41f0-998b-895634da0672"},{"type":3,"id":"0aab060d-35d4-4c65-b960-8dab476afe2e"}],"id":"7edef2ec-73bb-4246-bff4-3415118059fa"},{"src":"|project://hsqldb-2.3.1/hsqldb/src/org/hsqldb/TextTable.java|(10326,618,<349,4>,<370,5>)","metadata":{"length":22,"sloc":13,"mass":70},"fragment":"/**\n     * Generates the SET TABLE <tablename> SOURCE HEADER <string> statement for a\n     * text table;\n     */\n    String getDataSourceHeader() {\n\n        String header = getHeader();\n\n        if (header == null) {\n            return null;\n        }\n\n        StringBuffer sb = new StringBuffer(128);\n\n        sb.append(Tokens.T_SET).append(' ').append(Tokens.T_TABLE).append(' ');\n        sb.append(getName().getSchemaQualifiedStatementName());\n        sb.append(' ').append(Tokens.T_SOURCE).append(' ');\n        sb.append(Tokens.T_HEADER).append(' ');\n        sb.append(header);\n\n        return sb.toString();\n    }","location":{"offset":[10326,618],"column":4,"row":349,"file":"hsqldb-2.3.1/hsqldb/src/org/hsqldb/TextTable.java"},"clone_class":"0ad0f135-d079-4348-9bd0-19fd015a19dd","pairs":[{"type":3,"id":"7edef2ec-73bb-4246-bff4-3415118059fa"},{"type":3,"id":"0aab060d-35d4-4c65-b960-8dab476afe2e"}],"id":"2f277cde-df42-41f0-998b-895634da0672"}]