[{"src":"|project://hsqldb-2.3.1/hsqldb/src/org/hsqldb/ParserRoutine.java|(53251,1140,<1729,4>,<1768,5>)","metadata":{"length":40,"sloc":27,"mass":124},"fragment":"private Statement compileWhile(Routine routine, StatementCompound context,\n                                   HsqlName label) {\n\n        readThis(Tokens.WHILE);\n\n        Expression e = XreadBooleanValueExpression();\n\n        resolveOuterReferencesAndTypes(routine, context, e);\n\n        StatementExpression condition = new StatementExpression(session,\n            compileContext, StatementTypes.CONDITION, e);\n\n        readThis(Tokens.DO);\n\n        Statement[] statements = compileSQLProcedureStatementList(routine,\n            context);\n\n        readThis(Tokens.END);\n        readThis(Tokens.WHILE);\n\n        if (isSimpleName() && !isReservedKey()) {\n            if (label == null) {\n                throw unexpectedToken();\n            }\n\n            if (!label.name.equals(token.tokenString)) {\n                throw Error.error(ErrorCode.X_42508, token.tokenString);\n            }\n\n            read();\n        }\n\n        StatementCompound statement =\n            new StatementCompound(StatementTypes.WHILE, label);\n\n        statement.setStatements(statements);\n        statement.setCondition(condition);\n\n        return statement;\n    }","location":{"offset":[53251,1140],"column":4,"row":1729,"file":"hsqldb-2.3.1/hsqldb/src/org/hsqldb/ParserRoutine.java"},"clone_class":"0ec7114d-2334-4314-b5b2-a3af0f4c688d","pairs":[{"type":3,"id":"3c75b707-da7c-4069-9ff7-100cc66fa839"}],"id":"c3b05174-671b-45ff-96fa-617ff472c0f0"},{"src":"|project://hsqldb-2.3.1/hsqldb/src/org/hsqldb/ParserRoutine.java|(54397,1184,<1770,4>,<1810,5>)","metadata":{"length":41,"sloc":28,"mass":124},"fragment":"private Statement compileRepeat(Routine routine,\n                                    StatementCompound context,\n                                    HsqlName label) {\n\n        readThis(Tokens.REPEAT);\n\n        Statement[] statements = compileSQLProcedureStatementList(routine,\n            context);\n\n        readThis(Tokens.UNTIL);\n\n        Expression e = XreadBooleanValueExpression();\n\n        resolveOuterReferencesAndTypes(routine, context, e);\n\n        StatementExpression condition = new StatementExpression(session,\n            compileContext, StatementTypes.CONDITION, e);\n\n        readThis(Tokens.END);\n        readThis(Tokens.REPEAT);\n\n        if (isSimpleName() && !isReservedKey()) {\n            if (label == null) {\n                throw unexpectedToken();\n            }\n\n            if (!label.name.equals(token.tokenString)) {\n                throw Error.error(ErrorCode.X_42508, token.tokenString);\n            }\n\n            read();\n        }\n\n        StatementCompound statement =\n            new StatementCompound(StatementTypes.REPEAT, label);\n\n        statement.setStatements(statements);\n        statement.setCondition(condition);\n\n        return statement;\n    }","location":{"offset":[54397,1184],"column":4,"row":1770,"file":"hsqldb-2.3.1/hsqldb/src/org/hsqldb/ParserRoutine.java"},"clone_class":"0ec7114d-2334-4314-b5b2-a3af0f4c688d","pairs":[{"type":3,"id":"c3b05174-671b-45ff-96fa-617ff472c0f0"}],"id":"3c75b707-da7c-4069-9ff7-100cc66fa839"}]