[{"src":"|project://hsqldb-2.3.1/hsqldb/src/org/hsqldb/jdbc/JDBCPreparedStatement.java|(184012,1655,<4534,62>,<4575,13>)","metadata":{"length":42,"sloc":32,"mass":173},"fragment":"{\n                long       id;\n                BlobDataID blob = null;\n\n                if (value instanceof JDBCBlobClient) {\n\n                    // check or fix id mismatch\n                    blob = ((JDBCBlobClient) value).blob;\n                    id   = blob.getId();\n                } else if (value instanceof Blob) {\n                    long length = ((Blob) value).length();\n\n                    blob = session.createBlob(length);\n                    id   = blob.getId();\n\n                    InputStream stream = ((Blob) value).getBinaryStream();\n                    ResultLob resultLob =\n                        ResultLob.newLobCreateBlobRequest(session.getId(), id,\n                            stream, length);\n\n                    session.allocateResultLob(resultLob, null);\n                    resultOut.addLobResult(resultLob);\n                } else if (value instanceof InputStream) {\n                    long length = streamLengths[i];\n\n                    long createLength = length > 0 ? length : 0;\n\n                    blob = session.createBlob(createLength);\n                    id   = blob.getId();\n\n                    InputStream stream = (InputStream) value;\n                    ResultLob resultLob =\n                        ResultLob.newLobCreateBlobRequest(session.getId(), id,\n                            stream, length);\n\n                    session.allocateResultLob(resultLob, null);\n                    resultOut.addLobResult(resultLob);\n                } else if (value instanceof BlobDataID) {\n                    blob = (BlobDataID) value;\n                }\n                parameterValues[i] = blob;\n            }","location":{"offset":[184012,1655],"column":62,"row":4534,"file":"hsqldb-2.3.1/hsqldb/src/org/hsqldb/jdbc/JDBCPreparedStatement.java"},"clone_class":"02d1e9fc-f7fc-4be4-9705-03f4227608a0","pairs":[{"type":3,"id":"4391fe8d-48da-4405-986c-fc15eebf633a"}],"id":"6e2f4947-15d4-42f2-99e4-de225cddd7c7"},{"src":"|project://hsqldb-2.3.1/hsqldb/src/org/hsqldb/jdbc/JDBCPreparedStatement.java|(185723,1640,<4575,69>,<4616,13>)","metadata":{"length":42,"sloc":32,"mass":173},"fragment":"{\n                long       id;\n                ClobDataID clob = null;\n\n                if (value instanceof JDBCClobClient) {\n\n                    // check or fix id mismatch\n                    clob = ((JDBCClobClient) value).clob;\n                    id   = clob.getId();\n                } else if (value instanceof Clob) {\n                    long   length = ((Clob) value).length();\n                    Reader reader = ((Clob) value).getCharacterStream();\n\n                    clob = session.createClob(length);\n                    id   = clob.getId();\n\n                    ResultLob resultLob =\n                        ResultLob.newLobCreateClobRequest(session.getId(), id,\n                            reader, length);\n\n                    session.allocateResultLob(resultLob, null);\n                    resultOut.addLobResult(resultLob);\n                } else if (value instanceof Reader) {\n                    long length = streamLengths[i];\n\n                    long createLength = length > 0 ? length : 0;\n\n                    clob = session.createClob(createLength);\n                    id   = clob.getId();\n\n                    Reader reader = (Reader) value;\n                    ResultLob resultLob =\n                        ResultLob.newLobCreateClobRequest(session.getId(), id,\n                            reader, length);\n\n                    session.allocateResultLob(resultLob, null);\n                    resultOut.addLobResult(resultLob);\n                } else if (value instanceof ClobDataID) {\n                    clob = (ClobDataID) value;\n                }\n                parameterValues[i] = clob;\n            }","location":{"offset":[185723,1640],"column":69,"row":4575,"file":"hsqldb-2.3.1/hsqldb/src/org/hsqldb/jdbc/JDBCPreparedStatement.java"},"clone_class":"02d1e9fc-f7fc-4be4-9705-03f4227608a0","pairs":[{"type":3,"id":"6e2f4947-15d4-42f2-99e4-de225cddd7c7"}],"id":"4391fe8d-48da-4405-986c-fc15eebf633a"}]