[{"src":"|project://hsqldb-2.3.1/hsqldb/src/org/hsqldb/ExpressionColumn.java|(13744,733,<461,72>,<476,25>)","metadata":{"length":16,"sloc":15,"mass":53},"fragment":"{\n                            NumberSequence seq =\n                                session.database.schemaManager.getSequence(\n                                    tableName, session.getSchemaName(schema),\n                                    false);\n\n                            if (seq != null) {\n                                opType     = OpTypes.SEQUENCE;\n                                dataType   = seq.getDataType();\n                                sequence   = seq;\n                                schema     = null;\n                                tableName  = null;\n                                columnName = null;\n                                resolved   = true;\n                            }\n                        }","location":{"offset":[13744,733],"column":72,"row":461,"file":"hsqldb-2.3.1/hsqldb/src/org/hsqldb/ExpressionColumn.java"},"clone_class":"1334af76-1bae-444f-af0c-a28b18c436e9","pairs":[{"type":2,"id":"5ec5b442-e214-41d8-8c21-7688f3cf9ac9"}],"id":"aeb0b624-cf8f-4267-b8f0-e8a20d862846"},{"src":"|project://hsqldb-2.3.1/hsqldb/src/org/hsqldb/ExpressionColumn.java|(12956,741,<446,72>,<461,25>)","metadata":{"length":16,"sloc":15,"mass":53},"fragment":"{\n                            NumberSequence seq =\n                                session.database.schemaManager.getSequence(\n                                    tableName, session.getSchemaName(schema),\n                                    false);\n\n                            if (seq != null) {\n                                opType     = OpTypes.SEQUENCE_CURRENT;\n                                dataType   = seq.getDataType();\n                                sequence   = seq;\n                                schema     = null;\n                                tableName  = null;\n                                columnName = null;\n                                resolved   = true;\n                            }\n                        }","location":{"offset":[12956,741],"column":72,"row":446,"file":"hsqldb-2.3.1/hsqldb/src/org/hsqldb/ExpressionColumn.java"},"clone_class":"1334af76-1bae-444f-af0c-a28b18c436e9","pairs":[{"type":2,"id":"aeb0b624-cf8f-4267-b8f0-e8a20d862846"}],"id":"5ec5b442-e214-41d8-8c21-7688f3cf9ac9"}]