[{"src":"|project://hsqldb-2.3.1/hsqldb/src/org/hsqldb/test/TestOdbcTypes.java|(43986,1455,<1175,4>,<1213,5>)","metadata":{"length":39,"sloc":39,"mass":154},"fragment":"public void testVarCharComplex() {\n        PreparedStatement ps = null;\n        ResultSet rs = null;\n        try {\n            ps = netConn.prepareStatement(\n                \"INSERT INTO alltypes(id, cv) VALUES(?, ?)\");\n            ps.setInt(1, 3);\n            ps.setString(2, \"xy\");\n            assertEquals(1, ps.executeUpdate());\n            ps.setInt(1, 4);\n            assertEquals(1, ps.executeUpdate());\n            ps.close();\n            netConn.commit();\n            ps = netConn.prepareStatement(\n                \"SELECT * FROM alltypes WHERE cv = ?\");\n            ps.setString(1, \"xy\");\n            rs = ps.executeQuery();\n            assertTrue(\"Got no rows with cv = 'xy'\", rs.next());\n            assertEquals(String.class, rs.getObject(\"cv\").getClass());\n            assertTrue(\"Got only one row with cv = 'xy'\", rs.next());\n            assertEquals(\"xy\", rs.getString(\"cv\"));\n            assertFalse(\"Got too many rows with cv = 'xy'\", rs.next());\n        } catch (SQLException se) {\n            junit.framework.AssertionFailedError ase\n                = new junit.framework.AssertionFailedError(se.getMessage());\n            ase.initCause(se);\n            throw ase;\n        } finally {\n            try {\n                if (rs != null) {\n                    rs.close();\n                }\n                if (ps != null) {\n                    ps.close();\n                }\n            } catch(Exception e) {\n            }\n        }\n    }","location":{"offset":[43986,1455],"column":4,"row":1175,"file":"hsqldb-2.3.1/hsqldb/src/org/hsqldb/test/TestOdbcTypes.java"},"clone_class":"072e9bc9-7fdc-4d55-9bc3-215a56e72bef","pairs":[{"type":3,"id":"4ce8c09b-ee57-41f5-9c90-d504e572286b"},{"type":3,"id":"54a92117-f24c-4122-9fa7-1cb16add41db"},{"type":3,"id":"e9b0053f-5fec-49c4-a43d-ab519be2ff65"}],"id":"168e08c6-9c0d-493b-b947-80105f442037"},{"src":"|project://hsqldb-2.3.1/hsqldb/src/org/hsqldb/test/TestOdbcTypes.java|(51829,1551,<1386,40>,<1426,5>)","metadata":{"length":41,"sloc":40,"mass":159},"fragment":"{\n        PreparedStatement ps = null;\n        ResultSet rs = null;\n        Timestamp aTimestamp = Timestamp.valueOf(\"2009-03-27 17:18:19\");\n\n        try {\n            ps = netConn.prepareStatement(\n                \"INSERT INTO alltypes(id, tsw) VALUES(?, ?)\");\n            ps.setInt(1, 3);\n            ps.setTimestamp(2, aTimestamp);\n            assertEquals(1, ps.executeUpdate());\n            ps.setInt(1, 4);\n            assertEquals(1, ps.executeUpdate());\n            ps.close();\n            netConn.commit();\n            ps = netConn.prepareStatement(\n                \"SELECT * FROM alltypes WHERE tsw = ?\");\n            ps.setTimestamp(1, aTimestamp);\n            rs = ps.executeQuery();\n            assertTrue(\"Got no rows with tsw = aTimestamp\", rs.next());\n            assertEquals(Timestamp.class, rs.getObject(\"tsw\").getClass());\n            assertTrue(\"Got only one row with tsw = aTimestamp\", rs.next());\n            assertEquals(aTimestamp, rs.getTimestamp(\"tsw\"));\n            assertFalse(\"Got too many rows with tsw = aTimestamp\", rs.next());\n        } catch (SQLException se) {\n            junit.framework.AssertionFailedError ase\n                = new junit.framework.AssertionFailedError(se.getMessage());\n            ase.initCause(se);\n            throw ase;\n        } finally {\n            try {\n                if (rs != null) {\n                    rs.close();\n                }\n                if (ps != null) {\n                    ps.close();\n                }\n            } catch(Exception e) {\n            }\n        }\n    }","location":{"offset":[51829,1551],"column":40,"row":1386,"file":"hsqldb-2.3.1/hsqldb/src/org/hsqldb/test/TestOdbcTypes.java"},"clone_class":"072e9bc9-7fdc-4d55-9bc3-215a56e72bef","pairs":[{"type":3,"id":"168e08c6-9c0d-493b-b947-80105f442037"},{"type":3,"id":"54a92117-f24c-4122-9fa7-1cb16add41db"},{"type":3,"id":"e9b0053f-5fec-49c4-a43d-ab519be2ff65"}],"id":"4ce8c09b-ee57-41f5-9c90-d504e572286b"},{"src":"|project://hsqldb-2.3.1/hsqldb/src/org/hsqldb/test/TestOdbcTypes.java|(41066,1458,<1095,4>,<1133,5>)","metadata":{"length":39,"sloc":39,"mass":154},"fragment":"public void testBooleanComplex() {\n        PreparedStatement ps = null;\n        ResultSet rs = null;\n        try {\n            ps = netConn.prepareStatement(\n                \"INSERT INTO alltypes(id, b) VALUES(?, ?)\");\n            ps.setInt(1, 3);\n            ps.setBoolean(2, false);\n            assertEquals(1, ps.executeUpdate());\n            ps.setInt(1, 4);\n            assertEquals(1, ps.executeUpdate());\n            ps.close();\n            netConn.commit();\n            ps = netConn.prepareStatement(\n                \"SELECT * FROM alltypes WHERE b = ?\");\n            ps.setBoolean(1, false);\n            rs = ps.executeQuery();\n            assertTrue(\"Got no rows with b = false\", rs.next());\n            assertEquals(Boolean.class, rs.getObject(\"b\").getClass());\n            assertTrue(\"Got only one row with b = false\", rs.next());\n            assertEquals(false, rs.getBoolean(\"b\"));\n            assertFalse(\"Got too many rows with b = false\", rs.next());\n        } catch (SQLException se) {\n            junit.framework.AssertionFailedError ase\n                = new junit.framework.AssertionFailedError(se.getMessage());\n            ase.initCause(se);\n            throw ase;\n        } finally {\n            try {\n                if (rs != null) {\n                    rs.close();\n                }\n                if (ps != null) {\n                    ps.close();\n                }\n            } catch(Exception e) {\n            }\n        }\n    }","location":{"offset":[41066,1458],"column":4,"row":1095,"file":"hsqldb-2.3.1/hsqldb/src/org/hsqldb/test/TestOdbcTypes.java"},"clone_class":"072e9bc9-7fdc-4d55-9bc3-215a56e72bef","pairs":[{"type":3,"id":"168e08c6-9c0d-493b-b947-80105f442037"},{"type":3,"id":"4ce8c09b-ee57-41f5-9c90-d504e572286b"},{"type":3,"id":"e9b0053f-5fec-49c4-a43d-ab519be2ff65"}],"id":"54a92117-f24c-4122-9fa7-1cb16add41db"},{"src":"|project://hsqldb-2.3.1/hsqldb/src/org/hsqldb/test/TestOdbcTypes.java|(32074,1401,<849,37>,<887,5>)","metadata":{"length":39,"sloc":39,"mass":151},"fragment":"{\n        PreparedStatement ps = null;\n        ResultSet rs = null;\n        try {\n            ps = netConn.prepareStatement(\n                \"INSERT INTO alltypes(id, i) VALUES(?, ?)\");\n            ps.setInt(1, 3);\n            ps.setInt(2, 495);\n            assertEquals(1, ps.executeUpdate());\n            ps.setInt(1, 4);\n            assertEquals(1, ps.executeUpdate());\n            ps.close();\n            netConn.commit();\n            ps = netConn.prepareStatement(\n                \"SELECT * FROM alltypes WHERE i = ?\");\n            ps.setInt(1, 495);\n            rs = ps.executeQuery();\n            assertTrue(\"Got no rows with i = 495\", rs.next());\n            assertEquals(Integer.class, rs.getObject(\"i\").getClass());\n            assertTrue(\"Got only one row with i = 495\", rs.next());\n            assertEquals(495, rs.getInt(\"i\"));\n            assertFalse(\"Got too many rows with i = 495\", rs.next());\n        } catch (SQLException se) {\n            junit.framework.AssertionFailedError ase\n                = new junit.framework.AssertionFailedError(se.getMessage());\n            ase.initCause(se);\n            throw ase;\n        } finally {\n            try {\n                if (rs != null) {\n                    rs.close();\n                }\n                if (ps != null) {\n                    ps.close();\n                }\n            } catch(Exception e) {\n            }\n        }\n    }","location":{"offset":[32074,1401],"column":37,"row":849,"file":"hsqldb-2.3.1/hsqldb/src/org/hsqldb/test/TestOdbcTypes.java"},"clone_class":"072e9bc9-7fdc-4d55-9bc3-215a56e72bef","pairs":[{"type":3,"id":"168e08c6-9c0d-493b-b947-80105f442037"},{"type":3,"id":"4ce8c09b-ee57-41f5-9c90-d504e572286b"},{"type":3,"id":"54a92117-f24c-4122-9fa7-1cb16add41db"}],"id":"e9b0053f-5fec-49c4-a43d-ab519be2ff65"}]