[{"src":"|project://hsqldb-2.3.1/hsqldb/src/org/hsqldb/test/TestOdbcTypes.java|(38117,1468,<1015,4>,<1053,5>)","metadata":{"length":39,"sloc":39,"mass":155},"fragment":"public void testFloatComplex() {\n        PreparedStatement ps = null;\n        ResultSet rs = null;\n        try {\n            ps = netConn.prepareStatement(\n                \"INSERT INTO alltypes(id, f) VALUES(?, ?)\");\n            ps.setInt(1, 3);\n            ps.setFloat(2, 98.765F);\n            assertEquals(1, ps.executeUpdate());\n            ps.setInt(1, 4);\n            assertEquals(1, ps.executeUpdate());\n            ps.close();\n            netConn.commit();\n            ps = netConn.prepareStatement(\n                \"SELECT * FROM alltypes WHERE f = ?\");\n            ps.setFloat(1, 98.765F);\n            rs = ps.executeQuery();\n            assertTrue(\"Got no rows with f = 98.765F\", rs.next());\n            assertEquals(Double.class, rs.getObject(\"f\").getClass());\n            assertTrue(\"Got only one row with f = 98.765F\", rs.next());\n            assertEquals(98.765D, rs.getDouble(\"f\"), .01D);\n            assertFalse(\"Got too many rows with f = 98.765F\", rs.next());\n        } catch (SQLException se) {\n            junit.framework.AssertionFailedError ase\n                = new junit.framework.AssertionFailedError(se.getMessage());\n            ase.initCause(se);\n            throw ase;\n        } finally {\n            try {\n                if (rs != null) {\n                    rs.close();\n                }\n                if (ps != null) {\n                    ps.close();\n                }\n            } catch(Exception e) {\n            }\n        }\n    }","location":{"offset":[38117,1468],"column":4,"row":1015,"file":"hsqldb-2.3.1/hsqldb/src/org/hsqldb/test/TestOdbcTypes.java"},"clone_class":"1170409f-8df8-461e-9d50-b318cde0a434","pairs":[{"type":2,"id":"400de578-de04-4d0a-934e-fdbf6fe89390"}],"id":"af56261f-bbe1-46fc-a13b-2d1746084bd7"},{"src":"|project://hsqldb-2.3.1/hsqldb/src/org/hsqldb/test/TestOdbcTypes.java|(39591,1469,<1055,4>,<1093,5>)","metadata":{"length":39,"sloc":39,"mass":155},"fragment":"public void testDoubleComplex() {\n        PreparedStatement ps = null;\n        ResultSet rs = null;\n        try {\n            ps = netConn.prepareStatement(\n                \"INSERT INTO alltypes(id, r) VALUES(?, ?)\");\n            ps.setInt(1, 3);\n            ps.setDouble(2, 876.54D);\n            assertEquals(1, ps.executeUpdate());\n            ps.setInt(1, 4);\n            assertEquals(1, ps.executeUpdate());\n            ps.close();\n            netConn.commit();\n            ps = netConn.prepareStatement(\n                \"SELECT * FROM alltypes WHERE r = ?\");\n            ps.setDouble(1, 876.54D);\n            rs = ps.executeQuery();\n            assertTrue(\"Got no rows with r = 876.54D\", rs.next());\n            assertEquals(Double.class, rs.getObject(\"r\").getClass());\n            assertTrue(\"Got only one row with r = 876.54D\", rs.next());\n            assertEquals(876.54D, rs.getDouble(\"r\"), 0D);\n            assertFalse(\"Got too many rows with r = 876.54D\", rs.next());\n        } catch (SQLException se) {\n            junit.framework.AssertionFailedError ase\n                = new junit.framework.AssertionFailedError(se.getMessage());\n            ase.initCause(se);\n            throw ase;\n        } finally {\n            try {\n                if (rs != null) {\n                    rs.close();\n                }\n                if (ps != null) {\n                    ps.close();\n                }\n            } catch(Exception e) {\n            }\n        }\n    }","location":{"offset":[39591,1469],"column":4,"row":1055,"file":"hsqldb-2.3.1/hsqldb/src/org/hsqldb/test/TestOdbcTypes.java"},"clone_class":"1170409f-8df8-461e-9d50-b318cde0a434","pairs":[{"type":2,"id":"af56261f-bbe1-46fc-a13b-2d1746084bd7"}],"id":"400de578-de04-4d0a-934e-fdbf6fe89390"}]