[{"src":"|project://hsqldb-2.3.1/hsqldb/src/org/hsqldb/dbinfo/DatabaseInformationFull.java|(168070,3457,<4506,74>,<4596,5>)","metadata":{"length":91,"sloc":69,"mass":342},"fragment":"{\n\n        Table t = sysTables[REFERENTIAL_CONSTRAINTS];\n\n        if (t == null) {\n            t = createBlankTable(sysTableHsqlNames[REFERENTIAL_CONSTRAINTS]);\n\n            addColumn(t, \"CONSTRAINT_CATALOG\", SQL_IDENTIFIER);\n            addColumn(t, \"CONSTRAINT_SCHEMA\", SQL_IDENTIFIER);\n            addColumn(t, \"CONSTRAINT_NAME\", SQL_IDENTIFIER);              // not null\n            addColumn(t, \"UNIQUE_CONSTRAINT_CATALOG\", SQL_IDENTIFIER);    // not null\n            addColumn(t, \"UNIQUE_CONSTRAINT_SCHEMA\", SQL_IDENTIFIER);\n            addColumn(t, \"UNIQUE_CONSTRAINT_NAME\", SQL_IDENTIFIER);\n            addColumn(t, \"MATCH_OPTION\", CHARACTER_DATA);                 // not null\n            addColumn(t, \"UPDATE_RULE\", CHARACTER_DATA);                  // not null\n            addColumn(t, \"DELETE_RULE\", CHARACTER_DATA);                  // not null\n\n            HsqlName name = HsqlNameManager.newInfoSchemaObjectName(\n                sysTableHsqlNames[REFERENTIAL_CONSTRAINTS].name, false,\n                SchemaObject.INDEX);\n\n            t.createPrimaryKeyConstraint(name, new int[] {\n                0, 1, 2,\n            }, false);\n\n            return t;\n        }\n\n        // column number mappings\n        final int constraint_catalog        = 0;\n        final int constraint_schema         = 1;\n        final int constraint_name           = 2;\n        final int unique_constraint_catalog = 3;\n        final int unique_constraint_schema  = 4;\n        final int unique_constraint_name    = 5;\n        final int match_option              = 6;\n        final int update_rule               = 7;\n        final int delete_rule               = 8;\n\n        //\n        Iterator     tables;\n        Table        table;\n        Constraint[] constraints;\n        Constraint   constraint;\n        Object[]     row;\n\n        tables =\n            database.schemaManager.databaseObjectIterator(SchemaObject.TABLE);\n\n        while (tables.hasNext()) {\n            table = (Table) tables.next();\n\n            if (table.isView()\n                    || !session.getGrantee().hasNonSelectTableRight(table)) {\n                continue;\n            }\n\n            constraints = table.getConstraints();\n\n            for (int i = 0; i < constraints.length; i++) {\n                constraint = constraints[i];\n\n                if (constraint.getConstraintType()\n                        != SchemaObject.ConstraintTypes.FOREIGN_KEY) {\n                    continue;\n                }\n\n                HsqlName uniqueName = constraint.getUniqueName();\n\n                row                     = t.getEmptyRowData();\n                row[constraint_catalog] = database.getCatalogName().name;\n                row[constraint_schema]  = constraint.getSchemaName().name;\n                row[constraint_name]    = constraint.getName().name;\n\n                if (isAccessibleTable(session, constraint.getMain())) {\n                    row[unique_constraint_catalog] =\n                        database.getCatalogName().name;\n                    row[unique_constraint_schema] = uniqueName.schema.name;\n                    row[unique_constraint_name]   = uniqueName.name;\n                }\n\n                row[match_option] = Tokens.T_NONE;\n                row[update_rule]  = constraint.getUpdateActionString();\n                row[delete_rule]  = constraint.getDeleteActionString();\n\n                t.insertSys(session, store, row);\n            }\n        }\n\n        return t;\n    }","location":{"offset":[168070,3457],"column":74,"row":4506,"file":"hsqldb-2.3.1/hsqldb/src/org/hsqldb/dbinfo/DatabaseInformationFull.java"},"clone_class":"0106f13c-f971-470d-8e6c-5ac111a7603e","pairs":[{"type":3,"id":"d83d5e04-9a88-4cc6-ae62-d45d267a9673"}],"id":"61fd28fe-6781-49c8-a752-b5bf9b41c37e"},{"src":"|project://hsqldb-2.3.1/hsqldb/src/org/hsqldb/dbinfo/DatabaseInformationFull.java|(208243,4286,<5600,4>,<5718,5>)","metadata":{"length":119,"sloc":63,"mass":349},"fragment":"/**\n     * SQL:2008 VIEW<p>\n     *\n     * The ROUTINE_TABLE_USAGE view has one row for each TABLE\n     * referenced in the body of a routine.<p>\n     *\n     * <b>Definition:</b><p>\n     *\n     *      SPECIFIC_CATALOG    VARCHAR ,\n     *      SPECIFIC_SCHEMA     VARCHAR ,\n     *      SPECIFIC_NAME       VARCHAR ,\n     *      ROUTINE_CATALOG     VARCHAR ,\n     *      ROUTINE_SCHEMA      VARCHAR ,\n     *      ROUTINE_NAME        VARCHAR ,\n     *      TABLE_CATALOG       VARCHAR ,\n     *      TABLE_SCHEMA        VARCHAR ,\n     *      TABLE_NAME          VARCHAR ,\n     *\n     * </pre>\n     *\n     * <b>Description:</b> <p>\n     *\n     * <ol>\n     * <li> The values of SPECIFIC_CATALOG, SPECIFIC_SCHEMA and\n     *      SPECIFIC_NAME are the catalog name, schema name,\n     *      specific routine identifier, respectively, of the routine. <p>\n     * <li> The values of TABLE_CATALOG, TABLE_SCHEMA and TABLE_NAME\n     *      are the catalog name, schema name and\n     *      identifier, respectively, of a TABLE\n     *      reference in the routine body.<>\n     *\n     * <1i> Tables are reported only if the user or one of its roles is\n     *      the authorization (owner) of the TABLE.\n     *\n     * </ol>\n     *\n     * @return Table\n     */\n    Table ROUTINE_TABLE_USAGE(Session session, PersistentStore store) {\n\n        Table t = sysTables[ROUTINE_TABLE_USAGE];\n\n        if (t == null) {\n            t = createBlankTable(sysTableHsqlNames[ROUTINE_TABLE_USAGE]);\n\n            addColumn(t, \"SPECIFIC_CATALOG\", SQL_IDENTIFIER);\n            addColumn(t, \"SPECIFIC_SCHEMA\", SQL_IDENTIFIER);\n            addColumn(t, \"SPECIFIC_NAME\", SQL_IDENTIFIER);\n            addColumn(t, \"ROUTINE_CATALOG\", SQL_IDENTIFIER);\n            addColumn(t, \"ROUTINE_SCHEMA\", SQL_IDENTIFIER);\n            addColumn(t, \"ROUTINE_NAME\", SQL_IDENTIFIER);\n            addColumn(t, \"TABLE_CATALOG\", SQL_IDENTIFIER);\n            addColumn(t, \"TABLE_SCHEMA\", SQL_IDENTIFIER);\n            addColumn(t, \"TABLE_NAME\", SQL_IDENTIFIER);\n\n            HsqlName name = HsqlNameManager.newInfoSchemaObjectName(\n                sysTableHsqlNames[ROUTINE_TABLE_USAGE].name, false,\n                SchemaObject.INDEX);\n\n            t.createPrimaryKeyConstraint(name, new int[] {\n                3, 4, 5, 0, 1, 2, 6, 7, 8\n            }, false);\n\n            return t;\n        }\n\n        // column number mappings\n        final int specific_catalog = 0;\n        final int specific_schema  = 1;\n        final int specific_name    = 2;\n        final int routine_catalog  = 3;\n        final int routine_schema   = 4;\n        final int routine_name     = 5;\n        final int table_catalog    = 6;\n        final int table_schema     = 7;\n        final int table_name       = 8;\n\n        //\n        Iterator it;\n        Object[] row;\n\n        it = database.schemaManager.databaseObjectIterator(\n            SchemaObject.SPECIFIC_ROUTINE);\n\n        while (it.hasNext()) {\n            Routine        routine = (Routine) it.next();\n            OrderedHashSet set     = routine.getReferences();\n\n            for (int i = 0; i < set.size(); i++) {\n                HsqlName refName = (HsqlName) set.get(i);\n\n                if (refName.type != SchemaObject.TABLE\n                        && refName.type != SchemaObject.VIEW) {\n                    continue;\n                }\n\n                if (!session.getGrantee().isFullyAccessibleByRole(refName)) {\n                    continue;\n                }\n\n                row                   = t.getEmptyRowData();\n                row[specific_catalog] = database.getCatalogName().name;\n                row[specific_schema]  = routine.getSchemaName().name;\n                row[specific_name]    = routine.getSpecificName().name;\n                row[routine_catalog]  = database.getCatalogName().name;\n                row[routine_schema]   = routine.getSchemaName().name;\n                row[routine_name]     = routine.getName().name;\n                row[table_catalog]    = database.getCatalogName().name;\n                row[table_schema]     = refName.schema.name;\n                row[table_name]       = refName.name;\n\n                try {\n                    t.insertSys(session, store, row);\n                } catch (HsqlException e) {}\n            }\n        }\n\n        return t;\n    }","location":{"offset":[208243,4286],"column":4,"row":5600,"file":"hsqldb-2.3.1/hsqldb/src/org/hsqldb/dbinfo/DatabaseInformationFull.java"},"clone_class":"0106f13c-f971-470d-8e6c-5ac111a7603e","pairs":[{"type":3,"id":"61fd28fe-6781-49c8-a752-b5bf9b41c37e"}],"id":"d83d5e04-9a88-4cc6-ae62-d45d267a9673"}]