[{"src":"|project://hsqldb-2.3.1/hsqldb/src/org/hsqldb/dbinfo/DatabaseInformationFull.java|(63531,856,<1777,8>,<1797,9>)","metadata":{"length":21,"sloc":17,"mass":73},"fragment":"if (t == null) {\n            t = createBlankTable(\n                sysTableHsqlNames[CHECK_CONSTRAINT_ROUTINE_USAGE]);\n\n            addColumn(t, \"CONSTRAINT_CATALOG\", SQL_IDENTIFIER);\n            addColumn(t, \"CONSTRAINT_SCHEMA\", SQL_IDENTIFIER);\n            addColumn(t, \"CONSTRAINT_NAME\", SQL_IDENTIFIER);    // not null\n            addColumn(t, \"SPECIFIC_CATALOG\", SQL_IDENTIFIER);\n            addColumn(t, \"SPECIFIC_SCHEMA\", SQL_IDENTIFIER);\n            addColumn(t, \"SPECIFIC_NAME\", SQL_IDENTIFIER);      // not null\n\n            HsqlName name = HsqlNameManager.newInfoSchemaObjectName(\n                sysTableHsqlNames[CHECK_CONSTRAINT_ROUTINE_USAGE].name, false,\n                SchemaObject.INDEX);\n\n            t.createPrimaryKeyConstraint(name, new int[] {\n                0, 1, 2, 3, 4, 5\n            }, false);\n\n            return t;\n        }","location":{"offset":[63531,856],"column":8,"row":1777,"file":"hsqldb-2.3.1/hsqldb/src/org/hsqldb/dbinfo/DatabaseInformationFull.java"},"clone_class":"02e87e12-e464-4f32-b3da-37ace523542a","pairs":[{"type":3,"id":"13c78eb2-7cf3-46c6-ad78-3f9c3033f8b5"},{"type":3,"id":"2d279fd6-c610-4f22-9749-75223a306a32"},{"type":3,"id":"f0c3049b-6847-4750-a3f6-edc3f0570cb9"}],"id":"e83d7ea3-885f-46c2-b8a8-db3ed7337a7a"},{"src":"|project://hsqldb-2.3.1/hsqldb/src/org/hsqldb/dbinfo/DatabaseInformationFull.java|(236266,921,<6166,8>,<6187,9>)","metadata":{"length":22,"sloc":16,"mass":74},"fragment":"if (t == null) {\n            t = createBlankTable(sysTableHsqlNames[SCHEMATA]);\n\n            addColumn(t, \"CATALOG_NAME\", SQL_IDENTIFIER);\n            addColumn(t, \"SCHEMA_NAME\", SQL_IDENTIFIER);\n            addColumn(t, \"SCHEMA_OWNER\", SQL_IDENTIFIER);\n            addColumn(t, \"DEFAULT_CHARACTER_SET_CATALOG\", SQL_IDENTIFIER);\n            addColumn(t, \"DEFAULT_CHARACTER_SET_SCHEMA\", SQL_IDENTIFIER);\n            addColumn(t, \"DEFAULT_CHARACTER_SET_NAME\", SQL_IDENTIFIER);\n            addColumn(t, \"SQL_PATH\", CHARACTER_DATA);\n\n            // order: CATALOG_NAME, SCHEMA_NAME\n            // false PK, as rows may have NULL CATALOG_NAME\n            HsqlName name = HsqlNameManager.newInfoSchemaObjectName(\n                sysTableHsqlNames[SCHEMATA].name, false, SchemaObject.INDEX);\n\n            t.createPrimaryKeyConstraint(name, new int[] {\n                0, 1\n            }, false);\n\n            return t;\n        }","location":{"offset":[236266,921],"column":8,"row":6166,"file":"hsqldb-2.3.1/hsqldb/src/org/hsqldb/dbinfo/DatabaseInformationFull.java"},"clone_class":"02e87e12-e464-4f32-b3da-37ace523542a","pairs":[{"type":3,"id":"e83d7ea3-885f-46c2-b8a8-db3ed7337a7a"},{"type":3,"id":"2d279fd6-c610-4f22-9749-75223a306a32"},{"type":3,"id":"f0c3049b-6847-4750-a3f6-edc3f0570cb9"}],"id":"13c78eb2-7cf3-46c6-ad78-3f9c3033f8b5"},{"src":"|project://hsqldb-2.3.1/hsqldb/src/org/hsqldb/dbinfo/DatabaseInformationMain.java|(59096,960,<1443,8>,<1465,9>)","metadata":{"length":23,"sloc":16,"mass":73},"fragment":"if (t == null) {\n            t = createBlankTable(sysTableHsqlNames[SYSTEM_PRIMARYKEYS]);\n\n            addColumn(t, \"TABLE_CAT\", SQL_IDENTIFIER);\n            addColumn(t, \"TABLE_SCHEM\", SQL_IDENTIFIER);\n            addColumn(t, \"TABLE_NAME\", SQL_IDENTIFIER);     // not null\n            addColumn(t, \"COLUMN_NAME\", SQL_IDENTIFIER);    // not null\n            addColumn(t, \"KEY_SEQ\", Type.SQL_SMALLINT);     // not null\n            addColumn(t, \"PK_NAME\", SQL_IDENTIFIER);\n\n            // order: COLUMN_NAME\n            // added for unique: TABLE_NAME, TABLE_SCHEM, TABLE_CAT\n            // false PK, as  TABLE_SCHEM and/or TABLE_CAT may be null\n            HsqlName name = HsqlNameManager.newInfoSchemaObjectName(\n                sysTableHsqlNames[SYSTEM_PRIMARYKEYS].name, false,\n                SchemaObject.INDEX);\n\n            t.createPrimaryKeyConstraint(name, new int[] {\n                3, 2, 1, 0\n            }, false);\n\n            return t;\n        }","location":{"offset":[59096,960],"column":8,"row":1443,"file":"hsqldb-2.3.1/hsqldb/src/org/hsqldb/dbinfo/DatabaseInformationMain.java"},"clone_class":"02e87e12-e464-4f32-b3da-37ace523542a","pairs":[{"type":3,"id":"e83d7ea3-885f-46c2-b8a8-db3ed7337a7a"},{"type":3,"id":"13c78eb2-7cf3-46c6-ad78-3f9c3033f8b5"},{"type":3,"id":"f0c3049b-6847-4750-a3f6-edc3f0570cb9"}],"id":"2d279fd6-c610-4f22-9749-75223a306a32"},{"src":"|project://hsqldb-2.3.1/hsqldb/src/org/hsqldb/dbinfo/DatabaseInformationFull.java|(19223,866,<538,8>,<559,9>)","metadata":{"length":22,"sloc":18,"mass":77},"fragment":"if (t == null) {\n            t = createBlankTable(\n                sysTableHsqlNames[SYSTEM_COLUMN_SEQUENCE_USAGE]);\n\n            addColumn(t, \"TABLE_CATALOG\", SQL_IDENTIFIER);    //0\n            addColumn(t, \"TABLE_SCHEMA\", SQL_IDENTIFIER);\n            addColumn(t, \"TABLE_NAME\", SQL_IDENTIFIER);\n            addColumn(t, \"COLUMN_NAME\", SQL_IDENTIFIER);\n            addColumn(t, \"SEQUENCE_CATALOG\", SQL_IDENTIFIER);\n            addColumn(t, \"SEQUENCE_SCHEMA\", SQL_IDENTIFIER);\n            addColumn(t, \"SEQUENCE_NAME\", SQL_IDENTIFIER);\n\n            HsqlName name = HsqlNameManager.newInfoSchemaObjectName(\n                sysTableHsqlNames[SYSTEM_COLUMN_SEQUENCE_USAGE].name, false,\n                SchemaObject.INDEX);\n\n            t.createPrimaryKeyConstraint(name, new int[] {\n                0, 1, 2, 3, 4\n            }, false);\n\n            return t;\n        }","location":{"offset":[19223,866],"column":8,"row":538,"file":"hsqldb-2.3.1/hsqldb/src/org/hsqldb/dbinfo/DatabaseInformationFull.java"},"clone_class":"02e87e12-e464-4f32-b3da-37ace523542a","pairs":[{"type":3,"id":"e83d7ea3-885f-46c2-b8a8-db3ed7337a7a"},{"type":3,"id":"13c78eb2-7cf3-46c6-ad78-3f9c3033f8b5"},{"type":3,"id":"2d279fd6-c610-4f22-9749-75223a306a32"}],"id":"f0c3049b-6847-4750-a3f6-edc3f0570cb9"}]