[{"src":"|project://hsqldb-2.3.1/hsqldb/src/org/hsqldb/Scanner.java|(40488,576,<1570,56>,<1587,17>)","metadata":{"length":18,"sloc":14,"mass":62},"fragment":"{\n                    int pos = sqlString.indexOf('\\r', currentPosition + 2);\n\n                    if (pos == -1) {\n                        pos = sqlString.indexOf('\\n', currentPosition + 2);\n                    }\n\n                    if (pos == -1) {\n                        pos = limit;\n                    }\n\n                    token.tokenString = sqlString.substring(currentPosition\n                            + 2, pos);\n                    token.tokenType   = Tokens.X_REMARK;\n                    token.isDelimiter = true;\n\n                    return;\n                }","location":{"offset":[40488,576],"column":56,"row":1570,"file":"hsqldb-2.3.1/hsqldb/src/org/hsqldb/Scanner.java"},"clone_class":"11630d04-0364-4c7f-9a3f-804303fd3bf5","pairs":[{"type":1,"id":"b27519d7-ecd7-4061-b70a-9ccb5dd8057a"}],"id":"bfda4c6a-4c5c-4460-8311-a1c3d5242fe1"},{"src":"|project://hsqldb-2.3.1/hsqldb/src/org/hsqldb/Scanner.java|(42133,576,<1618,56>,<1635,17>)","metadata":{"length":18,"sloc":14,"mass":62},"fragment":"{\n                    int pos = sqlString.indexOf('\\r', currentPosition + 2);\n\n                    if (pos == -1) {\n                        pos = sqlString.indexOf('\\n', currentPosition + 2);\n                    }\n\n                    if (pos == -1) {\n                        pos = limit;\n                    }\n\n                    token.tokenString = sqlString.substring(currentPosition\n                            + 2, pos);\n                    token.tokenType   = Tokens.X_REMARK;\n                    token.isDelimiter = true;\n\n                    return;\n                }","location":{"offset":[42133,576],"column":56,"row":1618,"file":"hsqldb-2.3.1/hsqldb/src/org/hsqldb/Scanner.java"},"clone_class":"11630d04-0364-4c7f-9a3f-804303fd3bf5","pairs":[{"type":1,"id":"bfda4c6a-4c5c-4460-8311-a1c3d5242fe1"}],"id":"b27519d7-ecd7-4061-b70a-9ccb5dd8057a"}]