[{"src":"|project://hsqldb-2.3.1/hsqldb/src/org/hsqldb/test/TestOdbcTypes.java|(38117,1468,<1015,4>,<1053,5>)","metadata":{"length":39,"sloc":39,"mass":155},"fragment":"public void testFloatComplex() {\n        PreparedStatement ps = null;\n        ResultSet rs = null;\n        try {\n            ps = netConn.prepareStatement(\n                \"INSERT INTO alltypes(id, f) VALUES(?, ?)\");\n            ps.setInt(1, 3);\n            ps.setFloat(2, 98.765F);\n            assertEquals(1, ps.executeUpdate());\n            ps.setInt(1, 4);\n            assertEquals(1, ps.executeUpdate());\n            ps.close();\n            netConn.commit();\n            ps = netConn.prepareStatement(\n                \"SELECT * FROM alltypes WHERE f = ?\");\n            ps.setFloat(1, 98.765F);\n            rs = ps.executeQuery();\n            assertTrue(\"Got no rows with f = 98.765F\", rs.next());\n            assertEquals(Double.class, rs.getObject(\"f\").getClass());\n            assertTrue(\"Got only one row with f = 98.765F\", rs.next());\n            assertEquals(98.765D, rs.getDouble(\"f\"), .01D);\n            assertFalse(\"Got too many rows with f = 98.765F\", rs.next());\n        } catch (SQLException se) {\n            junit.framework.AssertionFailedError ase\n                = new junit.framework.AssertionFailedError(se.getMessage());\n            ase.initCause(se);\n            throw ase;\n        } finally {\n            try {\n                if (rs != null) {\n                    rs.close();\n                }\n                if (ps != null) {\n                    ps.close();\n                }\n            } catch(Exception e) {\n            }\n        }\n    }","location":{"offset":[38117,1468],"column":4,"row":1015,"file":"hsqldb-2.3.1/hsqldb/src/org/hsqldb/test/TestOdbcTypes.java"},"clone_class":"1025e283-9d7f-4e30-a614-26f25133a0e1","pairs":[{"type":3,"id":"c57cfd91-0cf6-4599-9eab-3803b3fa700b"},{"type":3,"id":"4ce8c09b-ee57-41f5-9c90-d504e572286b"},{"type":3,"id":"d282c38f-8b4c-4622-bbb2-3ea70b9764a4"},{"type":3,"id":"1095d8be-430f-4dff-a6ea-21dc6830225b"},{"type":3,"id":"e0a8b234-f5f7-42fe-b131-c7dd55bea200"},{"type":3,"id":"95dbbc22-8d9b-436b-b618-6d292dbc24b1"},{"type":3,"id":"54a92117-f24c-4122-9fa7-1cb16add41db"},{"type":3,"id":"60a0c62f-6691-4a9f-8cd4-e4244fa6033f"},{"type":3,"id":"e9b0053f-5fec-49c4-a43d-ab519be2ff65"},{"type":3,"id":"05cf1013-68a9-4956-9593-5d21824f4091"}],"id":"af56261f-bbe1-46fc-a13b-2d1746084bd7"},{"src":"|project://hsqldb-2.3.1/hsqldb/src/org/hsqldb/test/TestOdbcTypes.java|(51829,1551,<1386,40>,<1426,5>)","metadata":{"length":41,"sloc":40,"mass":159},"fragment":"{\n        PreparedStatement ps = null;\n        ResultSet rs = null;\n        Timestamp aTimestamp = Timestamp.valueOf(\"2009-03-27 17:18:19\");\n\n        try {\n            ps = netConn.prepareStatement(\n                \"INSERT INTO alltypes(id, tsw) VALUES(?, ?)\");\n            ps.setInt(1, 3);\n            ps.setTimestamp(2, aTimestamp);\n            assertEquals(1, ps.executeUpdate());\n            ps.setInt(1, 4);\n            assertEquals(1, ps.executeUpdate());\n            ps.close();\n            netConn.commit();\n            ps = netConn.prepareStatement(\n                \"SELECT * FROM alltypes WHERE tsw = ?\");\n            ps.setTimestamp(1, aTimestamp);\n            rs = ps.executeQuery();\n            assertTrue(\"Got no rows with tsw = aTimestamp\", rs.next());\n            assertEquals(Timestamp.class, rs.getObject(\"tsw\").getClass());\n            assertTrue(\"Got only one row with tsw = aTimestamp\", rs.next());\n            assertEquals(aTimestamp, rs.getTimestamp(\"tsw\"));\n            assertFalse(\"Got too many rows with tsw = aTimestamp\", rs.next());\n        } catch (SQLException se) {\n            junit.framework.AssertionFailedError ase\n                = new junit.framework.AssertionFailedError(se.getMessage());\n            ase.initCause(se);\n            throw ase;\n        } finally {\n            try {\n                if (rs != null) {\n                    rs.close();\n                }\n                if (ps != null) {\n                    ps.close();\n                }\n            } catch(Exception e) {\n            }\n        }\n    }","location":{"offset":[51829,1551],"column":40,"row":1386,"file":"hsqldb-2.3.1/hsqldb/src/org/hsqldb/test/TestOdbcTypes.java"},"clone_class":"1025e283-9d7f-4e30-a614-26f25133a0e1","pairs":[{"type":3,"id":"c57cfd91-0cf6-4599-9eab-3803b3fa700b"},{"type":3,"id":"af56261f-bbe1-46fc-a13b-2d1746084bd7"},{"type":3,"id":"d282c38f-8b4c-4622-bbb2-3ea70b9764a4"},{"type":3,"id":"1095d8be-430f-4dff-a6ea-21dc6830225b"},{"type":3,"id":"e0a8b234-f5f7-42fe-b131-c7dd55bea200"},{"type":3,"id":"95dbbc22-8d9b-436b-b618-6d292dbc24b1"},{"type":3,"id":"54a92117-f24c-4122-9fa7-1cb16add41db"},{"type":3,"id":"60a0c62f-6691-4a9f-8cd4-e4244fa6033f"},{"type":3,"id":"e9b0053f-5fec-49c4-a43d-ab519be2ff65"},{"type":3,"id":"05cf1013-68a9-4956-9593-5d21824f4091"}],"id":"4ce8c09b-ee57-41f5-9c90-d504e572286b"},{"src":"|project://hsqldb-2.3.1/hsqldb/src/org/hsqldb/test/TestOdbcTypes.java|(42560,1420,<1135,34>,<1173,5>)","metadata":{"length":39,"sloc":39,"mass":151},"fragment":"{\n        PreparedStatement ps = null;\n        ResultSet rs = null;\n        try {\n            ps = netConn.prepareStatement(\n                \"INSERT INTO alltypes(id, c) VALUES(?, ?)\");\n            ps.setInt(1, 3);\n            ps.setString(2, \"xy\");\n            assertEquals(1, ps.executeUpdate());\n            ps.setInt(1, 4);\n            assertEquals(1, ps.executeUpdate());\n            ps.close();\n            netConn.commit();\n            ps = netConn.prepareStatement(\n                \"SELECT * FROM alltypes WHERE c = ?\");\n            ps.setString(1, \"xy \");\n            rs = ps.executeQuery();\n            assertTrue(\"Got no rows with c = 'xy '\", rs.next());\n            assertEquals(String.class, rs.getObject(\"c\").getClass());\n            assertTrue(\"Got only one row with c = 'xy '\", rs.next());\n            assertEquals(\"xy \", rs.getString(\"c\"));\n            assertFalse(\"Got too many rows with c = 'xy '\", rs.next());\n        } catch (SQLException se) {\n            junit.framework.AssertionFailedError ase\n                = new junit.framework.AssertionFailedError(se.getMessage());\n            ase.initCause(se);\n            throw ase;\n        } finally {\n            try {\n                if (rs != null) {\n                    rs.close();\n                }\n                if (ps != null) {\n                    ps.close();\n                }\n            } catch(Exception e) {\n            }\n        }\n    }","location":{"offset":[42560,1420],"column":34,"row":1135,"file":"hsqldb-2.3.1/hsqldb/src/org/hsqldb/test/TestOdbcTypes.java"},"clone_class":"1025e283-9d7f-4e30-a614-26f25133a0e1","pairs":[{"type":3,"id":"c57cfd91-0cf6-4599-9eab-3803b3fa700b"},{"type":3,"id":"af56261f-bbe1-46fc-a13b-2d1746084bd7"},{"type":3,"id":"4ce8c09b-ee57-41f5-9c90-d504e572286b"},{"type":3,"id":"1095d8be-430f-4dff-a6ea-21dc6830225b"},{"type":3,"id":"e0a8b234-f5f7-42fe-b131-c7dd55bea200"},{"type":3,"id":"95dbbc22-8d9b-436b-b618-6d292dbc24b1"},{"type":3,"id":"54a92117-f24c-4122-9fa7-1cb16add41db"},{"type":3,"id":"60a0c62f-6691-4a9f-8cd4-e4244fa6033f"},{"type":3,"id":"e9b0053f-5fec-49c4-a43d-ab519be2ff65"},{"type":3,"id":"05cf1013-68a9-4956-9593-5d21824f4091"}],"id":"d282c38f-8b4c-4622-bbb2-3ea70b9764a4"},{"src":"|project://hsqldb-2.3.1/hsqldb/src/org/hsqldb/test/TestOdbcTypes.java|(44019,1422,<1175,37>,<1213,5>)","metadata":{"length":39,"sloc":39,"mass":151},"fragment":"{\n        PreparedStatement ps = null;\n        ResultSet rs = null;\n        try {\n            ps = netConn.prepareStatement(\n                \"INSERT INTO alltypes(id, cv) VALUES(?, ?)\");\n            ps.setInt(1, 3);\n            ps.setString(2, \"xy\");\n            assertEquals(1, ps.executeUpdate());\n            ps.setInt(1, 4);\n            assertEquals(1, ps.executeUpdate());\n            ps.close();\n            netConn.commit();\n            ps = netConn.prepareStatement(\n                \"SELECT * FROM alltypes WHERE cv = ?\");\n            ps.setString(1, \"xy\");\n            rs = ps.executeQuery();\n            assertTrue(\"Got no rows with cv = 'xy'\", rs.next());\n            assertEquals(String.class, rs.getObject(\"cv\").getClass());\n            assertTrue(\"Got only one row with cv = 'xy'\", rs.next());\n            assertEquals(\"xy\", rs.getString(\"cv\"));\n            assertFalse(\"Got too many rows with cv = 'xy'\", rs.next());\n        } catch (SQLException se) {\n            junit.framework.AssertionFailedError ase\n                = new junit.framework.AssertionFailedError(se.getMessage());\n            ase.initCause(se);\n            throw ase;\n        } finally {\n            try {\n                if (rs != null) {\n                    rs.close();\n                }\n                if (ps != null) {\n                    ps.close();\n                }\n            } catch(Exception e) {\n            }\n        }\n    }","location":{"offset":[44019,1422],"column":37,"row":1175,"file":"hsqldb-2.3.1/hsqldb/src/org/hsqldb/test/TestOdbcTypes.java"},"clone_class":"1025e283-9d7f-4e30-a614-26f25133a0e1","pairs":[{"type":3,"id":"c57cfd91-0cf6-4599-9eab-3803b3fa700b"},{"type":3,"id":"af56261f-bbe1-46fc-a13b-2d1746084bd7"},{"type":3,"id":"4ce8c09b-ee57-41f5-9c90-d504e572286b"},{"type":3,"id":"d282c38f-8b4c-4622-bbb2-3ea70b9764a4"},{"type":3,"id":"1095d8be-430f-4dff-a6ea-21dc6830225b"},{"type":3,"id":"e0a8b234-f5f7-42fe-b131-c7dd55bea200"},{"type":3,"id":"54a92117-f24c-4122-9fa7-1cb16add41db"},{"type":3,"id":"60a0c62f-6691-4a9f-8cd4-e4244fa6033f"},{"type":3,"id":"e9b0053f-5fec-49c4-a43d-ab519be2ff65"},{"type":3,"id":"05cf1013-68a9-4956-9593-5d21824f4091"}],"id":"95dbbc22-8d9b-436b-b618-6d292dbc24b1"},{"src":"|project://hsqldb-2.3.1/hsqldb/src/org/hsqldb/test/TestOdbcTypes.java|(41066,1458,<1095,4>,<1133,5>)","metadata":{"length":39,"sloc":39,"mass":154},"fragment":"public void testBooleanComplex() {\n        PreparedStatement ps = null;\n        ResultSet rs = null;\n        try {\n            ps = netConn.prepareStatement(\n                \"INSERT INTO alltypes(id, b) VALUES(?, ?)\");\n            ps.setInt(1, 3);\n            ps.setBoolean(2, false);\n            assertEquals(1, ps.executeUpdate());\n            ps.setInt(1, 4);\n            assertEquals(1, ps.executeUpdate());\n            ps.close();\n            netConn.commit();\n            ps = netConn.prepareStatement(\n                \"SELECT * FROM alltypes WHERE b = ?\");\n            ps.setBoolean(1, false);\n            rs = ps.executeQuery();\n            assertTrue(\"Got no rows with b = false\", rs.next());\n            assertEquals(Boolean.class, rs.getObject(\"b\").getClass());\n            assertTrue(\"Got only one row with b = false\", rs.next());\n            assertEquals(false, rs.getBoolean(\"b\"));\n            assertFalse(\"Got too many rows with b = false\", rs.next());\n        } catch (SQLException se) {\n            junit.framework.AssertionFailedError ase\n                = new junit.framework.AssertionFailedError(se.getMessage());\n            ase.initCause(se);\n            throw ase;\n        } finally {\n            try {\n                if (rs != null) {\n                    rs.close();\n                }\n                if (ps != null) {\n                    ps.close();\n                }\n            } catch(Exception e) {\n            }\n        }\n    }","location":{"offset":[41066,1458],"column":4,"row":1095,"file":"hsqldb-2.3.1/hsqldb/src/org/hsqldb/test/TestOdbcTypes.java"},"clone_class":"1025e283-9d7f-4e30-a614-26f25133a0e1","pairs":[{"type":3,"id":"c57cfd91-0cf6-4599-9eab-3803b3fa700b"},{"type":3,"id":"af56261f-bbe1-46fc-a13b-2d1746084bd7"},{"type":3,"id":"4ce8c09b-ee57-41f5-9c90-d504e572286b"},{"type":3,"id":"d282c38f-8b4c-4622-bbb2-3ea70b9764a4"},{"type":3,"id":"1095d8be-430f-4dff-a6ea-21dc6830225b"},{"type":3,"id":"e0a8b234-f5f7-42fe-b131-c7dd55bea200"},{"type":3,"id":"95dbbc22-8d9b-436b-b618-6d292dbc24b1"},{"type":3,"id":"60a0c62f-6691-4a9f-8cd4-e4244fa6033f"},{"type":3,"id":"e9b0053f-5fec-49c4-a43d-ab519be2ff65"},{"type":3,"id":"05cf1013-68a9-4956-9593-5d21824f4091"}],"id":"54a92117-f24c-4122-9fa7-1cb16add41db"},{"src":"|project://hsqldb-2.3.1/hsqldb/src/org/hsqldb/test/TestOdbcTypes.java|(33481,1465,<889,4>,<927,5>)","metadata":{"length":39,"sloc":39,"mass":160},"fragment":"public void testTinyIntComplex() {\n        PreparedStatement ps = null;\n        ResultSet rs = null;\n        try {\n            ps = netConn.prepareStatement(\n                \"INSERT INTO alltypes(id, ti) VALUES(?, ?)\");\n            ps.setInt(1, 3);\n            ps.setByte(2, (byte) 200);\n            assertEquals(1, ps.executeUpdate());\n            ps.setInt(1, 4);\n            assertEquals(1, ps.executeUpdate());\n            ps.close();\n            netConn.commit();\n            ps = netConn.prepareStatement(\n                \"SELECT * FROM alltypes WHERE ti = ?\");\n            ps.setByte(1, (byte) 200);\n            rs = ps.executeQuery();\n            assertTrue(\"Got no rows with ti = 200\", rs.next());\n            assertEquals(Integer.class, rs.getObject(\"ti\").getClass());\n            assertTrue(\"Got only one row with ti = 200\", rs.next());\n            assertEquals((byte) 200, rs.getByte(\"ti\"));\n            assertFalse(\"Got too many rows with ti = 200\", rs.next());\n        } catch (SQLException se) {\n            junit.framework.AssertionFailedError ase\n                = new junit.framework.AssertionFailedError(se.getMessage());\n            ase.initCause(se);\n            throw ase;\n        } finally {\n            try {\n                if (rs != null) {\n                    rs.close();\n                }\n                if (ps != null) {\n                    ps.close();\n                }\n            } catch(Exception e) {\n            }\n        }\n    }","location":{"offset":[33481,1465],"column":4,"row":889,"file":"hsqldb-2.3.1/hsqldb/src/org/hsqldb/test/TestOdbcTypes.java"},"clone_class":"1025e283-9d7f-4e30-a614-26f25133a0e1","pairs":[{"type":3,"id":"c57cfd91-0cf6-4599-9eab-3803b3fa700b"},{"type":3,"id":"af56261f-bbe1-46fc-a13b-2d1746084bd7"},{"type":3,"id":"4ce8c09b-ee57-41f5-9c90-d504e572286b"},{"type":3,"id":"d282c38f-8b4c-4622-bbb2-3ea70b9764a4"},{"type":3,"id":"1095d8be-430f-4dff-a6ea-21dc6830225b"},{"type":3,"id":"e0a8b234-f5f7-42fe-b131-c7dd55bea200"},{"type":3,"id":"95dbbc22-8d9b-436b-b618-6d292dbc24b1"},{"type":3,"id":"54a92117-f24c-4122-9fa7-1cb16add41db"},{"type":3,"id":"e9b0053f-5fec-49c4-a43d-ab519be2ff65"},{"type":3,"id":"05cf1013-68a9-4956-9593-5d21824f4091"}],"id":"60a0c62f-6691-4a9f-8cd4-e4244fa6033f"},{"src":"|project://hsqldb-2.3.1/hsqldb/src/org/hsqldb/test/TestOdbcTypes.java|(32041,1434,<849,4>,<887,5>)","metadata":{"length":39,"sloc":39,"mass":154},"fragment":"public void testIntegerComplex() {\n        PreparedStatement ps = null;\n        ResultSet rs = null;\n        try {\n            ps = netConn.prepareStatement(\n                \"INSERT INTO alltypes(id, i) VALUES(?, ?)\");\n            ps.setInt(1, 3);\n            ps.setInt(2, 495);\n            assertEquals(1, ps.executeUpdate());\n            ps.setInt(1, 4);\n            assertEquals(1, ps.executeUpdate());\n            ps.close();\n            netConn.commit();\n            ps = netConn.prepareStatement(\n                \"SELECT * FROM alltypes WHERE i = ?\");\n            ps.setInt(1, 495);\n            rs = ps.executeQuery();\n            assertTrue(\"Got no rows with i = 495\", rs.next());\n            assertEquals(Integer.class, rs.getObject(\"i\").getClass());\n            assertTrue(\"Got only one row with i = 495\", rs.next());\n            assertEquals(495, rs.getInt(\"i\"));\n            assertFalse(\"Got too many rows with i = 495\", rs.next());\n        } catch (SQLException se) {\n            junit.framework.AssertionFailedError ase\n                = new junit.framework.AssertionFailedError(se.getMessage());\n            ase.initCause(se);\n            throw ase;\n        } finally {\n            try {\n                if (rs != null) {\n                    rs.close();\n                }\n                if (ps != null) {\n                    ps.close();\n                }\n            } catch(Exception e) {\n            }\n        }\n    }","location":{"offset":[32041,1434],"column":4,"row":849,"file":"hsqldb-2.3.1/hsqldb/src/org/hsqldb/test/TestOdbcTypes.java"},"clone_class":"1025e283-9d7f-4e30-a614-26f25133a0e1","pairs":[{"type":3,"id":"c57cfd91-0cf6-4599-9eab-3803b3fa700b"},{"type":3,"id":"af56261f-bbe1-46fc-a13b-2d1746084bd7"},{"type":3,"id":"4ce8c09b-ee57-41f5-9c90-d504e572286b"},{"type":3,"id":"d282c38f-8b4c-4622-bbb2-3ea70b9764a4"},{"type":3,"id":"1095d8be-430f-4dff-a6ea-21dc6830225b"},{"type":3,"id":"e0a8b234-f5f7-42fe-b131-c7dd55bea200"},{"type":3,"id":"95dbbc22-8d9b-436b-b618-6d292dbc24b1"},{"type":3,"id":"54a92117-f24c-4122-9fa7-1cb16add41db"},{"type":3,"id":"60a0c62f-6691-4a9f-8cd4-e4244fa6033f"},{"type":3,"id":"e9b0053f-5fec-49c4-a43d-ab519be2ff65"}],"id":"05cf1013-68a9-4956-9593-5d21824f4091"}]