[{"src":"|project://hsqldb-2.3.1/hsqldb/src/org/hsqldb/types/RowType.java|(10655,281,<440,34>,<454,5>)","metadata":{"length":15,"sloc":11,"mass":54},"fragment":"{\n\n        if (a == null) {\n            return 0;\n        }\n\n        int      hash  = 0;\n        Object[] array = (Object[]) a;\n\n        for (int i = 0; i < dataTypes.length && i < 4; i++) {\n            hash += dataTypes[i].hashCode(array[i]);\n        }\n\n        return hash;\n    }","location":{"offset":[10655,281],"column":34,"row":440,"file":"hsqldb-2.3.1/hsqldb/src/org/hsqldb/types/RowType.java"},"clone_class":"109f0bdf-3221-4c05-a2e2-7ad30981992c","pairs":[{"type":3,"id":"e9e9bb35-6d25-42c0-bf49-c170babecab3"}],"id":"321607e1-0061-41a5-909c-db118c401f97"},{"src":"|project://hsqldb-2.3.1/hsqldb/src/org/hsqldb/types/ArrayType.java|(12760,303,<493,4>,<507,5>)","metadata":{"length":15,"sloc":11,"mass":58},"fragment":"public int hashCode(Object a) {\n\n        if (a == null) {\n            return 0;\n        }\n\n        int      hash  = 0;\n        Object[] array = (Object[]) a;\n\n        for (int i = 0; i < array.length && i < 4; i++) {\n            hash += dataType.hashCode(array[i]);\n        }\n\n        return hash;\n    }","location":{"offset":[12760,303],"column":4,"row":493,"file":"hsqldb-2.3.1/hsqldb/src/org/hsqldb/types/ArrayType.java"},"clone_class":"109f0bdf-3221-4c05-a2e2-7ad30981992c","pairs":[{"type":3,"id":"321607e1-0061-41a5-909c-db118c401f97"}],"id":"e9e9bb35-6d25-42c0-bf49-c170babecab3"}]