[{"src":"|project://hsqldb-2.3.1/hsqldb/src/org/hsqldb/ParserDDL.java|(45842,1167,<1516,50>,<1552,13>)","metadata":{"length":37,"sloc":29,"mass":93},"fragment":"{\n                read();\n\n                if (token.tokenType == Tokens.SET) {\n                    read();\n\n                    switch (token.tokenType) {\n\n                        case Tokens.DEFAULT : {\n                            read();\n\n                            deleteAction =\n                                SchemaObject.ReferentialAction.SET_DEFAULT;\n\n                            break;\n                        }\n                        case Tokens.NULL :\n                            read();\n\n                            deleteAction =\n                                SchemaObject.ReferentialAction.SET_NULL;\n                            break;\n\n                        default :\n                            throw unexpectedToken();\n                    }\n                } else if (token.tokenType == Tokens.CASCADE) {\n                    read();\n\n                    deleteAction = SchemaObject.ReferentialAction.CASCADE;\n                } else if (token.tokenType == Tokens.RESTRICT) {\n                    read();\n                } else {\n                    readThis(Tokens.NO);\n                    readThis(Tokens.ACTION);\n                }\n            }","location":{"offset":[45842,1167],"column":50,"row":1516,"file":"hsqldb-2.3.1/hsqldb/src/org/hsqldb/ParserDDL.java"},"clone_class":"04b9ae59-8b9f-41e4-a655-a4a248f37db9","pairs":[{"type":2,"id":"50c2063a-27e0-4edb-a914-70ab58d68a34"}],"id":"ec514388-a657-4e0c-a26a-6300d4aee28f"},{"src":"|project://hsqldb-2.3.1/hsqldb/src/org/hsqldb/ParserDDL.java|(47053,1167,<1552,57>,<1588,13>)","metadata":{"length":37,"sloc":29,"mass":93},"fragment":"{\n                read();\n\n                if (token.tokenType == Tokens.SET) {\n                    read();\n\n                    switch (token.tokenType) {\n\n                        case Tokens.DEFAULT : {\n                            read();\n\n                            updateAction =\n                                SchemaObject.ReferentialAction.SET_DEFAULT;\n\n                            break;\n                        }\n                        case Tokens.NULL :\n                            read();\n\n                            updateAction =\n                                SchemaObject.ReferentialAction.SET_NULL;\n                            break;\n\n                        default :\n                            throw unexpectedToken();\n                    }\n                } else if (token.tokenType == Tokens.CASCADE) {\n                    read();\n\n                    updateAction = SchemaObject.ReferentialAction.CASCADE;\n                } else if (token.tokenType == Tokens.RESTRICT) {\n                    read();\n                } else {\n                    readThis(Tokens.NO);\n                    readThis(Tokens.ACTION);\n                }\n            }","location":{"offset":[47053,1167],"column":57,"row":1552,"file":"hsqldb-2.3.1/hsqldb/src/org/hsqldb/ParserDDL.java"},"clone_class":"04b9ae59-8b9f-41e4-a655-a4a248f37db9","pairs":[{"type":2,"id":"ec514388-a657-4e0c-a26a-6300d4aee28f"}],"id":"50c2063a-27e0-4edb-a914-70ab58d68a34"}]