[{"src":"|project://hsqldb-2.3.1/hsqldb/src/org/hsqldb/dbinfo/DatabaseInformationFull.java|(47227,881,<1303,8>,<1325,9>)","metadata":{"length":23,"sloc":18,"mass":80},"fragment":"if (t == null) {\n            t = createBlankTable(sysTableHsqlNames[SYSTEM_TABLESTATS]);\n\n            addColumn(t, \"TABLE_CATALOG\", SQL_IDENTIFIER);\n            addColumn(t, \"TABLE_SCHEMA\", SQL_IDENTIFIER);\n            addColumn(t, \"TABLE_NAME\", SQL_IDENTIFIER);\n            addColumn(t, \"CARDINALITY\", CARDINAL_NUMBER);\n            addColumn(t, \"SPACE_ID\", CARDINAL_NUMBER);\n            addColumn(t, \"ALLOCATED_SPACE\", CARDINAL_NUMBER);\n            addColumn(t, \"USED_SPACE\", CARDINAL_NUMBER);\n            addColumn(t, \"USED_MEMORY\", CARDINAL_NUMBER);\n\n            //\n            HsqlName name = HsqlNameManager.newInfoSchemaObjectName(\n                sysTableHsqlNames[SYSTEM_TABLESTATS].name, false,\n                SchemaObject.INDEX);\n\n            t.createPrimaryKeyConstraint(name, new int[] {\n                0, 1, 2,\n            }, false);\n\n            return t;\n        }","location":{"offset":[47227,881],"column":8,"row":1303,"file":"hsqldb-2.3.1/hsqldb/src/org/hsqldb/dbinfo/DatabaseInformationFull.java"},"clone_class":"078cc2b4-fde8-4a23-9cee-a598ba01c4f9","pairs":[{"type":3,"id":"6a78ce41-a9d6-43cb-bdd1-d85ae0b42aa3"}],"id":"26e9892f-1368-48ff-9de1-059a85af3787"},{"src":"|project://hsqldb-2.3.1/hsqldb/src/org/hsqldb/dbinfo/DatabaseInformationFull.java|(168151,1095,<4510,23>,<4532,9>)","metadata":{"length":23,"sloc":19,"mass":81},"fragment":"{\n            t = createBlankTable(sysTableHsqlNames[REFERENTIAL_CONSTRAINTS]);\n\n            addColumn(t, \"CONSTRAINT_CATALOG\", SQL_IDENTIFIER);\n            addColumn(t, \"CONSTRAINT_SCHEMA\", SQL_IDENTIFIER);\n            addColumn(t, \"CONSTRAINT_NAME\", SQL_IDENTIFIER);              // not null\n            addColumn(t, \"UNIQUE_CONSTRAINT_CATALOG\", SQL_IDENTIFIER);    // not null\n            addColumn(t, \"UNIQUE_CONSTRAINT_SCHEMA\", SQL_IDENTIFIER);\n            addColumn(t, \"UNIQUE_CONSTRAINT_NAME\", SQL_IDENTIFIER);\n            addColumn(t, \"MATCH_OPTION\", CHARACTER_DATA);                 // not null\n            addColumn(t, \"UPDATE_RULE\", CHARACTER_DATA);                  // not null\n            addColumn(t, \"DELETE_RULE\", CHARACTER_DATA);                  // not null\n\n            HsqlName name = HsqlNameManager.newInfoSchemaObjectName(\n                sysTableHsqlNames[REFERENTIAL_CONSTRAINTS].name, false,\n                SchemaObject.INDEX);\n\n            t.createPrimaryKeyConstraint(name, new int[] {\n                0, 1, 2,\n            }, false);\n\n            return t;\n        }","location":{"offset":[168151,1095],"column":23,"row":4510,"file":"hsqldb-2.3.1/hsqldb/src/org/hsqldb/dbinfo/DatabaseInformationFull.java"},"clone_class":"078cc2b4-fde8-4a23-9cee-a598ba01c4f9","pairs":[{"type":3,"id":"26e9892f-1368-48ff-9de1-059a85af3787"}],"id":"6a78ce41-a9d6-43cb-bdd1-d85ae0b42aa3"}]