[{"src":"|project://hsqldb-2.3.1/hsqldb/src/org/hsqldb/dbinfo/DatabaseInformationMain.java|(117219,680,<2835,23>,<2853,9>)","metadata":{"length":19,"sloc":13,"mass":61},"fragment":"{\n            t = createBlankTable(sysTableHsqlNames[SYSTEM_USERS]);\n\n            addColumn(t, \"USER_NAME\", SQL_IDENTIFIER);\n            addColumn(t, \"ADMIN\", Type.SQL_BOOLEAN);\n            addColumn(t, \"INITIAL_SCHEMA\", SQL_IDENTIFIER);\n            addColumn(t, \"AUTHENTICATION\", SQL_IDENTIFIER);\n            addColumn(t, \"PASSWORD_DIGEST\", SQL_IDENTIFIER);\n\n            // order: USER\n            // true PK\n            HsqlName name = HsqlNameManager.newInfoSchemaObjectName(\n                sysTableHsqlNames[SYSTEM_USERS].name, false,\n                SchemaObject.INDEX);\n\n            t.createPrimaryKeyConstraint(name, new int[]{ 0 }, true);\n\n            return t;\n        }","location":{"offset":[117219,680],"column":23,"row":2835,"file":"hsqldb-2.3.1/hsqldb/src/org/hsqldb/dbinfo/DatabaseInformationMain.java"},"clone_class":"052dbe18-07f5-4c46-b927-191065a7ff23","pairs":[{"type":3,"id":"4c508e3a-ac15-49a8-9a58-152963690092"},{"type":3,"id":"5ddab91e-6634-4f1d-af25-615a5605469e"},{"type":3,"id":"a8711180-939a-4426-b6d4-98668927837e"},{"type":3,"id":"8078ce07-7b16-4505-a0fc-993c7c69be20"},{"type":3,"id":"c52b97b6-ad58-4550-ad10-adc25667ac30"}],"id":"a5fd9ca2-0d7b-440e-9804-ab512a32330f"},{"src":"|project://hsqldb-2.3.1/hsqldb/src/org/hsqldb/dbinfo/DatabaseInformationFull.java|(29114,798,<803,8>,<823,9>)","metadata":{"length":21,"sloc":15,"mass":65},"fragment":"if (t == null) {\n            t = createBlankTable(sysTableHsqlNames[SYSTEM_PROPERTIES]);\n\n            addColumn(t, \"PROPERTY_SCOPE\", CHARACTER_DATA);\n            addColumn(t, \"PROPERTY_NAMESPACE\", CHARACTER_DATA);\n            addColumn(t, \"PROPERTY_NAME\", CHARACTER_DATA);\n            addColumn(t, \"PROPERTY_VALUE\", CHARACTER_DATA);\n            addColumn(t, \"PROPERTY_CLASS\", CHARACTER_DATA);\n\n            // order PROPERTY_SCOPE, PROPERTY_NAMESPACE, PROPERTY_NAME\n            // true PK\n            HsqlName name = HsqlNameManager.newInfoSchemaObjectName(\n                sysTableHsqlNames[SYSTEM_PROPERTIES].name, false,\n                SchemaObject.INDEX);\n\n            t.createPrimaryKeyConstraint(name, new int[] {\n                0, 1, 2\n            }, true);\n\n            return t;\n        }","location":{"offset":[29114,798],"column":8,"row":803,"file":"hsqldb-2.3.1/hsqldb/src/org/hsqldb/dbinfo/DatabaseInformationFull.java"},"clone_class":"052dbe18-07f5-4c46-b927-191065a7ff23","pairs":[{"type":3,"id":"a5fd9ca2-0d7b-440e-9804-ab512a32330f"},{"type":3,"id":"5ddab91e-6634-4f1d-af25-615a5605469e"},{"type":3,"id":"a8711180-939a-4426-b6d4-98668927837e"},{"type":3,"id":"8078ce07-7b16-4505-a0fc-993c7c69be20"},{"type":3,"id":"c52b97b6-ad58-4550-ad10-adc25667ac30"}],"id":"4c508e3a-ac15-49a8-9a58-152963690092"},{"src":"|project://hsqldb-2.3.1/hsqldb/src/org/hsqldb/dbinfo/DatabaseInformationFull.java|(78163,689,<2202,23>,<2220,9>)","metadata":{"length":19,"sloc":15,"mass":63},"fragment":"{\n            t = createBlankTable(sysTableHsqlNames[COLUMN_COLUMN_USAGE]);\n\n            addColumn(t, \"TABLE_CATALOG\", SQL_IDENTIFIER);\n            addColumn(t, \"TABLE_SCHEMA\", SQL_IDENTIFIER);\n            addColumn(t, \"TABLE_NAME\", SQL_IDENTIFIER);\n            addColumn(t, \"COLUMN_NAME\", SQL_IDENTIFIER);\n            addColumn(t, \"DEPENDENT_COLUMN\", SQL_IDENTIFIER);\n\n            HsqlName name = HsqlNameManager.newInfoSchemaObjectName(\n                sysTableHsqlNames[COLUMN_COLUMN_USAGE].name, false,\n                SchemaObject.INDEX);\n\n            t.createPrimaryKeyConstraint(name, new int[] {\n                0, 1, 2, 3, 4\n            }, false);\n\n            return t;\n        }","location":{"offset":[78163,689],"column":23,"row":2202,"file":"hsqldb-2.3.1/hsqldb/src/org/hsqldb/dbinfo/DatabaseInformationFull.java"},"clone_class":"052dbe18-07f5-4c46-b927-191065a7ff23","pairs":[{"type":3,"id":"a5fd9ca2-0d7b-440e-9804-ab512a32330f"},{"type":3,"id":"4c508e3a-ac15-49a8-9a58-152963690092"},{"type":3,"id":"a8711180-939a-4426-b6d4-98668927837e"},{"type":3,"id":"8078ce07-7b16-4505-a0fc-993c7c69be20"},{"type":3,"id":"c52b97b6-ad58-4550-ad10-adc25667ac30"}],"id":"5ddab91e-6634-4f1d-af25-615a5605469e"},{"src":"|project://hsqldb-2.3.1/hsqldb/src/org/hsqldb/dbinfo/DatabaseInformationFull.java|(245420,699,<6441,23>,<6458,9>)","metadata":{"length":18,"sloc":14,"mass":64},"fragment":"{\n            t = createBlankTable(sysTableHsqlNames[SQL_SIZING_PROFILES]);\n\n            addColumn(t, \"SIZING_ID\", CARDINAL_NUMBER);\n            addColumn(t, \"SIZING_NAME\", CHARACTER_DATA);\n            addColumn(t, \"PROFILE_ID\", CARDINAL_NUMBER);\n            addColumn(t, \"PROFILE_NAME\", CHARACTER_DATA);\n            addColumn(t, \"REQUIRED_VALUE\", CARDINAL_NUMBER);\n            addColumn(t, \"COMMENTS\", CHARACTER_DATA);\n\n            HsqlName name = HsqlNameManager.newInfoSchemaObjectName(\n                sysTableHsqlNames[SQL_SIZING_PROFILES].name, false,\n                SchemaObject.INDEX);\n\n            t.createPrimaryKeyConstraint(name, new int[]{ 0 }, false);\n\n            return t;\n        }","location":{"offset":[245420,699],"column":23,"row":6441,"file":"hsqldb-2.3.1/hsqldb/src/org/hsqldb/dbinfo/DatabaseInformationFull.java"},"clone_class":"052dbe18-07f5-4c46-b927-191065a7ff23","pairs":[{"type":3,"id":"a5fd9ca2-0d7b-440e-9804-ab512a32330f"},{"type":3,"id":"4c508e3a-ac15-49a8-9a58-152963690092"},{"type":3,"id":"5ddab91e-6634-4f1d-af25-615a5605469e"},{"type":3,"id":"a8711180-939a-4426-b6d4-98668927837e"},{"type":3,"id":"c52b97b6-ad58-4550-ad10-adc25667ac30"}],"id":"8078ce07-7b16-4505-a0fc-993c7c69be20"},{"src":"|project://hsqldb-2.3.1/hsqldb/src/org/hsqldb/dbinfo/DatabaseInformationFull.java|(240557,693,<6289,8>,<6305,9>)","metadata":{"length":17,"sloc":13,"mass":63},"fragment":"if (t == null) {\n            t = createBlankTable(sysTableHsqlNames[SQL_IMPLEMENTATION_INFO]);\n\n            addColumn(t, \"IMPLEMENTATION_INFO_ID\", CARDINAL_NUMBER);\n            addColumn(t, \"IMPLEMENTATION_INFO_NAME\", CHARACTER_DATA);\n            addColumn(t, \"INTEGER_VALUE\", CARDINAL_NUMBER);\n            addColumn(t, \"CHARACTER_VALUE\", CHARACTER_DATA);\n            addColumn(t, \"COMMENTS\", CHARACTER_DATA);\n\n            HsqlName name = HsqlNameManager.newInfoSchemaObjectName(\n                sysTableHsqlNames[SQL_IMPLEMENTATION_INFO].name, false,\n                SchemaObject.INDEX);\n\n            t.createPrimaryKeyConstraint(name, new int[]{ 0 }, false);\n\n            return t;\n        }","location":{"offset":[240557,693],"column":8,"row":6289,"file":"hsqldb-2.3.1/hsqldb/src/org/hsqldb/dbinfo/DatabaseInformationFull.java"},"clone_class":"052dbe18-07f5-4c46-b927-191065a7ff23","pairs":[{"type":3,"id":"a5fd9ca2-0d7b-440e-9804-ab512a32330f"},{"type":3,"id":"4c508e3a-ac15-49a8-9a58-152963690092"},{"type":3,"id":"5ddab91e-6634-4f1d-af25-615a5605469e"},{"type":3,"id":"a8711180-939a-4426-b6d4-98668927837e"},{"type":3,"id":"8078ce07-7b16-4505-a0fc-993c7c69be20"}],"id":"c52b97b6-ad58-4550-ad10-adc25667ac30"}]