[{"src":"|project://hsqldb-2.3.1/hsqldb/src/org/hsqldb/dbinfo/DatabaseInformationFull.java|(205819,2418,<5528,73>,<5598,5>)","metadata":{"length":71,"sloc":53,"mass":272},"fragment":"{\n\n        Table t = sysTables[ROUTINE_SEQUENCE_USAGE];\n\n        if (t == null) {\n            t = createBlankTable(sysTableHsqlNames[ROUTINE_SEQUENCE_USAGE]);\n\n            addColumn(t, \"SPECIFIC_CATALOG\", SQL_IDENTIFIER);\n            addColumn(t, \"SPECIFIC_SCHEMA\", SQL_IDENTIFIER);\n            addColumn(t, \"SPECIFIC_NAME\", SQL_IDENTIFIER);\n            addColumn(t, \"SEQUENCE_CATALOG\", SQL_IDENTIFIER);\n            addColumn(t, \"SEQUENCE_SCHEMA\", SQL_IDENTIFIER);\n            addColumn(t, \"SEQUENCE_NAME\", SQL_IDENTIFIER);\n\n            HsqlName name = HsqlNameManager.newInfoSchemaObjectName(\n                sysTableHsqlNames[ROUTINE_SEQUENCE_USAGE].name, false,\n                SchemaObject.INDEX);\n\n            t.createPrimaryKeyConstraint(name, new int[] {\n                0, 1, 2, 3, 4, 5\n            }, false);\n\n            return t;\n        }\n\n        // column number mappings\n        final int specific_catalog = 0;\n        final int specific_schema  = 1;\n        final int specific_name    = 2;\n        final int sequence_catalog = 3;\n        final int sequence_schema  = 4;\n        final int sequence_name    = 5;\n\n        //\n        Iterator it;\n        Object[] row;\n\n        it = database.schemaManager.databaseObjectIterator(\n            SchemaObject.SPECIFIC_ROUTINE);\n\n        while (it.hasNext()) {\n            Routine        routine = (Routine) it.next();\n            OrderedHashSet set     = routine.getReferences();\n\n            for (int i = 0; i < set.size(); i++) {\n                HsqlName refName = (HsqlName) set.get(i);\n\n                if (refName.type != SchemaObject.SEQUENCE) {\n                    continue;\n                }\n\n                if (!session.getGrantee().isFullyAccessibleByRole(refName)) {\n                    continue;\n                }\n\n                row                   = t.getEmptyRowData();\n                row[specific_catalog] = database.getCatalogName().name;\n                row[specific_schema]  = routine.getSchemaName().name;\n                row[specific_name]    = routine.getSpecificName().name;\n                row[sequence_catalog] = database.getCatalogName().name;\n                row[sequence_schema]  = refName.schema.name;\n                row[sequence_name]    = refName.name;\n\n                try {\n                    t.insertSys(session, store, row);\n                } catch (HsqlException e) {}\n            }\n        }\n\n        return t;\n    }","location":{"offset":[205819,2418],"column":73,"row":5528,"file":"hsqldb-2.3.1/hsqldb/src/org/hsqldb/dbinfo/DatabaseInformationFull.java"},"clone_class":"0e35e6b2-8bb5-4976-9164-14a60fed37a1","pairs":[{"type":3,"id":"fd684301-f882-48fc-80fc-d8498ee109d7"},{"type":3,"id":"e7a5ef4a-f588-4a0b-9b7f-566d18b138b2"},{"type":3,"id":"d467012b-d78e-4e47-877c-766a0764a7ce"},{"type":3,"id":"d3acdd55-3699-4f12-be56-91f44eb65b65"},{"type":3,"id":"031c665d-e1eb-4220-aeab-2ad2312236e3"}],"id":"810a7f75-c869-4777-9148-39e849af0f73"},{"src":"|project://hsqldb-2.3.1/hsqldb/src/org/hsqldb/dbinfo/DatabaseInformationFull.java|(120272,2528,<3268,69>,<3341,5>)","metadata":{"length":74,"sloc":56,"mass":279},"fragment":"{\n\n        Table t = sysTables[DOMAIN_CONSTRAINTS];\n\n        if (t == null) {\n            t = createBlankTable(sysTableHsqlNames[DOMAIN_CONSTRAINTS]);\n\n            addColumn(t, \"CONSTRAINT_CATALOG\", SQL_IDENTIFIER);\n            addColumn(t, \"CONSTRAINT_SCHEMA\", SQL_IDENTIFIER);\n            addColumn(t, \"CONSTRAINT_NAME\", SQL_IDENTIFIER);    // not null\n            addColumn(t, \"DOMAIN_CATALOG\", SQL_IDENTIFIER);\n            addColumn(t, \"DOMAIN_SCHEMA\", SQL_IDENTIFIER);\n            addColumn(t, \"DOMAIN_NAME\", SQL_IDENTIFIER);\n            addColumn(t, \"IS_DEFERRABLE\", YES_OR_NO);\n            addColumn(t, \"INITIALLY_DEFERRED\", YES_OR_NO);\n\n            HsqlName name = HsqlNameManager.newInfoSchemaObjectName(\n                sysTableHsqlNames[DOMAIN_CONSTRAINTS].name, false,\n                SchemaObject.INDEX);\n\n            t.createPrimaryKeyConstraint(name, new int[] {\n                0, 1, 2, 4, 5, 6\n            }, false);\n\n            return t;\n        }\n\n        final int constraint_catalog = 0;\n        final int constraint_schema  = 1;\n        final int constraint_name    = 2;\n        final int domain_catalog     = 3;\n        final int domain_schema      = 4;\n        final int domain_name        = 5;\n        final int is_deferrable      = 6;\n        final int initially_deferred = 7;\n\n        //\n        //\n        Iterator it =\n            database.schemaManager.databaseObjectIterator(SchemaObject.DOMAIN);\n\n        while (it.hasNext()) {\n            Type domain = (Type) it.next();\n\n            if (!domain.isDomainType()) {\n                continue;\n            }\n\n            if (!session.getGrantee().isFullyAccessibleByRole(\n                    domain.getName())) {\n                continue;\n            }\n\n            Constraint[] constraints =\n                domain.userTypeModifier.getConstraints();\n\n            for (int i = 0; i < constraints.length; i++) {\n                Object[] data = t.getEmptyRowData();\n\n                data[constraint_catalog] = data[domain_catalog] =\n                    database.getCatalogName().name;\n                data[constraint_schema] = data[domain_schema] =\n                    domain.getSchemaName().name;\n                data[constraint_name]    = constraints[i].getName().name;\n                data[domain_name]        = domain.getName().name;\n                data[is_deferrable]      = Tokens.T_NO;\n                data[initially_deferred] = Tokens.T_NO;\n\n                t.insertSys(session, store, data);\n            }\n        }\n\n        return t;\n    }","location":{"offset":[120272,2528],"column":69,"row":3268,"file":"hsqldb-2.3.1/hsqldb/src/org/hsqldb/dbinfo/DatabaseInformationFull.java"},"clone_class":"0e35e6b2-8bb5-4976-9164-14a60fed37a1","pairs":[{"type":3,"id":"810a7f75-c869-4777-9148-39e849af0f73"},{"type":3,"id":"e7a5ef4a-f588-4a0b-9b7f-566d18b138b2"},{"type":3,"id":"d467012b-d78e-4e47-877c-766a0764a7ce"},{"type":3,"id":"d3acdd55-3699-4f12-be56-91f44eb65b65"},{"type":3,"id":"031c665d-e1eb-4220-aeab-2ad2312236e3"}],"id":"fd684301-f882-48fc-80fc-d8498ee109d7"},{"src":"|project://hsqldb-2.3.1/hsqldb/src/org/hsqldb/dbinfo/DatabaseInformationFull.java|(202167,2420,<5421,72>,<5491,5>)","metadata":{"length":71,"sloc":53,"mass":272},"fragment":"{\n\n        Table t = sysTables[ROUTINE_ROUTINE_USAGE];\n\n        if (t == null) {\n            t = createBlankTable(sysTableHsqlNames[ROUTINE_ROUTINE_USAGE]);\n\n            addColumn(t, \"SPECIFIC_CATALOG\", SQL_IDENTIFIER);\n            addColumn(t, \"SPECIFIC_SCHEMA\", SQL_IDENTIFIER);\n            addColumn(t, \"SPECIFIC_NAME\", SQL_IDENTIFIER);\n            addColumn(t, \"ROUTINE_CATALOG\", SQL_IDENTIFIER);\n            addColumn(t, \"ROUTINE_SCHEMA\", SQL_IDENTIFIER);\n            addColumn(t, \"ROUTINE_NAME\", SQL_IDENTIFIER);\n\n            HsqlName name = HsqlNameManager.newInfoSchemaObjectName(\n                sysTableHsqlNames[ROUTINE_ROUTINE_USAGE].name, false,\n                SchemaObject.INDEX);\n\n            t.createPrimaryKeyConstraint(name, new int[] {\n                0, 1, 2, 3, 4, 5\n            }, false);\n\n            return t;\n        }\n\n        // column number mappings\n        final int specific_catalog = 0;\n        final int specific_schema  = 1;\n        final int specific_name    = 2;\n        final int routine_catalog  = 3;\n        final int routine_schema   = 4;\n        final int routine_name     = 5;\n\n        //\n        Iterator it;\n        Object[] row;\n\n        it = database.schemaManager.databaseObjectIterator(\n            SchemaObject.SPECIFIC_ROUTINE);\n\n        while (it.hasNext()) {\n            Routine        routine = (Routine) it.next();\n            OrderedHashSet set     = routine.getReferences();\n\n            for (int i = 0; i < set.size(); i++) {\n                HsqlName refName = (HsqlName) set.get(i);\n\n                if (refName.type != SchemaObject.SPECIFIC_ROUTINE) {\n                    continue;\n                }\n\n                if (!session.getGrantee().isFullyAccessibleByRole(refName)) {\n                    continue;\n                }\n\n                row                   = t.getEmptyRowData();\n                row[specific_catalog] = database.getCatalogName().name;\n                row[specific_schema]  = routine.getSchemaName().name;\n                row[specific_name]    = routine.getSpecificName().name;\n                row[routine_catalog]  = database.getCatalogName().name;\n                row[routine_schema]   = refName.schema.name;\n                row[routine_name]     = refName.name;\n\n                try {\n                    t.insertSys(session, store, row);\n                } catch (HsqlException e) {}\n            }\n        }\n\n        return t;\n    }","location":{"offset":[202167,2420],"column":72,"row":5421,"file":"hsqldb-2.3.1/hsqldb/src/org/hsqldb/dbinfo/DatabaseInformationFull.java"},"clone_class":"0e35e6b2-8bb5-4976-9164-14a60fed37a1","pairs":[{"type":3,"id":"810a7f75-c869-4777-9148-39e849af0f73"},{"type":3,"id":"fd684301-f882-48fc-80fc-d8498ee109d7"},{"type":3,"id":"d467012b-d78e-4e47-877c-766a0764a7ce"},{"type":3,"id":"d3acdd55-3699-4f12-be56-91f44eb65b65"},{"type":3,"id":"031c665d-e1eb-4220-aeab-2ad2312236e3"}],"id":"e7a5ef4a-f588-4a0b-9b7f-566d18b138b2"},{"src":"|project://hsqldb-2.3.1/hsqldb/src/org/hsqldb/dbinfo/DatabaseInformationFull.java|(265085,2470,<7001,73>,<7074,5>)","metadata":{"length":74,"sloc":55,"mass":273},"fragment":"{\n\n        Table t = sysTables[TRIGGER_SEQUENCE_USAGE];\n\n        if (t == null) {\n            t = createBlankTable(sysTableHsqlNames[TRIGGER_SEQUENCE_USAGE]);\n\n            addColumn(t, \"TRIGGER_CATALOG\", SQL_IDENTIFIER);\n            addColumn(t, \"TRIGGER_SCHEMA\", SQL_IDENTIFIER);\n            addColumn(t, \"TRIGGER_NAME\", SQL_IDENTIFIER);     // not null\n            addColumn(t, \"SEQUENCE_CATALOG\", SQL_IDENTIFIER);\n            addColumn(t, \"SEQUENCE_SCHEMA\", SQL_IDENTIFIER);\n            addColumn(t, \"SEQUENCE_NAME\", SQL_IDENTIFIER);    // not null\n\n            HsqlName name = HsqlNameManager.newInfoSchemaObjectName(\n                sysTableHsqlNames[TRIGGER_SEQUENCE_USAGE].name, false,\n                SchemaObject.INDEX);\n\n            t.createPrimaryKeyConstraint(name, new int[] {\n                0, 1, 2, 3, 4, 5\n            }, false);\n\n            return t;\n        }\n\n        // column number mappings\n        final int trigger_catalog  = 0;\n        final int trigger_schema   = 1;\n        final int trigger_name     = 2;\n        final int sequence_catalog = 3;\n        final int sequence_schema  = 4;\n        final int sequence_name    = 5;\n\n        //\n        Iterator it;\n        Object[] row;\n\n        it = database.schemaManager.databaseObjectIterator(\n            SchemaObject.TRIGGER);\n\n        while (it.hasNext()) {\n            TriggerDef trigger = (TriggerDef) it.next();\n\n            if (!session.getGrantee().isFullyAccessibleByRole(\n                    trigger.getName())) {\n                continue;\n            }\n\n            OrderedHashSet set = trigger.getReferences();\n\n            for (int i = 0; i < set.size(); i++) {\n                HsqlName refName = (HsqlName) set.get(i);\n\n                if (refName.type != SchemaObject.SEQUENCE) {\n                    continue;\n                }\n\n                row                   = t.getEmptyRowData();\n                row[trigger_catalog]  = database.getCatalogName().name;\n                row[trigger_schema]   = trigger.getSchemaName().name;\n                row[trigger_name]     = trigger.getName().name;\n                row[sequence_catalog] = database.getCatalogName().name;\n                row[sequence_schema]  = refName.schema.name;\n                row[sequence_name]    = refName.name;\n\n                try {\n                    t.insertSys(session, store, row);\n                } catch (HsqlException e) {}\n            }\n        }\n\n        // Initialization\n        return t;\n    }","location":{"offset":[265085,2470],"column":73,"row":7001,"file":"hsqldb-2.3.1/hsqldb/src/org/hsqldb/dbinfo/DatabaseInformationFull.java"},"clone_class":"0e35e6b2-8bb5-4976-9164-14a60fed37a1","pairs":[{"type":3,"id":"810a7f75-c869-4777-9148-39e849af0f73"},{"type":3,"id":"fd684301-f882-48fc-80fc-d8498ee109d7"},{"type":3,"id":"e7a5ef4a-f588-4a0b-9b7f-566d18b138b2"},{"type":3,"id":"d3acdd55-3699-4f12-be56-91f44eb65b65"},{"type":3,"id":"031c665d-e1eb-4220-aeab-2ad2312236e3"}],"id":"d467012b-d78e-4e47-877c-766a0764a7ce"},{"src":"|project://hsqldb-2.3.1/hsqldb/src/org/hsqldb/dbinfo/DatabaseInformationFull.java|(310778,2535,<8168,69>,<8246,5>)","metadata":{"length":79,"sloc":57,"mass":281},"fragment":"{\n\n        Table t = sysTables[VIEW_ROUTINE_USAGE];\n\n        if (t == null) {\n            t = createBlankTable(sysTableHsqlNames[VIEW_ROUTINE_USAGE]);\n\n            addColumn(t, \"VIEW_CATALOG\", SQL_IDENTIFIER);\n            addColumn(t, \"VIEW_SCHEMA\", SQL_IDENTIFIER);\n            addColumn(t, \"VIEW_NAME\", SQL_IDENTIFIER);\n            addColumn(t, \"SPECIFIC_CATALOG\", SQL_IDENTIFIER);\n            addColumn(t, \"SPECIFIC_SCHEMA\", SQL_IDENTIFIER);\n            addColumn(t, \"SPECIFIC_NAME\", SQL_IDENTIFIER);\n\n            HsqlName name = HsqlNameManager.newInfoSchemaObjectName(\n                sysTableHsqlNames[VIEW_ROUTINE_USAGE].name, false,\n                SchemaObject.INDEX);\n\n            t.createPrimaryKeyConstraint(name, new int[] {\n                0, 1, 2, 3, 4, 5\n            }, false);\n\n            return t;\n        }\n\n        // Intermediate holders\n        Iterator tables;\n        Table    table;\n        Object[] row;\n\n        // Column number mappings\n        final int view_catalog     = 0;\n        final int view_schema      = 1;\n        final int view_name        = 2;\n        final int specific_catalog = 3;\n        final int specific_schema  = 4;\n        final int specific_name    = 5;\n\n        // Initialization\n        tables =\n            database.schemaManager.databaseObjectIterator(SchemaObject.TABLE);\n\n        // Do it.\n        while (tables.hasNext()) {\n            table = (Table) tables.next();\n\n            if (!table.isView()) {\n                continue;\n            }\n\n            OrderedHashSet set = table.getReferences();\n\n            for (int i = 0; i < set.size(); i++) {\n                HsqlName refName = (HsqlName) set.get(i);\n\n                if (refName.type != SchemaObject.SPECIFIC_ROUTINE) {\n                    continue;\n                }\n\n                if (!session.getGrantee().isFullyAccessibleByRole(refName)) {\n                    continue;\n                }\n\n                row                   = t.getEmptyRowData();\n                row[view_catalog]     = database.getCatalogName().name;\n                row[view_schema]      = table.getSchemaName().name;\n                row[view_name]        = table.getName().name;\n                row[specific_catalog] = database.getCatalogName().name;\n                row[specific_schema]  = refName.schema.name;\n                row[specific_name]    = refName.name;\n\n                try {\n                    t.insertSys(session, store, row);\n                } catch (HsqlException e) {}\n            }\n        }\n\n        return t;\n    }","location":{"offset":[310778,2535],"column":69,"row":8168,"file":"hsqldb-2.3.1/hsqldb/src/org/hsqldb/dbinfo/DatabaseInformationFull.java"},"clone_class":"0e35e6b2-8bb5-4976-9164-14a60fed37a1","pairs":[{"type":3,"id":"810a7f75-c869-4777-9148-39e849af0f73"},{"type":3,"id":"fd684301-f882-48fc-80fc-d8498ee109d7"},{"type":3,"id":"e7a5ef4a-f588-4a0b-9b7f-566d18b138b2"},{"type":3,"id":"d467012b-d78e-4e47-877c-766a0764a7ce"},{"type":3,"id":"031c665d-e1eb-4220-aeab-2ad2312236e3"}],"id":"d3acdd55-3699-4f12-be56-91f44eb65b65"},{"src":"|project://hsqldb-2.3.1/hsqldb/src/org/hsqldb/dbinfo/DatabaseInformationFull.java|(268737,2498,<7111,70>,<7185,5>)","metadata":{"length":75,"sloc":56,"mass":281},"fragment":"{\n\n        Table t = sysTables[TRIGGER_TABLE_USAGE];\n\n        if (t == null) {\n            t = createBlankTable(sysTableHsqlNames[TRIGGER_TABLE_USAGE]);\n\n            addColumn(t, \"TRIGGER_CATALOG\", SQL_IDENTIFIER);\n            addColumn(t, \"TRIGGER_SCHEMA\", SQL_IDENTIFIER);\n            addColumn(t, \"TRIGGER_NAME\", SQL_IDENTIFIER);    // not null\n            addColumn(t, \"TABLE_CATALOG\", SQL_IDENTIFIER);\n            addColumn(t, \"TABLE_SCHEMA\", SQL_IDENTIFIER);\n            addColumn(t, \"TABLE_NAME\", SQL_IDENTIFIER);      // not null\n\n            HsqlName name = HsqlNameManager.newInfoSchemaObjectName(\n                sysTableHsqlNames[TRIGGER_TABLE_USAGE].name, false,\n                SchemaObject.INDEX);\n\n            t.createPrimaryKeyConstraint(name, new int[] {\n                0, 1, 2, 3, 4, 5\n            }, false);\n\n            return t;\n        }\n\n        // column number mappings\n        final int trigger_catalog = 0;\n        final int trigger_schema  = 1;\n        final int trigger_name    = 2;\n        final int table_catalog   = 3;\n        final int table_schema    = 4;\n        final int table_name      = 5;\n\n        //\n        Iterator it;\n        Object[] row;\n\n        it = database.schemaManager.databaseObjectIterator(\n            SchemaObject.TRIGGER);\n\n        while (it.hasNext()) {\n            TriggerDef trigger = (TriggerDef) it.next();\n\n            if (!session.getGrantee().isFullyAccessibleByRole(\n                    trigger.getName())) {\n                continue;\n            }\n\n            OrderedHashSet set = trigger.getReferences();\n\n            for (int i = 0; i < set.size(); i++) {\n                HsqlName refName = (HsqlName) set.get(i);\n\n                if (refName.type != SchemaObject.TABLE\n                        && refName.type != SchemaObject.VIEW) {\n                    continue;\n                }\n\n                row                  = t.getEmptyRowData();\n                row[trigger_catalog] = database.getCatalogName().name;\n                row[trigger_schema]  = trigger.getSchemaName().name;\n                row[trigger_name]    = trigger.getName().name;\n                row[table_catalog]   = database.getCatalogName().name;\n                row[table_schema]    = refName.schema.name;\n                row[table_name]      = refName.name;\n\n                try {\n                    t.insertSys(session, store, row);\n                } catch (HsqlException e) {}\n            }\n        }\n\n        // Initialization\n        return t;\n    }","location":{"offset":[268737,2498],"column":70,"row":7111,"file":"hsqldb-2.3.1/hsqldb/src/org/hsqldb/dbinfo/DatabaseInformationFull.java"},"clone_class":"0e35e6b2-8bb5-4976-9164-14a60fed37a1","pairs":[{"type":3,"id":"810a7f75-c869-4777-9148-39e849af0f73"},{"type":3,"id":"fd684301-f882-48fc-80fc-d8498ee109d7"},{"type":3,"id":"e7a5ef4a-f588-4a0b-9b7f-566d18b138b2"},{"type":3,"id":"d467012b-d78e-4e47-877c-766a0764a7ce"},{"type":3,"id":"d3acdd55-3699-4f12-be56-91f44eb65b65"}],"id":"031c665d-e1eb-4220-aeab-2ad2312236e3"}]