[{"src":"|project://hsqldb-2.3.1/hsqldb/src/org/hsqldb/ParserDDL.java|(130116,747,<4097,47>,<4119,5>)","metadata":{"length":23,"sloc":19,"mass":76},"fragment":"{\n\n        if (!column.getDataType().isIntegralType()) {\n            throw Error.error(ErrorCode.X_42525);\n        }\n\n        if (column.isIdentity()) {\n            throw Error.error(ErrorCode.X_42525);\n        }\n\n        NumberSequence sequence = readSequence(column);\n        String         sql      = getLastPart();\n        Object[]       args     = new Object[] {\n            StatementTypes.ALTER_COLUMN_SEQUENCE, table, column, colIndex,\n            sequence\n        };\n        HsqlName[] writeLockNames =\n            database.schemaManager.getCatalogAndBaseTableNames(\n                table.getName());\n\n        return new StatementSchema(sql, StatementTypes.ALTER_TABLE, args,\n                                   null, writeLockNames);\n    }","location":{"offset":[130116,747],"column":47,"row":4097,"file":"hsqldb-2.3.1/hsqldb/src/org/hsqldb/ParserDDL.java"},"clone_class":"09040a4a-9655-4dba-83d6-12b323aa0c3b","pairs":[{"type":3,"id":"8f6e1519-f8e2-497d-80fa-95f1978b8121"}],"id":"16f581c7-d4b9-451b-9290-75685badefd6"},{"src":"|project://hsqldb-2.3.1/hsqldb/src/org/hsqldb/ParserDDL.java|(127640,736,<4019,33>,<4043,5>)","metadata":{"length":25,"sloc":20,"mass":79},"fragment":"{\n\n        if (column.isGenerated()) {\n            throw Error.error(ErrorCode.X_42561);\n        }\n\n        Type type = readTypeDefinition(true, true);\n\n        if (column.isIdentity()) {\n            if (!type.isIntegralType()) {\n                throw Error.error(ErrorCode.X_42561);\n            }\n        }\n\n        String   sql  = getLastPart();\n        Object[] args = new Object[] {\n            StatementTypes.ALTER_COLUMN_TYPE, table, column, type\n        };\n        HsqlName[] writeLockNames =\n            database.schemaManager.getCatalogAndBaseTableNames(\n                table.getName());\n\n        return new StatementSchema(sql, StatementTypes.ALTER_TABLE, args,\n                                   null, writeLockNames);\n    }","location":{"offset":[127640,736],"column":33,"row":4019,"file":"hsqldb-2.3.1/hsqldb/src/org/hsqldb/ParserDDL.java"},"clone_class":"09040a4a-9655-4dba-83d6-12b323aa0c3b","pairs":[{"type":3,"id":"16f581c7-d4b9-451b-9290-75685badefd6"}],"id":"8f6e1519-f8e2-497d-80fa-95f1978b8121"}]