[{"src":"|project://hsqldb-2.3.1/hsqldb/src/org/hsqldb/ParserDQL.java|(26398,1385,<826,25>,<880,5>)","metadata":{"length":55,"sloc":39,"mass":143},"fragment":"{\n\n        int unionType = QueryExpression.NOUNION;\n\n        switch (token.tokenType) {\n\n            case Tokens.UNION :\n                read();\n\n                unionType = QueryExpression.UNION;\n\n                if (token.tokenType == Tokens.ALL) {\n                    unionType = QueryExpression.UNION_ALL;\n\n                    read();\n                } else if (token.tokenType == Tokens.DISTINCT) {\n                    read();\n                }\n                break;\n\n            case Tokens.INTERSECT :\n                read();\n\n                unionType = QueryExpression.INTERSECT;\n\n                if (token.tokenType == Tokens.ALL) {\n                    unionType = QueryExpression.INTERSECT_ALL;\n\n                    read();\n                } else if (token.tokenType == Tokens.DISTINCT) {\n                    read();\n                }\n                break;\n\n            case Tokens.EXCEPT :\n            case Tokens.MINUS_EXCEPT :\n                read();\n\n                unionType = QueryExpression.EXCEPT;\n\n                if (token.tokenType == Tokens.ALL) {\n                    unionType = QueryExpression.EXCEPT_ALL;\n\n                    read();\n                } else if (token.tokenType == Tokens.DISTINCT) {\n                    read();\n                }\n                break;\n\n            default :\n                break;\n        }\n\n        return unionType;\n    }","location":{"offset":[26398,1385],"column":25,"row":826,"file":"hsqldb-2.3.1/hsqldb/src/org/hsqldb/ParserDQL.java"},"clone_class":"13c6aa3e-9093-4be9-9a44-d2c8942d9aa6","pairs":[{"type":3,"id":"6623e9cc-83d7-4703-80ed-63b151005674"}],"id":"710d9324-aee5-42c3-b920-35393525dd39"},{"src":"|project://hsqldb-2.3.1/hsqldb/src/org/hsqldb/ParserDQL.java|(9568,1468,<278,8>,<328,9>)","metadata":{"length":51,"sloc":40,"mass":146},"fragment":"switch (typeNumber) {\n\n            case Types.SQL_CHAR :\n                if (token.tokenType == Tokens.VARYING) {\n                    read();\n\n                    typeNumber = Types.SQL_VARCHAR;\n                } else if (token.tokenType == Tokens.LARGE) {\n                    read();\n                    readThis(Tokens.OBJECT);\n\n                    typeNumber = Types.SQL_CLOB;\n                } else {\n                    if (database.sqlSyntaxOra) {\n                        readByteOrChar = true;\n                    }\n                }\n                break;\n\n            case Types.SQL_DOUBLE :\n                if (token.tokenType == Tokens.PRECISION) {\n                    read();\n                }\n                break;\n\n            case Types.SQL_BINARY :\n                if (token.tokenType == Tokens.VARYING) {\n                    read();\n\n                    typeNumber = Types.SQL_VARBINARY;\n                } else if (token.tokenType == Tokens.LARGE) {\n                    read();\n                    readThis(Tokens.OBJECT);\n\n                    typeNumber = Types.SQL_BLOB;\n                }\n                break;\n\n            case Types.SQL_BIT :\n                if (token.tokenType == Tokens.VARYING) {\n                    read();\n\n                    typeNumber = Types.SQL_BIT_VARYING;\n                }\n                break;\n\n            case Types.SQL_INTERVAL :\n                return readIntervalType(false);\n\n            default :\n        }","location":{"offset":[9568,1468],"column":8,"row":278,"file":"hsqldb-2.3.1/hsqldb/src/org/hsqldb/ParserDQL.java"},"clone_class":"13c6aa3e-9093-4be9-9a44-d2c8942d9aa6","pairs":[{"type":3,"id":"710d9324-aee5-42c3-b920-35393525dd39"}],"id":"6623e9cc-83d7-4703-80ed-63b151005674"}]