[{"src":"|project://hsqldb-2.3.1/hsqldb/src/org/hsqldb/jdbc/JDBCBlob.java|(21745,4256,<503,4>,<599,5>)","metadata":{"length":97,"sloc":20,"mass":72},"fragment":"/**\n     * Retrieves a stream that can be used to write to the <code>BLOB</code>\n     * value that this <code>Blob</code> object represents.  The stream begins\n     * at position <code>pos</code>.\n     * The  bytes written to the stream will overwrite the existing bytes\n     * in the <code>Blob</code> object starting at the position\n     * <code>pos</code>.  If the end of the <code>Blob</code> value is reached\n     * while writing to the stream, then the length of the <code>Blob</code>\n     * value will be increased to accommodate the extra bytes.\n     * <p>\n     * <b>Note:</b> If the value specified for <code>pos</code>\n     * is greater then the length+1 of the <code>BLOB</code> value then the\n     * behavior is undefined. Some JDBC drivers may throw a\n     * <code>SQLException</code> while other drivers may support this\n     * operation.\n     *\n     * <!-- start release-specific documentation -->\n     * <div class=\"ReleaseSpecificDocumentation\">\n     * <h3>HSQLDB-Specific Information:</h3> <p>\n     *\n     * Starting with HSQLDB 2.0 this feature is supported. <p>\n     *\n     * When built under JDK 1.6+ and the Blob instance is constructed as a\n     * result of calling JDBCConnection.createBlob(), this operation affects\n     * only the client-side value; it has no effect upon a value stored in a\n     * database because JDBCConnection.createBlob() constructs disconnected,\n     * initially empty Blob instances. To propagate the Blob value to a database\n     * in this case, it is required to supply the Blob instance to an updating\n     * or inserting setXXX method of a Prepared or Callable Statement, or to\n     * supply the Blob instance to an updateXXX method of an updateable\n     * ResultSet. <p>\n     *\n     * <b>Implementation Notes:</b><p>\n     *\n     * The data written to the stream does not appear in this\n     * Blob until the stream is closed <p>\n     *\n     * When the stream is closed, if the value specified for <code>pos</code>\n     * is greater than the length of the <code>BLOB</code> value, then\n     * the <code>BLOB</code> value is extended in length to accept the\n     * written octets and the undefined region up to <code>pos</code> is\n     * filled with (byte)0. <p>\n     *\n     * Starting with HSQLDB 2.1, JDBCBlob no longer utilizes volatile fields\n     * and is effectively thread safe, but still uses local variable\n     * snapshot isolation. <p>\n     *\n     * As such, the synchronization policy still does not strictly enforce\n     * serialized read/write access to the underlying data  <p>\n     *\n     * So, if an application may perform concurrent JDBCBlob modifications and\n     * the integrity of the application depends on total order Blob modification\n     * semantics, then such operations should be synchronized on an appropriate\n     * monitor. <p>\n     *\n     * </div>\n     * <!-- end release-specific documentation -->\n     *\n     * @param pos the position in the <code>BLOB</code> value at which\n     *        to start writing; the first position is 1\n     * @return a <code>java.io.OutputStream</code> object to which data can\n     *         be written\n     * @exception SQLException if there is an error accessing the\n     *            <code>BLOB</code> value or if pos is less than 1\n     * @exception SQLFeatureNotSupportedException if the JDBC driver does not support\n     * this method\n     * @see #getBinaryStream\n     * @since JDK 1.4, HSQLDB 1.7.2\n     * @revised JDK 1.6, HSQLDB 2.0\n     */\n    public OutputStream setBinaryStream(final long pos) throws SQLException {\n\n        if (!m_createdByConnection) {\n\n            /** @todo - Better error message */\n            throw JDBCUtil.notSupported();\n        }\n\n        if (pos < MIN_POS || pos > MAX_POS) {\n            throw JDBCUtil.outOfRangeArgument(\"pos: \" + pos);\n        }\n        checkClosed();\n\n        return new java.io.ByteArrayOutputStream() {\n\n            public synchronized void close() throws java.io.IOException {\n\n                try {\n                    JDBCBlob.this.setBytes(pos, toByteArray());\n                } catch (SQLException se) {\n                    throw JavaSystem.toIOException(se);\n                } finally {\n                    super.close();\n                }\n            }\n        };\n    }","location":{"offset":[21745,4256],"column":4,"row":503,"file":"hsqldb-2.3.1/hsqldb/src/org/hsqldb/jdbc/JDBCBlob.java"},"clone_class":"0ba1f455-a30c-407a-b8ca-7d9c306d7ee5","pairs":[{"type":3,"id":"0ae032b3-8420-4691-bad3-76163b7a46a6"}],"id":"746fe089-bd85-4c5c-96b4-a95457b965cc"},{"src":"|project://hsqldb-2.3.1/hsqldb/src/org/hsqldb/jdbc/JDBCClob.java|(26982,765,<613,48>,<640,5>)","metadata":{"length":28,"sloc":21,"mass":68},"fragment":"{\n\n        if (!m_createdByConnection) {\n\n            /** @todo - Better error message */\n            throw JDBCUtil.notSupported();\n        }\n        checkClosed();\n\n        if (pos < MIN_POS || pos > MAX_POS) {\n            throw JDBCUtil.outOfRangeArgument(\"pos: \" + pos);\n        }\n\n        return new java.io.ByteArrayOutputStream() {\n\n            public synchronized void close() throws java.io.IOException {\n\n                try {\n                    JDBCClob.this.setString(pos,\n                            new String(toByteArray(), \"US-ASCII\"));\n                } catch (SQLException se) {\n                    throw JavaSystem.toIOException(se);\n                } finally {\n                    super.close();\n                }\n            }\n        };\n    }","location":{"offset":[26982,765],"column":48,"row":613,"file":"hsqldb-2.3.1/hsqldb/src/org/hsqldb/jdbc/JDBCClob.java"},"clone_class":"0ba1f455-a30c-407a-b8ca-7d9c306d7ee5","pairs":[{"type":3,"id":"746fe089-bd85-4c5c-96b4-a95457b965cc"}],"id":"0ae032b3-8420-4691-bad3-76163b7a46a6"}]