[{"src":"|project://hsqldb-2.3.1/hsqldb/src/org/hsqldb/dbinfo/DatabaseInformationMain.java|(93919,1979,<2272,23>,<2313,9>)","metadata":{"length":42,"sloc":23,"mass":104},"fragment":"{\n            t = createBlankTable(sysTableHsqlNames[SYSTEM_TABLES]);\n\n            // -------------------------------------------------------------\n            // required\n            // -------------------------------------------------------------\n            addColumn(t, \"TABLE_CAT\", SQL_IDENTIFIER);\n            addColumn(t, \"TABLE_SCHEM\", SQL_IDENTIFIER);\n            addColumn(t, \"TABLE_NAME\", SQL_IDENTIFIER);       // not null\n            addColumn(t, \"TABLE_TYPE\", CHARACTER_DATA);       // not null\n            addColumn(t, \"REMARKS\", CHARACTER_DATA);\n\n            // -------------------------------------------------------------\n            // JDBC 3.0\n            // -------------------------------------------------------------\n            addColumn(t, \"TYPE_CAT\", SQL_IDENTIFIER);\n            addColumn(t, \"TYPE_SCHEM\", SQL_IDENTIFIER);\n            addColumn(t, \"TYPE_NAME\", SQL_IDENTIFIER);\n            addColumn(t, \"SELF_REFERENCING_COL_NAME\", SQL_IDENTIFIER);\n            addColumn(t, \"REF_GENERATION\", CHARACTER_DATA);\n\n            // -------------------------------------------------------------\n            // extended\n            // ------------------------------------------------------------\n            addColumn(t, \"HSQLDB_TYPE\", SQL_IDENTIFIER);\n            addColumn(t, \"READ_ONLY\", Type.SQL_BOOLEAN);      // not null\n            addColumn(t, \"COMMIT_ACTION\", CHARACTER_DATA);    // not null\n\n            // ------------------------------------------------------------\n            // order TABLE_TYPE, TABLE_SCHEM and TABLE_NAME\n            // added for unique: TABLE_CAT\n            // false PK, as TABLE_SCHEM and/or TABLE_CAT may be null\n            HsqlName name = HsqlNameManager.newInfoSchemaObjectName(\n                sysTableHsqlNames[SYSTEM_TABLES].name, false,\n                SchemaObject.INDEX);\n\n            t.createPrimaryKeyConstraint(name, new int[] {\n                3, 1, 2, 0\n            }, false);\n\n            return t;\n        }","location":{"offset":[93919,1979],"column":23,"row":2272,"file":"hsqldb-2.3.1/hsqldb/src/org/hsqldb/dbinfo/DatabaseInformationMain.java"},"clone_class":"125d1e6c-17ed-46ef-a3af-231b10cd049e","pairs":[{"type":3,"id":"87c187ba-5082-4b68-bd07-5d81004695cf"}],"id":"75599a1e-f950-4514-bc8e-a56f299e166d"},{"src":"|project://hsqldb-2.3.1/hsqldb/src/org/hsqldb/dbinfo/DatabaseInformationFull.java|(254963,1231,<6707,8>,<6732,9>)","metadata":{"length":26,"sloc":22,"mass":100},"fragment":"if (t == null) {\n            t = createBlankTable(sysTableHsqlNames[TRANSLATIONS]);\n\n            addColumn(t, \"TRANSLATION_CATALOG\", SQL_IDENTIFIER);\n            addColumn(t, \"TRANSLATION_SCHEMA\", SQL_IDENTIFIER);\n            addColumn(t, \"TRANSLATION_NAME\", SQL_IDENTIFIER);\n            addColumn(t, \"SOURCE_CHARACTER_SET_CATALOG\", SQL_IDENTIFIER);\n            addColumn(t, \"SOURCE_CHARACTER_SET_SCHEMA\", SQL_IDENTIFIER);\n            addColumn(t, \"SOURCE_CHARACTER_SET_NAME\", SQL_IDENTIFIER);\n            addColumn(t, \"TARGET_CHARACTER_SET_CATALOG\", SQL_IDENTIFIER);\n            addColumn(t, \"TARGET_CHARACTER_SET_SCHEMA\", SQL_IDENTIFIER);\n            addColumn(t, \"TARGET_CHARACTER_SET_NAME\", SQL_IDENTIFIER);\n            addColumn(t, \"TRANSLATION_SOURCE_CATALOG\", SQL_IDENTIFIER);\n            addColumn(t, \"TRANSLATION_SOURCE_SCHEMA\", SQL_IDENTIFIER);\n            addColumn(t, \"TRANSLATION_SOURCE_NAME\", SQL_IDENTIFIER);\n\n            HsqlName name = HsqlNameManager.newInfoSchemaObjectName(\n                sysTableHsqlNames[TRANSLATIONS].name, false,\n                SchemaObject.INDEX);\n\n            t.createPrimaryKeyConstraint(name, new int[] {\n                0, 1, 2\n            }, false);\n\n            return t;\n        }","location":{"offset":[254963,1231],"column":8,"row":6707,"file":"hsqldb-2.3.1/hsqldb/src/org/hsqldb/dbinfo/DatabaseInformationFull.java"},"clone_class":"125d1e6c-17ed-46ef-a3af-231b10cd049e","pairs":[{"type":3,"id":"75599a1e-f950-4514-bc8e-a56f299e166d"}],"id":"87c187ba-5082-4b68-bd07-5d81004695cf"}]