[{"src":"|project://hsqldb-2.3.1/hsqldb/src/org/hsqldb/TableWorks.java|(24304,827,<674,4>,<697,5>)","metadata":{"length":24,"sloc":18,"mass":79},"fragment":"void addUniqueConstraint(Constraint constraint) {\n\n        checkModifyTable();\n        database.schemaManager.checkSchemaObjectNotExists(\n            constraint.getName());\n\n        if (table.getUniqueConstraintForColumns(constraint.getMainColumns())\n                != null) {\n            throw Error.error(ErrorCode.X_42522);\n        }\n\n        Table tn = table.moveDefinition(session, table.tableType, null,\n                                        constraint, constraint.getMainIndex(),\n                                        -1, 0, emptySet, emptySet);\n\n        moveData(table, tn, -1, 0);\n\n        table = tn;\n\n        database.schemaManager.addSchemaObject(constraint);\n        setNewTableInSchema(table);\n        updateConstraints(table, emptySet);\n        database.schemaManager.recompileDependentObjects(table);\n    }","location":{"offset":[24304,827],"column":4,"row":674,"file":"hsqldb-2.3.1/hsqldb/src/org/hsqldb/TableWorks.java"},"clone_class":"0203f231-0aa4-44be-8390-d3a5f4a0294f","pairs":[{"type":3,"id":"5c13c6ea-5842-478e-ba76-77a40189ef05"},{"type":3,"id":"9f3d4a26-ba91-4942-a24d-e27c71e67cf0"}],"id":"fbca3b87-7949-49ba-9e49-d173d7882cb5"},{"src":"|project://hsqldb-2.3.1/hsqldb/src/org/hsqldb/TableWorks.java|(21923,734,<606,4>,<629,5>)","metadata":{"length":24,"sloc":17,"mass":74},"fragment":"void addPrimaryKey(Constraint constraint) {\n\n        checkModifyTable();\n\n        if (table.hasPrimaryKey()) {\n            throw Error.error(ErrorCode.X_42532);\n        }\n\n        database.schemaManager.checkSchemaObjectNotExists(\n            constraint.getName());\n\n        Table tn = table.moveDefinition(session, table.tableType, null,\n                                        constraint, null, -1, 0, emptySet,\n                                        emptySet);\n\n        moveData(table, tn, -1, 0);\n\n        table = tn;\n\n        database.schemaManager.addSchemaObject(constraint);\n        setNewTableInSchema(table);\n        updateConstraints(table, emptySet);\n        database.schemaManager.recompileDependentObjects(table);\n    }","location":{"offset":[21923,734],"column":4,"row":606,"file":"hsqldb-2.3.1/hsqldb/src/org/hsqldb/TableWorks.java"},"clone_class":"0203f231-0aa4-44be-8390-d3a5f4a0294f","pairs":[{"type":3,"id":"fbca3b87-7949-49ba-9e49-d173d7882cb5"},{"type":3,"id":"9f3d4a26-ba91-4942-a24d-e27c71e67cf0"}],"id":"5c13c6ea-5842-478e-ba76-77a40189ef05"}]