[{"src":"|project://hsqldb-2.3.1/hsqldb/src/org/hsqldb/ParserDDL.java|(68616,1328,<2215,27>,<2247,21>)","metadata":{"length":33,"sloc":25,"mass":108},"fragment":"{\n                        if (Boolean.FALSE.equals(isForEachRow)\n                                || newRowName != null) {\n                            throw unexpectedToken();\n                        }\n\n                        readIfThis(Tokens.ROW);\n                        readIfThis(Tokens.AS);\n                        checkIsSimpleName();\n\n                        newRowName = HsqlNameManager.getSimpleName(\n                            token.tokenString, token.isDelimitedIdentifier);\n\n                        read();\n\n                        String n = newRowName.name;\n\n                        if (n.equals(oldTableName) || n.equals(newTableName)\n                                || n.equals(oldRowName)) {\n                            throw unexpectedToken();\n                        }\n\n                        isForEachRow = Boolean.TRUE;\n\n                        RangeVariable range =\n                            new RangeVariable(table.columnList, newRowName,\n                                              false,\n                                              RangeVariable.TRANSITION_RANGE);\n\n                        range.rangePosition             = TriggerDef.NEW_ROW;\n                        transitions[TriggerDef.NEW_ROW] = null;\n                        rangeVars[TriggerDef.NEW_ROW]   = range;\n                    }","location":{"offset":[68616,1328],"column":27,"row":2215,"file":"hsqldb-2.3.1/hsqldb/src/org/hsqldb/ParserDDL.java"},"clone_class":"0a078fa1-c41b-4db6-bc78-4e4591a2c163","pairs":[{"type":2,"id":"e2344d67-fe22-4d43-80ec-21f0c5c6cd12"}],"id":"fdd3a54a-1dcf-4cc2-8a20-4fdf620cb96a"},{"src":"|project://hsqldb-2.3.1/hsqldb/src/org/hsqldb/ParserDDL.java|(65596,1328,<2142,27>,<2174,21>)","metadata":{"length":33,"sloc":25,"mass":108},"fragment":"{\n                        if (Boolean.FALSE.equals(isForEachRow)\n                                || oldRowName != null) {\n                            throw unexpectedToken();\n                        }\n\n                        readIfThis(Tokens.ROW);\n                        readIfThis(Tokens.AS);\n                        checkIsSimpleName();\n\n                        oldRowName = HsqlNameManager.getSimpleName(\n                            token.tokenString, token.isDelimitedIdentifier);\n\n                        read();\n\n                        String n = oldRowName.name;\n\n                        if (n.equals(newTableName) || n.equals(oldTableName)\n                                || n.equals(newRowName)) {\n                            throw unexpectedToken();\n                        }\n\n                        isForEachRow = Boolean.TRUE;\n\n                        RangeVariable range =\n                            new RangeVariable(table.columnList, oldRowName,\n                                              false,\n                                              RangeVariable.TRANSITION_RANGE);\n\n                        range.rangePosition             = TriggerDef.OLD_ROW;\n                        transitions[TriggerDef.OLD_ROW] = null;\n                        rangeVars[TriggerDef.OLD_ROW]   = range;\n                    }","location":{"offset":[65596,1328],"column":27,"row":2142,"file":"hsqldb-2.3.1/hsqldb/src/org/hsqldb/ParserDDL.java"},"clone_class":"0a078fa1-c41b-4db6-bc78-4e4591a2c163","pairs":[{"type":2,"id":"fdd3a54a-1dcf-4cc2-8a20-4fdf620cb96a"}],"id":"e2344d67-fe22-4d43-80ec-21f0c5c6cd12"}]