[{"src":"|project://hsqldb-2.3.1/hsqldb/src/org/hsqldb/dbinfo/DatabaseInformationFull.java|(293265,1750,<7741,34>,<7780,9>)","metadata":{"length":40,"sloc":34,"mass":194},"fragment":"{\n            SchemaObject object = (SchemaObject) objects.next();\n\n            for (int i = 0; i < grantees.size(); i++) {\n                Grantee granteeObject = (Grantee) grantees.get(i);\n                OrderedHashSet rights =\n                    granteeObject.getAllDirectPrivileges(object);\n                OrderedHashSet grants =\n                    granteeObject.getAllGrantedPrivileges(object);\n\n                if (!grants.isEmpty()) {\n                    grants.addAll(rights);\n\n                    rights = grants;\n                }\n\n                for (int j = 0; j < rights.size(); j++) {\n                    Right right          = (Right) rights.get(j);\n                    Right grantableRight = right.getGrantableRights();\n\n                    row                 = t.getEmptyRowData();\n                    row[grantor]        = right.getGrantor().getName().name;\n                    row[grantee]        = right.getGrantee().getName().name;\n                    row[object_catalog] = database.getCatalogName().name;\n                    row[object_schema]  = object.getSchemaName().name;\n                    row[object_name]    = object.getName().name;\n                    row[object_type] =\n                        SchemaObjectSet.getName(object.getName().type);\n                    row[privilege_type] = Tokens.T_USAGE;\n                    row[is_grantable] =\n                        right.getGrantee() == object.getOwner()\n                        || grantableRight.isFull() ? Tokens.T_YES\n                                                   : Tokens.T_NO;;\n\n                    try {\n                        t.insertSys(session, store, row);\n                    } catch (HsqlException e) {}\n                }\n            }\n        }","location":{"offset":[293265,1750],"column":34,"row":7741,"file":"hsqldb-2.3.1/hsqldb/src/org/hsqldb/dbinfo/DatabaseInformationFull.java"},"clone_class":"0da67327-3671-48f0-a987-214d7d9b36d2","pairs":[{"type":3,"id":"167630e7-a6e5-46fa-a45b-e995686ee503"},{"type":3,"id":"6db474df-f20e-4493-9fa4-494b8937665c"}],"id":"d6335ba5-c033-40c7-beba-c7367b4ae8d7"},{"src":"|project://hsqldb-2.3.1/hsqldb/src/org/hsqldb/dbinfo/DatabaseInformationFull.java|(285512,1803,<7543,8>,<7585,9>)","metadata":{"length":43,"sloc":36,"mass":202},"fragment":"while (objects.hasNext()) {\n            SchemaObject object = (SchemaObject) objects.next();\n\n            if (object.getType() != SchemaObject.TYPE) {\n                continue;\n            }\n\n            for (int i = 0; i < grantees.size(); i++) {\n                Grantee granteeObject = (Grantee) grantees.get(i);\n                OrderedHashSet rights =\n                    granteeObject.getAllDirectPrivileges(object);\n                OrderedHashSet grants =\n                    granteeObject.getAllGrantedPrivileges(object);\n\n                if (!grants.isEmpty()) {\n                    grants.addAll(rights);\n\n                    rights = grants;\n                }\n\n                for (int j = 0; j < rights.size(); j++) {\n                    Right    right          = (Right) rights.get(j);\n                    Right    grantableRight = right.getGrantableRights();\n                    Object[] row;\n\n                    row                 = t.getEmptyRowData();\n                    row[grantor]        = right.getGrantor().getName().name;\n                    row[grantee]        = right.getGrantee().getName().name;\n                    row[udt_catalog]    = database.getCatalogName().name;\n                    row[udt_schema]     = object.getSchemaName().name;\n                    row[udt_name]       = object.getName().name;\n                    row[privilege_type] = Tokens.T_USAGE;\n                    row[is_grantable] =\n                        right.getGrantee() == object.getOwner()\n                        || grantableRight.isFull() ? Tokens.T_YES\n                                                   : Tokens.T_NO;;\n\n                    try {\n                        t.insertSys(session, store, row);\n                    } catch (HsqlException e) {}\n                }\n            }\n        }","location":{"offset":[285512,1803],"column":8,"row":7543,"file":"hsqldb-2.3.1/hsqldb/src/org/hsqldb/dbinfo/DatabaseInformationFull.java"},"clone_class":"0da67327-3671-48f0-a987-214d7d9b36d2","pairs":[{"type":3,"id":"167630e7-a6e5-46fa-a45b-e995686ee503"},{"type":3,"id":"d6335ba5-c033-40c7-beba-c7367b4ae8d7"}],"id":"6db474df-f20e-4493-9fa4-494b8937665c"}]