[{"src":"|project://hsqldb-2.3.1/hsqldb/src/org/hsqldb/jdbc/JDBCPreparedStatement.java|(177380,1889,<4318,4>,<4374,5>)","metadata":{"length":57,"sloc":44,"mass":248},"fragment":"void setClobParameter(int i, Object o,\n                          long streamLength) throws SQLException {\n\n        if (o instanceof JDBCClobClient) {\n            JDBCClobClient clob = (JDBCClobClient) o;\n\n            if (!clob.session.getDatabaseUniqueName().equals(\n                    session.getDatabaseUniqueName())) {\n                streamLength = clob.length();\n\n                Reader is = clob.getCharacterStream();\n\n                parameterValues[i - 1] = is;\n                streamLengths[i - 1]   = streamLength;\n                parameterSet[i - 1]    = Boolean.FALSE;\n\n                return;\n            }\n            parameterValues[i - 1] = o;\n            parameterSet[i - 1]    = Boolean.TRUE;\n\n            return;\n        } else if (o instanceof Clob) {\n            parameterValues[i - 1] = o;\n            parameterSet[i - 1]    = Boolean.TRUE;\n\n            return;\n        } else if (o instanceof ClobInputStream) {\n            ClobInputStream is = (ClobInputStream) o;\n\n            if (is.session.getDatabaseUniqueName().equals(\n                    session.getDatabaseUniqueName())) {\n                throw JDBCUtil.sqlException(ErrorCode.JDBC_INVALID_ARGUMENT,\n                                        \"invalid Reader\");\n            }\n            parameterValues[i - 1] = o;\n            streamLengths[i - 1]   = streamLength;\n            parameterSet[i - 1]    = Boolean.FALSE;\n\n            return;\n        } else if (o instanceof Reader) {\n            parameterValues[i - 1] = o;\n            streamLengths[i - 1]   = streamLength;\n            parameterSet[i - 1]    = Boolean.FALSE;\n\n            return;\n        } else if (o instanceof String) {\n            JDBCClob clob = new JDBCClob((String) o);\n\n            parameterValues[i - 1] = clob;\n            parameterSet[i - 1]    = false;\n\n            return;\n        }\n\n        throw JDBCUtil.invalidArgument();\n    }","location":{"offset":[177380,1889],"column":4,"row":4318,"file":"hsqldb-2.3.1/hsqldb/src/org/hsqldb/jdbc/JDBCPreparedStatement.java"},"clone_class":"0c18df2a-1b41-4960-a3bd-4ae1e96d8d57","pairs":[{"type":3,"id":"f4b2a3f9-180c-43db-bcb1-08026acd74d1"}],"id":"c6e5b789-f033-443a-b362-327fb5513c65"},{"src":"|project://hsqldb-2.3.1/hsqldb/src/org/hsqldb/jdbc/JDBCPreparedStatement.java|(179475,2000,<4386,4>,<4446,5>)","metadata":{"length":61,"sloc":45,"mass":250},"fragment":"void setBlobParameter(int i, Object o,\n                          long streamLength) throws SQLException {\n\n        if (o instanceof JDBCBlobClient) {\n            JDBCBlobClient blob = (JDBCBlobClient) o;\n\n            if (!blob.session.getDatabaseUniqueName().equals(\n                    session.getDatabaseUniqueName())) {\n                streamLength = blob.length();\n\n                InputStream is = blob.getBinaryStream();\n\n                parameterValues[i - 1] = is;\n                streamLengths[i - 1]   = streamLength;\n                parameterSet[i - 1]    = Boolean.FALSE;\n\n                return;\n            }\n\n            // in the same database\n            parameterValues[i - 1] = o;\n            parameterSet[i - 1]    = Boolean.TRUE;\n\n            return;\n        } else if (o instanceof Blob) {\n            parameterValues[i - 1] = o;\n            parameterSet[i - 1]    = Boolean.FALSE;\n\n            return;\n        } else if (o instanceof BlobInputStream) {\n            BlobInputStream is = (BlobInputStream) o;\n\n            if (is.session.getDatabaseUniqueName().equals(\n                    session.getDatabaseUniqueName())) {\n                throw JDBCUtil.sqlException(ErrorCode.JDBC_INVALID_ARGUMENT,\n                                        \"invalid Reader\");\n            }\n\n            // in the same database ? see if it blocks in\n            parameterValues[i - 1] = o;\n            streamLengths[i - 1]   = streamLength;\n            parameterSet[i - 1]    = Boolean.FALSE;\n\n            return;\n        } else if (o instanceof InputStream) {\n            parameterValues[i - 1] = o;\n            streamLengths[i - 1]   = streamLength;\n            parameterSet[i - 1]    = Boolean.FALSE;\n\n            return;\n        } else if (o instanceof byte[]) {\n            JDBCBlob blob = new JDBCBlob((byte[]) o);\n\n            parameterValues[i - 1] = blob;\n            parameterSet[i - 1]    = Boolean.TRUE;\n\n            return;\n        }\n\n        throw JDBCUtil.invalidArgument();\n    }","location":{"offset":[179475,2000],"column":4,"row":4386,"file":"hsqldb-2.3.1/hsqldb/src/org/hsqldb/jdbc/JDBCPreparedStatement.java"},"clone_class":"0c18df2a-1b41-4960-a3bd-4ae1e96d8d57","pairs":[{"type":3,"id":"c6e5b789-f033-443a-b362-327fb5513c65"}],"id":"f4b2a3f9-180c-43db-bcb1-08026acd74d1"}]