[{"src":"|project://hsqldb-2.3.1/hsqldb/src/org/hsqldb/ParserBase.java|(12059,688,<467,22>,<500,5>)","metadata":{"length":34,"sloc":23,"mass":99},"fragment":"{\n\n        boolean minus = false;\n\n        if (token.tokenType == Tokens.MINUS) {\n            minus = true;\n\n            read();\n        }\n\n        checkIsValue();\n\n        if (minus && token.dataType.typeCode == Types.SQL_BIGINT\n                && ((Number) token.tokenValue).longValue()\n                   == -(long) Integer.MIN_VALUE) {\n            read();\n\n            return Integer.MIN_VALUE;\n        }\n\n        if (token.dataType.typeCode != Types.SQL_INTEGER) {\n            throw Error.error(ErrorCode.X_42563);\n        }\n\n        int val = ((Number) token.tokenValue).intValue();\n\n        if (minus) {\n            val = -val;\n        }\n\n        read();\n\n        return val;\n    }","location":{"offset":[12059,688],"column":22,"row":467,"file":"hsqldb-2.3.1/hsqldb/src/org/hsqldb/ParserBase.java"},"clone_class":"110e3dbe-dde4-4b2e-8ef2-6f369d5d86e1","pairs":[{"type":3,"id":"89a9d202-6c2f-4cd8-b356-d7352d156f8e"}],"id":"59481189-a343-46c6-99ce-54aa139c5096"},{"src":"|project://hsqldb-2.3.1/hsqldb/src/org/hsqldb/ParserBase.java|(12771,713,<502,22>,<535,5>)","metadata":{"length":34,"sloc":23,"mass":99},"fragment":"{\n\n        boolean minus = false;\n\n        if (token.tokenType == Tokens.MINUS) {\n            minus = true;\n\n            read();\n        }\n\n        checkIsValue();\n\n        if (minus && token.dataType.typeCode == Types.SQL_NUMERIC\n                && LONG_MAX_VALUE_INCREMENT.equals(token.tokenValue)) {\n            read();\n\n            return Long.MIN_VALUE;\n        }\n\n        if (token.dataType.typeCode != Types.SQL_INTEGER\n                && token.dataType.typeCode != Types.SQL_BIGINT) {\n            throw Error.error(ErrorCode.X_42563);\n        }\n\n        long val = ((Number) token.tokenValue).longValue();\n\n        if (minus) {\n            val = -val;\n        }\n\n        read();\n\n        return val;\n    }","location":{"offset":[12771,713],"column":22,"row":502,"file":"hsqldb-2.3.1/hsqldb/src/org/hsqldb/ParserBase.java"},"clone_class":"110e3dbe-dde4-4b2e-8ef2-6f369d5d86e1","pairs":[{"type":3,"id":"59481189-a343-46c6-99ce-54aa139c5096"}],"id":"89a9d202-6c2f-4cd8-b356-d7352d156f8e"}]