[{"src":"|project://hsqldb-2.3.1/hsqldb/src/org/hsqldb/NumberSequence.java|(3134,939,<98,8>,<132,9>)","metadata":{"length":35,"sloc":27,"mass":107},"fragment":"switch (dataType.typeCode) {\n\n            case Types.TINYINT :\n                max = Byte.MAX_VALUE;\n                min = Byte.MIN_VALUE;\n                break;\n\n            case Types.SQL_SMALLINT :\n                max = Short.MAX_VALUE;\n                min = Short.MIN_VALUE;\n                break;\n\n            case Types.SQL_INTEGER :\n                max = Integer.MAX_VALUE;\n                min = Integer.MIN_VALUE;\n                break;\n\n            case Types.SQL_BIGINT :\n                max = Long.MAX_VALUE;\n                min = Long.MIN_VALUE;\n                break;\n\n            case Types.SQL_NUMERIC :\n            case Types.SQL_DECIMAL :\n                if (type.scale == 0) {\n                    max = Long.MAX_VALUE;\n                    min = Long.MIN_VALUE;\n\n                    break;\n                }\n\n            // fall through\n            default :\n                throw Error.error(ErrorCode.X_42563);\n        }","location":{"offset":[3134,939],"column":8,"row":98,"file":"hsqldb-2.3.1/hsqldb/src/org/hsqldb/NumberSequence.java"},"clone_class":"09046f86-be4f-413c-89c7-9484cbac3b0f","pairs":[{"type":3,"id":"fd9707a5-0b52-4152-bc02-fa7a08da4357"}],"id":"793fa06f-663e-469f-bd21-fafe76e7d8ce"},{"src":"|project://hsqldb-2.3.1/hsqldb/src/org/hsqldb/NumberSequence.java|(13584,866,<509,8>,<539,9>)","metadata":{"length":31,"sloc":25,"mass":101},"fragment":"switch (dataType.typeCode) {\n\n            case Types.TINYINT :\n                max = Byte.MAX_VALUE;\n                min = Byte.MIN_VALUE;\n                break;\n\n            case Types.SQL_SMALLINT :\n                max = Short.MAX_VALUE;\n                min = Short.MIN_VALUE;\n                break;\n\n            case Types.SQL_INTEGER :\n                max = Integer.MAX_VALUE;\n                min = Integer.MIN_VALUE;\n                break;\n\n            case Types.SQL_BIGINT :\n                max = Long.MAX_VALUE;\n                min = Long.MIN_VALUE;\n                break;\n\n            case Types.SQL_NUMERIC :\n            case Types.SQL_DECIMAL :\n                max = Long.MAX_VALUE;\n                min = Long.MIN_VALUE;\n                break;\n\n            default :\n                throw Error.runtimeError(ErrorCode.U_S0500, \"NumberSequence\");\n        }","location":{"offset":[13584,866],"column":8,"row":509,"file":"hsqldb-2.3.1/hsqldb/src/org/hsqldb/NumberSequence.java"},"clone_class":"09046f86-be4f-413c-89c7-9484cbac3b0f","pairs":[{"type":3,"id":"793fa06f-663e-469f-bd21-fafe76e7d8ce"}],"id":"fd9707a5-0b52-4152-bc02-fa7a08da4357"}]