[{"src":"|project://hsqldb-2.3.1/hsqldb/src/org/hsqldb/lib/HashMappedList.java|(5393,283,<203,4>,<216,5>)","metadata":{"length":14,"sloc":10,"mass":55},"fragment":"public Object[] toValuesArray(Object[] a) {\n\n        int size = size();\n\n        if (a == null || a.length < size) {\n            a = new Object[size];\n        }\n\n        for (int i = 0; i < size; i++) {\n            a[i] = super.objectValueTable[i];\n        }\n\n        return a;\n    }","location":{"offset":[5393,283],"column":4,"row":203,"file":"hsqldb-2.3.1/hsqldb/src/org/hsqldb/lib/HashMappedList.java"},"clone_class":"007eb3ba-34bc-442a-9bbb-92db7d1596df","pairs":[{"type":2,"id":"6ee96f4d-08e3-4a9b-9781-17c7d279d5be"}],"id":"56f772c9-f4a8-464e-b365-f37753810fa5"},{"src":"|project://hsqldb-2.3.1/hsqldb/src/org/hsqldb/lib/HashMappedList.java|(5682,279,<218,4>,<231,5>)","metadata":{"length":14,"sloc":10,"mass":55},"fragment":"public Object[] toKeysArray(Object[] a) {\n\n        int size = size();\n\n        if (a == null || a.length < size) {\n            a = new Object[size];\n        }\n\n        for (int i = 0; i < size; i++) {\n            a[i] = super.objectKeyTable[i];\n        }\n\n        return a;\n    }","location":{"offset":[5682,279],"column":4,"row":218,"file":"hsqldb-2.3.1/hsqldb/src/org/hsqldb/lib/HashMappedList.java"},"clone_class":"007eb3ba-34bc-442a-9bbb-92db7d1596df","pairs":[{"type":2,"id":"56f772c9-f4a8-464e-b365-f37753810fa5"}],"id":"6ee96f4d-08e3-4a9b-9781-17c7d279d5be"}]