[{"src":"|project://hsqldb-2.3.1/hsqldb/src/org/hsqldb/StatementDMQL.java|(12999,1102,<437,8>,<470,9>)","metadata":{"length":34,"sloc":28,"mass":66},"fragment":"switch (type) {\n\n            case StatementTypes.CALL : {\n                break;\n            }\n            case StatementTypes.INSERT : {\n                session.getGrantee().checkInsert(targetTable,\n                                                 insertCheckColumns);\n\n                break;\n            }\n            case StatementTypes.SELECT_CURSOR :\n                break;\n\n            case StatementTypes.DELETE_WHERE : {\n                session.getGrantee().checkDelete(targetTable);\n\n                break;\n            }\n            case StatementTypes.UPDATE_WHERE : {\n                session.getGrantee().checkUpdate(targetTable,\n                                                 updateCheckColumns);\n\n                break;\n            }\n            case StatementTypes.MERGE : {\n                session.getGrantee().checkInsert(targetTable,\n                                                 insertCheckColumns);\n                session.getGrantee().checkUpdate(targetTable,\n                                                 updateCheckColumns);\n\n                break;\n            }\n        }","location":{"offset":[12999,1102],"column":8,"row":437,"file":"hsqldb-2.3.1/hsqldb/src/org/hsqldb/StatementDMQL.java"},"clone_class":"05462dd4-7e18-4557-9871-e94c456a0078","pairs":[{"type":1,"id":"f41a7fda-ebed-4fba-b913-9a0f12c33292"}],"id":"ec415c26-eaf6-4703-b849-9ec534b767f8"},{"src":"|project://hsqldb-2.3.1/hsqldb/src/org/hsqldb/StatementResultUpdate.java|(6976,1102,<209,8>,<242,9>)","metadata":{"length":34,"sloc":28,"mass":66},"fragment":"switch (type) {\n\n            case StatementTypes.CALL : {\n                break;\n            }\n            case StatementTypes.INSERT : {\n                session.getGrantee().checkInsert(targetTable,\n                                                 insertCheckColumns);\n\n                break;\n            }\n            case StatementTypes.SELECT_CURSOR :\n                break;\n\n            case StatementTypes.DELETE_WHERE : {\n                session.getGrantee().checkDelete(targetTable);\n\n                break;\n            }\n            case StatementTypes.UPDATE_WHERE : {\n                session.getGrantee().checkUpdate(targetTable,\n                                                 updateCheckColumns);\n\n                break;\n            }\n            case StatementTypes.MERGE : {\n                session.getGrantee().checkInsert(targetTable,\n                                                 insertCheckColumns);\n                session.getGrantee().checkUpdate(targetTable,\n                                                 updateCheckColumns);\n\n                break;\n            }\n        }","location":{"offset":[6976,1102],"column":8,"row":209,"file":"hsqldb-2.3.1/hsqldb/src/org/hsqldb/StatementResultUpdate.java"},"clone_class":"05462dd4-7e18-4557-9871-e94c456a0078","pairs":[{"type":1,"id":"ec415c26-eaf6-4703-b849-9ec534b767f8"}],"id":"f41a7fda-ebed-4fba-b913-9a0f12c33292"}]