[{"src":"|project://hsqldb-2.3.1/hsqldb/src/org/hsqldb/dbinfo/DatabaseInformationFull.java|(37163,1312,<1034,8>,<1063,9>)","metadata":{"length":30,"sloc":22,"mass":116},"fragment":"if (t == null) {\n            t = createBlankTable(sysTableHsqlNames[SYSTEM_SESSIONS]);\n\n            addColumn(t, \"SESSION_ID\", CARDINAL_NUMBER);\n            addColumn(t, \"CONNECTED\", TIME_STAMP);\n            addColumn(t, \"USER_NAME\", SQL_IDENTIFIER);\n            addColumn(t, \"IS_ADMIN\", Type.SQL_BOOLEAN);\n            addColumn(t, \"AUTOCOMMIT\", Type.SQL_BOOLEAN);\n            addColumn(t, \"READONLY\", Type.SQL_BOOLEAN);\n\n            // Note: some sessions may have a NULL LAST_IDENTITY value\n            addColumn(t, \"LAST_IDENTITY\", CARDINAL_NUMBER);\n            addColumn(t, \"SCHEMA\", SQL_IDENTIFIER);\n            addColumn(t, \"TRANSACTION\", Type.SQL_BOOLEAN);\n            addColumn(t, \"TRANSACTION_SIZE\", CARDINAL_NUMBER);\n            addColumn(t, \"WAITING_FOR_THIS\", CHARACTER_DATA);\n            addColumn(t, \"THIS_WAITING_FOR\", CHARACTER_DATA);\n            addColumn(t, \"CURRENT_STATEMENT\", CHARACTER_DATA);\n            addColumn(t, \"LATCH_COUNT\", CARDINAL_NUMBER);\n\n            // order:  SESSION_ID\n            // true primary key\n            HsqlName name = HsqlNameManager.newInfoSchemaObjectName(\n                sysTableHsqlNames[SYSTEM_SESSIONS].name, false,\n                SchemaObject.INDEX);\n\n            t.createPrimaryKeyConstraint(name, new int[]{ 0 }, true);\n\n            return t;\n        }","location":{"offset":[37163,1312],"column":8,"row":1034,"file":"hsqldb-2.3.1/hsqldb/src/org/hsqldb/dbinfo/DatabaseInformationFull.java"},"clone_class":"0723b4fc-050c-4c47-b2d4-6dbf2254f52d","pairs":[{"type":3,"id":"60e5c988-691b-440f-89bd-005f3a325259"},{"type":3,"id":"dbe4cd91-27c1-428f-aa29-8f859a62fb97"},{"type":3,"id":"1f8e8ee7-6f92-4d80-bd59-31928e616a3c"}],"id":"754b9ed1-3941-437a-9c86-6f8717c339fc"},{"src":"|project://hsqldb-2.3.1/hsqldb/src/org/hsqldb/dbinfo/DatabaseInformationMain.java|(44037,1585,<1072,8>,<1103,9>)","metadata":{"length":32,"sloc":24,"mass":120},"fragment":"if (t == null) {\n            t = createBlankTable(sysTableHsqlNames[SYSTEM_CROSSREFERENCE]);\n\n            addColumn(t, \"PKTABLE_CAT\", SQL_IDENTIFIER);\n            addColumn(t, \"PKTABLE_SCHEM\", SQL_IDENTIFIER);\n            addColumn(t, \"PKTABLE_NAME\", SQL_IDENTIFIER);        // not null\n            addColumn(t, \"PKCOLUMN_NAME\", SQL_IDENTIFIER);       // not null\n            addColumn(t, \"FKTABLE_CAT\", SQL_IDENTIFIER);\n            addColumn(t, \"FKTABLE_SCHEM\", SQL_IDENTIFIER);\n            addColumn(t, \"FKTABLE_NAME\", SQL_IDENTIFIER);        // not null\n            addColumn(t, \"FKCOLUMN_NAME\", SQL_IDENTIFIER);       // not null\n            addColumn(t, \"KEY_SEQ\", Type.SQL_SMALLINT);          // not null\n            addColumn(t, \"UPDATE_RULE\", Type.SQL_SMALLINT);      // not null\n            addColumn(t, \"DELETE_RULE\", Type.SQL_SMALLINT);      // not null\n            addColumn(t, \"FK_NAME\", SQL_IDENTIFIER);\n            addColumn(t, \"PK_NAME\", SQL_IDENTIFIER);\n            addColumn(t, \"DEFERRABILITY\", Type.SQL_SMALLINT);    // not null\n\n            // order: FKTABLE_CAT, FKTABLE_SCHEM, FKTABLE_NAME, and KEY_SEQ\n            // added for unique: FK_NAME\n            // false PK, as FKTABLE_CAT, FKTABLE_SCHEM and/or FK_NAME\n            // may be null\n            HsqlName name = HsqlNameManager.newInfoSchemaObjectName(\n                sysTableHsqlNames[SYSTEM_CROSSREFERENCE].name, false,\n                SchemaObject.INDEX);\n\n            t.createPrimaryKeyConstraint(name, new int[] {\n                4, 5, 6, 8, 11\n            }, false);\n\n            return t;\n        }","location":{"offset":[44037,1585],"column":8,"row":1072,"file":"hsqldb-2.3.1/hsqldb/src/org/hsqldb/dbinfo/DatabaseInformationMain.java"},"clone_class":"0723b4fc-050c-4c47-b2d4-6dbf2254f52d","pairs":[{"type":3,"id":"754b9ed1-3941-437a-9c86-6f8717c339fc"},{"type":3,"id":"dbe4cd91-27c1-428f-aa29-8f859a62fb97"},{"type":3,"id":"1f8e8ee7-6f92-4d80-bd59-31928e616a3c"}],"id":"60e5c988-691b-440f-89bd-005f3a325259"},{"src":"|project://hsqldb-2.3.1/hsqldb/src/org/hsqldb/dbinfo/DatabaseInformationMain.java|(52737,1541,<1272,23>,<1305,9>)","metadata":{"length":34,"sloc":24,"mass":122},"fragment":"{\n            t = createBlankTable(sysTableHsqlNames[SYSTEM_INDEXINFO]);\n\n            // JDBC\n            addColumn(t, \"TABLE_CAT\", SQL_IDENTIFIER);\n            addColumn(t, \"TABLE_SCHEM\", SQL_IDENTIFIER);\n            addColumn(t, \"TABLE_NAME\", SQL_IDENTIFIER);             // NOT NULL\n            addColumn(t, \"NON_UNIQUE\", Type.SQL_BOOLEAN);           // NOT NULL\n            addColumn(t, \"INDEX_QUALIFIER\", SQL_IDENTIFIER);\n            addColumn(t, \"INDEX_NAME\", SQL_IDENTIFIER);\n            addColumn(t, \"TYPE\", Type.SQL_SMALLINT);                // NOT NULL\n            addColumn(t, \"ORDINAL_POSITION\", Type.SQL_SMALLINT);    // NOT NULL\n            addColumn(t, \"COLUMN_NAME\", SQL_IDENTIFIER);\n            addColumn(t, \"ASC_OR_DESC\", CHARACTER_DATA);\n            addColumn(t, \"CARDINALITY\", Type.SQL_INTEGER);\n            addColumn(t, \"PAGES\", Type.SQL_INTEGER);\n            addColumn(t, \"FILTER_CONDITION\", CHARACTER_DATA);\n\n            // HSQLDB extension\n            addColumn(t, \"ROW_CARDINALITY\", Type.SQL_INTEGER);\n\n            // order: NON_UNIQUE, TYPE, INDEX_NAME, and ORDINAL_POSITION.\n            // added for unique: INDEX_QUALIFIER, TABLE_NAME\n            // false PK, as INDEX_QUALIFIER may be null\n            HsqlName name = HsqlNameManager.newInfoSchemaObjectName(\n                sysTableHsqlNames[SYSTEM_INDEXINFO].name, false,\n                SchemaObject.INDEX);\n\n            t.createPrimaryKeyConstraint(name, new int[] {\n                0, 1, 2, 3, 4, 5, 7\n            }, false);\n\n            return t;\n        }","location":{"offset":[52737,1541],"column":23,"row":1272,"file":"hsqldb-2.3.1/hsqldb/src/org/hsqldb/dbinfo/DatabaseInformationMain.java"},"clone_class":"0723b4fc-050c-4c47-b2d4-6dbf2254f52d","pairs":[{"type":3,"id":"754b9ed1-3941-437a-9c86-6f8717c339fc"},{"type":3,"id":"60e5c988-691b-440f-89bd-005f3a325259"},{"type":3,"id":"1f8e8ee7-6f92-4d80-bd59-31928e616a3c"}],"id":"dbe4cd91-27c1-428f-aa29-8f859a62fb97"},{"src":"|project://hsqldb-2.3.1/hsqldb/src/org/hsqldb/dbinfo/DatabaseInformationMain.java|(132242,1525,<3213,8>,<3246,9>)","metadata":{"length":34,"sloc":26,"mass":120},"fragment":"if (t == null) {\n            t = createBlankTable(sysTableHsqlNames[SYSTEM_SEQUENCES]);\n\n            addColumn(t, \"SEQUENCE_CATALOG\", SQL_IDENTIFIER);\n            addColumn(t, \"SEQUENCE_SCHEMA\", SQL_IDENTIFIER);\n            addColumn(t, \"SEQUENCE_NAME\", SQL_IDENTIFIER);\n            addColumn(t, \"DATA_TYPE\", CHARACTER_DATA);\n            addColumn(t, \"NUMERIC_PRECISION\", CARDINAL_NUMBER);\n            addColumn(t, \"NUMERIC_PRECISION_RADIX\", CARDINAL_NUMBER);\n            addColumn(t, \"NUMERIC_SCALE\", CARDINAL_NUMBER);\n            addColumn(t, \"MAXIMUM_VALUE\", CHARACTER_DATA);\n            addColumn(t, \"MINIMUM_VALUE\", CHARACTER_DATA);\n            addColumn(t, \"INCREMENT\", CHARACTER_DATA);\n            addColumn(t, \"CYCLE_OPTION\", YES_OR_NO);\n            addColumn(t, \"DECLARED_DATA_TYPE\", CHARACTER_DATA);\n            addColumn(t, \"DECLARED_NUMERIC_PRECISION\", CARDINAL_NUMBER);\n            addColumn(t, \"DECLARED_NUMERIC_SCALE\", CARDINAL_NUMBER);\n\n            // HSQLDB-specific\n            addColumn(t, \"START_WITH\", CHARACTER_DATA);\n            addColumn(t, \"NEXT_VALUE\", CHARACTER_DATA);\n\n            // order SEQUENCE_CATALOG, SEQUENCE_SCHEMA, SEQUENCE_NAME\n            // false PK, as CATALOG may be null\n            HsqlName name = HsqlNameManager.newInfoSchemaObjectName(\n                sysTableHsqlNames[SYSTEM_SEQUENCES].name, false,\n                SchemaObject.INDEX);\n\n            t.createPrimaryKeyConstraint(name, new int[] {\n                0, 1, 2\n            }, false);\n\n            return t;\n        }","location":{"offset":[132242,1525],"column":8,"row":3213,"file":"hsqldb-2.3.1/hsqldb/src/org/hsqldb/dbinfo/DatabaseInformationMain.java"},"clone_class":"0723b4fc-050c-4c47-b2d4-6dbf2254f52d","pairs":[{"type":3,"id":"754b9ed1-3941-437a-9c86-6f8717c339fc"},{"type":3,"id":"60e5c988-691b-440f-89bd-005f3a325259"},{"type":3,"id":"dbe4cd91-27c1-428f-aa29-8f859a62fb97"}],"id":"1f8e8ee7-6f92-4d80-bd59-31928e616a3c"}]