[{"src":"|project://hsqldb-2.3.1/hsqldb/src/org/hsqldb/rights/User.java|(2669,390,<75,4>,<85,5>)","metadata":{"length":11,"sloc":8,"mass":60},"fragment":"public String getSQL() {\n\n        StringBuffer sb = new StringBuffer();\n\n        sb.append(Tokens.T_CREATE).append(' ').append(Tokens.T_USER);\n        sb.append(' ').append(granteeName.statementName).append(' ');\n        sb.append(Tokens.T_PASSWORD).append(' ').append(Tokens.T_DIGEST);\n        sb.append(' ').append('\\'').append(password).append('\\'');\n\n        return sb.toString();\n    }","location":{"offset":[2669,390],"column":4,"row":75,"file":"hsqldb-2.3.1/hsqldb/src/org/hsqldb/rights/User.java"},"clone_class":"00dff1b3-0db1-4ad6-8a76-c8e8d801cc0e","pairs":[{"type":3,"id":"88fd939e-5b3c-48f5-83c1-75cfe3ae9473"}],"id":"3299909d-28df-4cd0-a602-6e6a3eab69d2"},{"src":"|project://hsqldb-2.3.1/hsqldb/src/org/hsqldb/rights/User.java|(5113,467,<164,4>,<179,5>)","metadata":{"length":16,"sloc":9,"mass":60},"fragment":"/**\n     * Returns the DDL string for local authentication.\n     *\n     */\n    public String getLocalUserSQL() {\n\n        StringBuffer sb = new StringBuffer(64);\n\n        sb.append(Tokens.T_ALTER).append(' ');\n        sb.append(Tokens.T_USER).append(' ');\n        sb.append(getName().getStatementName()).append(' ');\n        sb.append(Tokens.T_SET).append(' ').append(Tokens.T_LOCAL);\n        sb.append(' ').append(Tokens.T_TRUE);\n\n        return sb.toString();\n    }","location":{"offset":[5113,467],"column":4,"row":164,"file":"hsqldb-2.3.1/hsqldb/src/org/hsqldb/rights/User.java"},"clone_class":"00dff1b3-0db1-4ad6-8a76-c8e8d801cc0e","pairs":[{"type":3,"id":"3299909d-28df-4cd0-a602-6e6a3eab69d2"}],"id":"88fd939e-5b3c-48f5-83c1-75cfe3ae9473"}]