[{"src":"|project://hsqldb-2.3.1/hsqldb/src/org/hsqldb/test/TestUtil.java|(33784,435,<1042,4>,<1061,5>)","metadata":{"length":20,"sloc":14,"mass":69},"fragment":"protected String getResultString() {\n\n        StringBuffer sb = new StringBuffer();\n\n        if (lines.length == 1 && lines[0].trim().length() < 1) {\n            return null;\n        }\n\n        for (int i = 0; i < lines.length; i++) {\n            if (i > 0) {\n                sb.append(LS);\n            }\n\n            sb.append(\"+ \" + lines[i]);\n        }\n\n        TestUtil.expandStamps(sb);\n\n        return sb.toString().trim();\n    }","location":{"offset":[33784,435],"column":4,"row":1042,"file":"hsqldb-2.3.1/hsqldb/src/org/hsqldb/test/TestUtil.java"},"clone_class":"04d527a0-9686-402a-9896-05bb46cdf913","pairs":[{"type":3,"id":"470c0cce-d68a-4cf5-92d6-0f66ce7e0d00"},{"type":3,"id":"a6d75b2c-1a08-47ae-87f0-e74f3695f026"}],"id":"95da914f-0d43-433b-a25a-290597ab7992"},{"src":"|project://hsqldb-2.3.1/hsqldb/src/org/hsqldb/test/TestUtil.java|(36316,398,<1128,39>,<1147,5>)","metadata":{"length":20,"sloc":14,"mass":65},"fragment":"{\n\n        StringBuffer sb = new StringBuffer();\n\n        if (lines.length == 1 && lines[0].trim().length() < 1) {\n            return \"\";\n        }\n\n        for (int i = 0; i < lines.length; i++) {\n            if (i > 0) {\n                sb.append(LS);\n            }\n\n            sb.append(\"+ \" + lines[i]);\n        }\n\n        TestUtil.expandStamps(sb);\n\n        return sb.toString().trim();\n    }","location":{"offset":[36316,398],"column":39,"row":1128,"file":"hsqldb-2.3.1/hsqldb/src/org/hsqldb/test/TestUtil.java"},"clone_class":"04d527a0-9686-402a-9896-05bb46cdf913","pairs":[{"type":3,"id":"95da914f-0d43-433b-a25a-290597ab7992"},{"type":3,"id":"a6d75b2c-1a08-47ae-87f0-e74f3695f026"}],"id":"470c0cce-d68a-4cf5-92d6-0f66ce7e0d00"}]