[{"src":"|project://hsqldb-2.3.1/hsqldb/src/org/hsqldb/rights/Grantee.java|(25421,875,<926,4>,<956,5>)","metadata":{"length":31,"sloc":22,"mass":100},"fragment":"/**\n     * Full or partial rights are added to existing\n     */\n    void addToFullRights(HashMap map) {\n\n        Iterator it = map.keySet().iterator();\n\n        while (it.hasNext()) {\n            Object key      = it.next();\n            Right  add      = (Right) map.get(key);\n            Right  existing = (Right) fullRightsMap.get(key);\n\n            if (existing == null) {\n                existing = add.duplicate();\n\n                fullRightsMap.put(key, existing);\n            } else {\n                existing.add(add);\n            }\n\n            if (add.grantableRights == null) {\n                continue;\n            }\n\n            if (existing.grantableRights == null) {\n                existing.grantableRights = add.grantableRights.duplicate();\n            } else {\n                existing.grantableRights.add(add.grantableRights);\n            }\n        }\n    }","location":{"offset":[25421,875],"column":4,"row":926,"file":"hsqldb-2.3.1/hsqldb/src/org/hsqldb/rights/Grantee.java"},"clone_class":"0dfeb2e1-466f-43ef-90e3-f0fa10739e82","pairs":[{"type":3,"id":"e474981a-ad53-4b68-8bf1-29c4b1881157"},{"type":3,"id":"071b1c7a-3a88-45ba-a65a-54552b73bf00"}],"id":"b9ac2514-f243-4a39-8309-5a08077dd342"},{"src":"|project://hsqldb-2.3.1/hsqldb/src/org/hsqldb/rights/Grantee.java|(26502,846,<965,29>,<991,9>)","metadata":{"length":27,"sloc":22,"mass":94},"fragment":"{\n            Object   key      = it.next();\n            Iterator values   = map.get(key);\n            Right    existing = (Right) fullRightsMap.get(key);\n\n            while (values.hasNext()) {\n                Right add = (Right) values.next();\n\n                if (existing == null) {\n                    existing = add.duplicate();\n\n                    fullRightsMap.put(key, existing);\n                } else {\n                    existing.add(add);\n                }\n\n                if (add.grantableRights == null) {\n                    continue;\n                }\n\n                if (existing.grantableRights == null) {\n                    existing.grantableRights = add.grantableRights.duplicate();\n                } else {\n                    existing.grantableRights.add(add.grantableRights);\n                }\n            }\n        }","location":{"offset":[26502,846],"column":29,"row":965,"file":"hsqldb-2.3.1/hsqldb/src/org/hsqldb/rights/Grantee.java"},"clone_class":"0dfeb2e1-466f-43ef-90e3-f0fa10739e82","pairs":[{"type":3,"id":"e474981a-ad53-4b68-8bf1-29c4b1881157"},{"type":3,"id":"b9ac2514-f243-4a39-8309-5a08077dd342"}],"id":"071b1c7a-3a88-45ba-a65a-54552b73bf00"}]