[{"src":"|project://hsqldb-2.3.1/hsqldb/src/org/hsqldb/types/BlobType.java|(2861,835,<83,4>,<112,5>)","metadata":{"length":30,"sloc":23,"mass":128},"fragment":"public String getDefinition() {\n\n        long   factor     = precision;\n        String multiplier = null;\n\n        if (precision % (1024 * 1024 * 1024) == 0) {\n            factor     = precision / (1024 * 1024 * 1024);\n            multiplier = Tokens.T_G_FACTOR;\n        } else if (precision % (1024 * 1024) == 0) {\n            factor     = precision / (1024 * 1024);\n            multiplier = Tokens.T_M_FACTOR;\n        } else if (precision % (1024) == 0) {\n            factor     = precision / (1024);\n            multiplier = Tokens.T_K_FACTOR;\n        }\n\n        StringBuffer sb = new StringBuffer(16);\n\n        sb.append(getNameString());\n        sb.append('(');\n        sb.append(factor);\n\n        if (multiplier != null) {\n            sb.append(multiplier);\n        }\n\n        sb.append(')');\n\n        return sb.toString();\n    }","location":{"offset":[2861,835],"column":4,"row":83,"file":"hsqldb-2.3.1/hsqldb/src/org/hsqldb/types/BlobType.java"},"clone_class":"0d3f15fb-b247-4be9-8a0d-54889948b7ad","pairs":[{"type":3,"id":"c052a6c9-b2a4-4f90-b5d0-e4a6b1cb60b2"}],"id":"09dc1b62-d674-4bbc-9afd-e7b51b1cf3ff"},{"src":"|project://hsqldb-2.3.1/hsqldb/src/org/hsqldb/types/ClobType.java|(2809,895,<80,4>,<111,5>)","metadata":{"length":32,"sloc":25,"mass":129},"fragment":"public String getDefinition() {\n\n        long   factor     = precision;\n        String multiplier = null;\n\n        if (precision % (1024) == 0) {\n            if (precision % (1024 * 1024 * 1024) == 0) {\n                factor     = precision / (1024 * 1024 * 1024);\n                multiplier = Tokens.T_G_FACTOR;\n            } else if (precision % (1024 * 1024) == 0) {\n                factor     = precision / (1024 * 1024);\n                multiplier = Tokens.T_M_FACTOR;\n            } else {\n                factor     = precision / (1024);\n                multiplier = Tokens.T_K_FACTOR;\n            }\n        }\n\n        StringBuffer sb = new StringBuffer(16);\n\n        sb.append(getNameString());\n        sb.append('(');\n        sb.append(factor);\n\n        if (multiplier != null) {\n            sb.append(multiplier);\n        }\n\n        sb.append(')');\n\n        return sb.toString();\n    }","location":{"offset":[2809,895],"column":4,"row":80,"file":"hsqldb-2.3.1/hsqldb/src/org/hsqldb/types/ClobType.java"},"clone_class":"0d3f15fb-b247-4be9-8a0d-54889948b7ad","pairs":[{"type":3,"id":"09dc1b62-d674-4bbc-9afd-e7b51b1cf3ff"}],"id":"c052a6c9-b2a4-4f90-b5d0-e4a6b1cb60b2"}]