[{"src":"|project://hsqldb-2.3.1/hsqldb/src/org/hsqldb/test/JDBCBench.java|(28322,1215,<906,26>,<948,9>)","metadata":{"length":43,"sloc":34,"mass":111},"fragment":"{\n\n            while (ntrans-- > 0) {\n                int account = JDBCBench.getRandomID(ACCOUNT);\n                int branch  = JDBCBench.getRandomID(BRANCH);\n                int teller  = JDBCBench.getRandomID(TELLER);\n                int delta   = JDBCBench.getRandomInt(0, 1000);\n\n                doOne(branch, teller, account, delta);\n                incrementTransactionCount();\n            }\n\n            if (prepared_stmt) {\n                try {\n                    if (pstmt1 != null) {\n                        pstmt1.close();\n                    }\n\n                    if (pstmt2 != null) {\n                        pstmt2.close();\n                    }\n\n                    if (pstmt3 != null) {\n                        pstmt3.close();\n                    }\n\n                    if (pstmt4 != null) {\n                        pstmt4.close();\n                    }\n\n                    if (pstmt5 != null) {\n                        pstmt5.close();\n                    }\n                } catch (Exception E) {\n                    System.out.println(E.toString());\n                    E.printStackTrace();\n                }\n            }\n\n            connectClose(Conn);\n\n            Conn = null;\n        }","location":{"offset":[28322,1215],"column":26,"row":906,"file":"hsqldb-2.3.1/hsqldb/src/org/hsqldb/test/JDBCBench.java"},"clone_class":"05527895-1ca7-4dd8-9ca2-0cd20c4d39d1","pairs":[{"type":3,"id":"eeb32ab2-9009-4da9-b587-8b8a115f7827"},{"type":3,"id":"49f5d81a-12f0-44c2-bde2-054f87846d52"}],"id":"3180029c-93bb-48e0-bdfc-e44280dcdb42"},{"src":"|project://hsqldb-2.3.1/hsqldb/src/org/hsqldb/test/TestBench.java|(26755,1579,<814,8>,<871,9>)","metadata":{"length":58,"sloc":33,"mass":117},"fragment":"public void run() {\n\n            int count = ntrans;\n\n            while (count-- > 0) {\n                int account = TestBench.getRandomID(ACCOUNT);\n                int branch  = TestBench.getRandomID(BRANCH);\n                int teller  = TestBench.getRandomID(TELLER);\n                int delta   = TestBench.getRandomInt(-1000, 1000);\n\n                doOne(branch, teller, account, delta);\n                incrementTransactionCount();\n            }\n\n/*\n            count = ntrans * 20;\n\n            try {\n                Conn.setReadOnly(true);\n                while (count-- > 0) {\n                    int account = TestBench.getRandomID(ACCOUNT);\n\n                    pstmt2.setInt(1, account);\n                    pstmt2.executeQuery();\n                    Conn.commit();\n                    incrementTransactionCount();\n                }\n            } catch (SQLException e) {}\n*/\n            try {\n                if (pstmt1 != null) {\n                    pstmt1.close();\n                }\n\n                if (pstmt2 != null) {\n                    pstmt2.close();\n                }\n\n                if (pstmt3 != null) {\n                    pstmt3.close();\n                }\n\n                if (pstmt4 != null) {\n                    pstmt4.close();\n                }\n\n                if (pstmt5 != null) {\n                    pstmt5.close();\n                }\n            } catch (Exception E) {\n                System.out.println(E.getMessage());\n                E.printStackTrace();\n            }\n\n            connectClose(Conn);\n\n            Conn = null;\n        }","location":{"offset":[26755,1579],"column":8,"row":814,"file":"hsqldb-2.3.1/hsqldb/src/org/hsqldb/test/TestBench.java"},"clone_class":"05527895-1ca7-4dd8-9ca2-0cd20c4d39d1","pairs":[{"type":3,"id":"3180029c-93bb-48e0-bdfc-e44280dcdb42"},{"type":3,"id":"eeb32ab2-9009-4da9-b587-8b8a115f7827"}],"id":"49f5d81a-12f0-44c2-bde2-054f87846d52"}]