[{"src":"|project://hsqldb-2.3.1/hsqldb/src/org/hsqldb/dbinfo/DatabaseInformationFull.java|(176341,1049,<4721,23>,<4744,9>)","metadata":{"length":24,"sloc":20,"mass":93},"fragment":"{\n            t = createBlankTable(sysTableHsqlNames[ROLE_ROUTINE_GRANTS]);\n\n            addColumn(t, \"GRANTOR\", SQL_IDENTIFIER);          // not null\n            addColumn(t, \"GRANTEE\", SQL_IDENTIFIER);          // not null\n            addColumn(t, \"SPECIFIC_CATALOG\", SQL_IDENTIFIER);\n            addColumn(t, \"SPECIFIC_SCHEMA\", SQL_IDENTIFIER);\n            addColumn(t, \"SPECIFIC_NAME\", SQL_IDENTIFIER);    // not null\n            addColumn(t, \"ROUTINE_CATALOG\", SQL_IDENTIFIER);\n            addColumn(t, \"ROUTINE_SCHEMA\", SQL_IDENTIFIER);\n            addColumn(t, \"ROUTINE_NAME\", SQL_IDENTIFIER);\n            addColumn(t, \"PRIVILEGE_TYPE\", CHARACTER_DATA);\n            addColumn(t, \"IS_GRANTABLE\", YES_OR_NO);\n\n            HsqlName name = HsqlNameManager.newInfoSchemaObjectName(\n                sysTableHsqlNames[ROLE_ROUTINE_GRANTS].name, false,\n                SchemaObject.INDEX);\n\n            t.createPrimaryKeyConstraint(name, new int[] {\n                0, 1, 2, 3, 4, 5, 6, 7, 8, 9\n            }, false);\n\n            return t;\n        }","location":{"offset":[176341,1049],"column":23,"row":4721,"file":"hsqldb-2.3.1/hsqldb/src/org/hsqldb/dbinfo/DatabaseInformationFull.java"},"clone_class":"04569cbf-a220-4b28-a4eb-080ba755ad08","pairs":[{"type":3,"id":"5b49e221-06fe-467a-a43c-dcf9aec87801"}],"id":"3059ab40-a76e-4d73-bbd2-19d9f1a71e5a"},{"src":"|project://hsqldb-2.3.1/hsqldb/src/org/hsqldb/dbinfo/DatabaseInformationFull.java|(209619,958,<5642,8>,<5664,9>)","metadata":{"length":23,"sloc":19,"mass":91},"fragment":"if (t == null) {\n            t = createBlankTable(sysTableHsqlNames[ROUTINE_TABLE_USAGE]);\n\n            addColumn(t, \"SPECIFIC_CATALOG\", SQL_IDENTIFIER);\n            addColumn(t, \"SPECIFIC_SCHEMA\", SQL_IDENTIFIER);\n            addColumn(t, \"SPECIFIC_NAME\", SQL_IDENTIFIER);\n            addColumn(t, \"ROUTINE_CATALOG\", SQL_IDENTIFIER);\n            addColumn(t, \"ROUTINE_SCHEMA\", SQL_IDENTIFIER);\n            addColumn(t, \"ROUTINE_NAME\", SQL_IDENTIFIER);\n            addColumn(t, \"TABLE_CATALOG\", SQL_IDENTIFIER);\n            addColumn(t, \"TABLE_SCHEMA\", SQL_IDENTIFIER);\n            addColumn(t, \"TABLE_NAME\", SQL_IDENTIFIER);\n\n            HsqlName name = HsqlNameManager.newInfoSchemaObjectName(\n                sysTableHsqlNames[ROUTINE_TABLE_USAGE].name, false,\n                SchemaObject.INDEX);\n\n            t.createPrimaryKeyConstraint(name, new int[] {\n                3, 4, 5, 0, 1, 2, 6, 7, 8\n            }, false);\n\n            return t;\n        }","location":{"offset":[209619,958],"column":8,"row":5642,"file":"hsqldb-2.3.1/hsqldb/src/org/hsqldb/dbinfo/DatabaseInformationFull.java"},"clone_class":"04569cbf-a220-4b28-a4eb-080ba755ad08","pairs":[{"type":3,"id":"3059ab40-a76e-4d73-bbd2-19d9f1a71e5a"}],"id":"5b49e221-06fe-467a-a43c-dcf9aec87801"}]