[{"src":"|project://hsqldb-2.3.1/hsqldb/src/org/hsqldb/test/TestCacheSize.java|(24950,749,<755,12>,<775,9>)","metadata":{"length":21,"sloc":17,"mass":93},"fragment":"{\n            PreparedStatement ps = cConnection.prepareStatement(\n                \"UPDATE test SET zip = zip + 1 WHERE id = ? and zip <> \"\n                + smallrows);\n\n            for (i = 0; i < smallops; i++) {\n                random = nextIntRandom(randomgen, bigrows - 1);\n\n                ps.setInt(1, random);\n                ps.execute();\n\n                if (reportProgress && (i + 1) % 10000 == 0\n                        || (slow && (i + 1) % 100 == 0)) {\n                    System.out.println(\"Update \" + (i + 1) + \" : \"\n                                       + sw.elapsedTime() + \" rps: \"\n                                       + (i * 1000 / (sw.elapsedTime() + 1)));\n                }\n            }\n\n            ps.close();\n        }","location":{"offset":[24950,749],"column":12,"row":755,"file":"hsqldb-2.3.1/hsqldb/src/org/hsqldb/test/TestCacheSize.java"},"clone_class":"108dd0d4-415d-4cb6-a179-50aeb7b7b228","pairs":[{"type":3,"id":"1889c347-cf88-46e8-ae45-f466376f0834"},{"type":3,"id":"1ce31732-5ea7-4677-91cf-1f7a426df99b"}],"id":"4554ab08-08cf-4f63-a306-7acf73c69efb"},{"src":"|project://hsqldb-2.3.1/hsqldb/src/org/hsqldb/test/TestCacheSize.java|(31272,739,<936,12>,<958,9>)","metadata":{"length":23,"sloc":16,"mass":89},"fragment":"{\n            PreparedStatement ps =\n                cConnection.prepareStatement(\"DELETE FROM zip WHERE zip = ?\");\n\n            for (i = 0; i <= smallrows; i++) {\n\n//                random = randomgen.nextInt(smallrows - 1);\n                random = i;\n\n                ps.setInt(1, random);\n\n                count += ps.executeUpdate();\n\n                if (reportProgress && (i + 1) % 10000 == 0\n                        || (slow && (i + 1) % 100 == 0)) {\n                    System.out.println(\"delete \" + (i + 1) + \" : \"\n                                       + sw.elapsedTime() + \" rps: \"\n                                       + (i * 1000 / (sw.elapsedTime() + 1)));\n                }\n            }\n\n            ps.close();\n        }","location":{"offset":[31272,739],"column":12,"row":936,"file":"hsqldb-2.3.1/hsqldb/src/org/hsqldb/test/TestCacheSize.java"},"clone_class":"108dd0d4-415d-4cb6-a179-50aeb7b7b228","pairs":[{"type":3,"id":"4554ab08-08cf-4f63-a306-7acf73c69efb"},{"type":3,"id":"1ce31732-5ea7-4677-91cf-1f7a426df99b"}],"id":"1889c347-cf88-46e8-ae45-f466376f0834"},{"src":"|project://hsqldb-2.3.1/hsqldb/src/org/hsqldb/test/TestCacheSize.java|(28113,711,<843,12>,<863,9>)","metadata":{"length":21,"sloc":17,"mass":89},"fragment":"{\n            PreparedStatement ps = cConnection.prepareStatement(\n                \"UPDATE test SET zip = zip + 1 WHERE id = ? and zip <> \"\n                + smallrows);\n\n            for (i = 0; i < bigops; i++) {\n                random = i;\n\n                ps.setInt(1, random);\n                ps.execute();\n\n                if (reportProgress && (i + 1) % 10000 == 0\n                        || (slow && (i + 1) % 100 == 0)) {\n                    System.out.println(\"Update \" + (i + 1) + \" : \"\n                                       + sw.elapsedTime() + \" rps: \"\n                                       + (i * 1000 / (sw.elapsedTime() + 1)));\n                }\n            }\n\n            ps.close();\n        }","location":{"offset":[28113,711],"column":12,"row":843,"file":"hsqldb-2.3.1/hsqldb/src/org/hsqldb/test/TestCacheSize.java"},"clone_class":"108dd0d4-415d-4cb6-a179-50aeb7b7b228","pairs":[{"type":3,"id":"4554ab08-08cf-4f63-a306-7acf73c69efb"},{"type":3,"id":"1889c347-cf88-46e8-ae45-f466376f0834"}],"id":"1ce31732-5ea7-4677-91cf-1f7a426df99b"}]