[{"src":"|project://hsqldb-2.3.1/hsqldb/src/org/hsqldb/lib/StringUtil.java|(8278,425,<269,4>,<285,5>)","metadata":{"length":17,"sloc":13,"mass":73},"fragment":"public static String getList(long[] s, String separator, String quote) {\n\n        int          len = s.length;\n        StringBuffer sb  = new StringBuffer(len * 8);\n\n        for (int i = 0; i < len; i++) {\n            sb.append(quote);\n            sb.append(s[i]);\n            sb.append(quote);\n\n            if (i + 1 < len) {\n                sb.append(separator);\n            }\n        }\n\n        return sb.toString();\n    }","location":{"offset":[8278,425],"column":4,"row":269,"file":"hsqldb-2.3.1/hsqldb/src/org/hsqldb/lib/StringUtil.java"},"clone_class":"1316b049-4216-49bb-b3c2-9b6f1d8e0f76","pairs":[{"type":2,"id":"307f3faa-0b3f-4444-bc3f-cbcd91295a4d"}],"id":"9018f48c-45c1-487d-aa69-8d4921f5e0cf"},{"src":"|project://hsqldb-2.3.1/hsqldb/src/org/hsqldb/lib/StringUtil.java|(7171,1101,<235,4>,<267,5>)","metadata":{"length":33,"sloc":13,"mass":73},"fragment":"/**\n     * Builds a CSV list from the specified int[], <code>separator</code>\n     * <code>String</code> and <code>quote</code> <code>String</code>. <p>\n     *\n     * <ul>\n     * <li>All arguments are assumed to be non-null.\n     * <li>Separates each list element with the value of the\n     * <code>separator</code> argument.\n     * <li>Prepends and appends each element with the value of the\n     *     <code>quote</code> argument.\n     * <ul>\n     * @return a CSV list\n     * @param s the array of int values\n     * @param separator the <code>String</code> to use as the separator\n     * @param quote the <code>String</code> with which to quote the list elements\n     */\n    public static String getList(int[] s, String separator, String quote) {\n\n        int          len = s.length;\n        StringBuffer sb  = new StringBuffer(len * 8);\n\n        for (int i = 0; i < len; i++) {\n            sb.append(quote);\n            sb.append(s[i]);\n            sb.append(quote);\n\n            if (i + 1 < len) {\n                sb.append(separator);\n            }\n        }\n\n        return sb.toString();\n    }","location":{"offset":[7171,1101],"column":4,"row":235,"file":"hsqldb-2.3.1/hsqldb/src/org/hsqldb/lib/StringUtil.java"},"clone_class":"1316b049-4216-49bb-b3c2-9b6f1d8e0f76","pairs":[{"type":2,"id":"9018f48c-45c1-487d-aa69-8d4921f5e0cf"}],"id":"307f3faa-0b3f-4444-bc3f-cbcd91295a4d"}]