[{"src":"|project://hsqldb-2.3.1/hsqldb/src/org/hsqldb/ExpressionArithmetic.java|(19550,757,<575,45>,<607,5>)","metadata":{"length":33,"sloc":24,"mass":73},"fragment":"{\n\n        if (type == null) {\n            return null;\n        }\n\n        switch (type.typeCode) {\n\n            case Types.SQL_CHAR :\n            case Types.SQL_VARCHAR :\n                return Type.SQL_VARCHAR_DEFAULT;\n\n            case Types.SQL_CLOB :\n                return Type.SQL_CLOB;\n\n            case Types.SQL_BINARY :\n            case Types.SQL_VARBINARY :\n                return Type.SQL_VARBINARY_DEFAULT;\n\n            case Types.SQL_BLOB :\n                return Type.SQL_BLOB;\n\n            case Types.SQL_BIT :\n            case Types.SQL_BIT_VARYING :\n                return Type.SQL_BIT_VARYING_MAX_LENGTH;\n\n            case Types.SQL_ARRAY :\n                return type;\n\n            default :\n                return null;\n        }\n    }","location":{"offset":[19550,757],"column":45,"row":575,"file":"hsqldb-2.3.1/hsqldb/src/org/hsqldb/ExpressionArithmetic.java"},"clone_class":"0a917717-652a-492f-bc6b-86b9344f6e5e","pairs":[{"type":3,"id":"38340997-6a6e-42f5-ab91-fcd2d79e3c4d"}],"id":"a0a320b5-f81a-4c43-a8d2-5b8a8f9d7df1"},{"src":"|project://hsqldb-2.3.1/hsqldb/src/org/hsqldb/types/Type.java|(30831,643,<977,48>,<1006,5>)","metadata":{"length":30,"sloc":21,"mass":66},"fragment":"{\n\n        switch (type) {\n\n            case Types.SQL_BLOB :\n                return Types.BLOB;\n\n            case Types.SQL_CLOB :\n                return Types.CLOB;\n\n            case Types.SQL_BIGINT :\n                return Types.BIGINT;\n\n            case Types.SQL_BINARY :\n                return Types.BINARY;\n\n            case Types.SQL_VARBINARY :\n                return Types.VARBINARY;\n\n            case Types.SQL_BIT :\n            case Types.SQL_BIT_VARYING :\n                return Types.BIT;\n\n            case Types.SQL_ARRAY :\n                return Types.ARRAY;\n\n            default :\n                return type;\n        }\n    }","location":{"offset":[30831,643],"column":48,"row":977,"file":"hsqldb-2.3.1/hsqldb/src/org/hsqldb/types/Type.java"},"clone_class":"0a917717-652a-492f-bc6b-86b9344f6e5e","pairs":[{"type":3,"id":"a0a320b5-f81a-4c43-a8d2-5b8a8f9d7df1"}],"id":"38340997-6a6e-42f5-ab91-fcd2d79e3c4d"}]