[{"src":"|project://hsqldb-2.3.1/hsqldb/src/org/hsqldb/test/TestCacheSize.java|(28113,711,<843,12>,<863,9>)","metadata":{"length":21,"sloc":17,"mass":89},"fragment":"{\n            PreparedStatement ps = cConnection.prepareStatement(\n                \"UPDATE test SET zip = zip + 1 WHERE id = ? and zip <> \"\n                + smallrows);\n\n            for (i = 0; i < bigops; i++) {\n                random = i;\n\n                ps.setInt(1, random);\n                ps.execute();\n\n                if (reportProgress && (i + 1) % 10000 == 0\n                        || (slow && (i + 1) % 100 == 0)) {\n                    System.out.println(\"Update \" + (i + 1) + \" : \"\n                                       + sw.elapsedTime() + \" rps: \"\n                                       + (i * 1000 / (sw.elapsedTime() + 1)));\n                }\n            }\n\n            ps.close();\n        }","location":{"offset":[28113,711],"column":12,"row":843,"file":"hsqldb-2.3.1/hsqldb/src/org/hsqldb/test/TestCacheSize.java"},"clone_class":"01da3a1b-6d02-4c3e-81cb-8552946f716a","pairs":[{"type":3,"id":"7cba65d7-6ef8-4c0a-8517-b17efd3b7638"}],"id":"1ce31732-5ea7-4677-91cf-1f7a426df99b"},{"src":"|project://hsqldb-2.3.1/hsqldb/src/org/hsqldb/test/TestCacheSize.java|(29564,961,<885,12>,<914,9>)","metadata":{"length":30,"sloc":16,"mass":91},"fragment":"{\n            PreparedStatement ps =\n                cConnection.prepareStatement(\"DELETE FROM test WHERE id = ?\");\n\n            for (i = 0; count < smallops; i++) {\n                random = nextIntRandom(randomgen, bigrows);\n\n//                random = i;\n                ps.setInt(1, random);\n\n                count += ps.executeUpdate();\n\n/*\n                if ((i + 1) % 10000 == 0) {\n                    Statement st = cConnection.createStatement();\n\n                    st.execute(\"CHECKPOINT DEFRAG\");\n                    st.close();\n                }\n*/\n                if (reportProgress && (i + 1) % 10000 == 0\n                        || (slow && (i + 1) % 100 == 0)) {\n                    System.out.println(\"delete \" + (i + 1) + \" : \"\n                                       + sw.elapsedTime() + \" rps: \"\n                                       + (i * 1000 / (sw.elapsedTime() + 1)));\n                }\n            }\n\n            ps.close();\n        }","location":{"offset":[29564,961],"column":12,"row":885,"file":"hsqldb-2.3.1/hsqldb/src/org/hsqldb/test/TestCacheSize.java"},"clone_class":"01da3a1b-6d02-4c3e-81cb-8552946f716a","pairs":[{"type":3,"id":"1ce31732-5ea7-4677-91cf-1f7a426df99b"}],"id":"7cba65d7-6ef8-4c0a-8517-b17efd3b7638"}]