[{"src":"|project://hsqldb-2.3.1/hsqldb/src/org/hsqldb/test/TestBug778213.java|(5248,644,<168,4>,<190,5>)","metadata":{"length":23,"sloc":15,"mass":79},"fragment":"/* Runs TestBug778213_Part3 test from the command line*/\n    public static void main(String[] args) throws Exception {\n\n        TestResult            result;\n        TestCase              test;\n        java.util.Enumeration failures;\n        int                   count;\n\n        result = new TestResult();\n        test   = new TestBug778213(\"test\");\n\n        test.run(result);\n\n        count = result.failureCount();\n\n        System.out.println(\"TestBug778213 failure count: \" + count);\n\n        failures = result.failures();\n\n        while (failures.hasMoreElements()) {\n            System.out.println(failures.nextElement());\n        }\n    }","location":{"offset":[5248,644],"column":4,"row":168,"file":"hsqldb-2.3.1/hsqldb/src/org/hsqldb/test/TestBug778213.java"},"clone_class":"02432836-11e6-4754-bde8-0d13029a9176","pairs":[{"type":2,"id":"50e1073d-d064-4748-82bb-04320ba62e72"},{"type":2,"id":"0aec706c-c293-48e5-ab66-3d08a2f01b22"},{"type":2,"id":"64c7bd7f-0ea8-4cbe-91b0-586f3af32437"},{"type":2,"id":"75635285-0a73-43d9-9dda-aa1a919a4d89"},{"type":2,"id":"626a8b25-d5ba-44f5-a167-b4e078cd3ba6"},{"type":2,"id":"12ed7d23-15e9-4a74-8ba1-c70386f61ecd"}],"id":"9b15aaf0-f326-4ff1-99cd-2ade9b4f901b"},{"src":"|project://hsqldb-2.3.1/hsqldb/src/org/hsqldb/test/TestDatabaseMetaData.java|(10697,597,<273,4>,<294,5>)","metadata":{"length":22,"sloc":15,"mass":79},"fragment":"public static void main(String[] args) throws Exception {\n\n        TestResult            result;\n        TestCase              test;\n        java.util.Enumeration failures;\n        int                   count;\n\n        result = new TestResult();\n        test   = new TestDatabaseMetaData(\"test\");\n\n        test.run(result);\n\n        count = result.failureCount();\n\n        System.out.println(\"TestDatabaseMetaData failure count: \" + count);\n\n        failures = result.failures();\n\n        while (failures.hasMoreElements()) {\n            System.out.println(failures.nextElement());\n        }\n    }","location":{"offset":[10697,597],"column":4,"row":273,"file":"hsqldb-2.3.1/hsqldb/src/org/hsqldb/test/TestDatabaseMetaData.java"},"clone_class":"02432836-11e6-4754-bde8-0d13029a9176","pairs":[{"type":2,"id":"9b15aaf0-f326-4ff1-99cd-2ade9b4f901b"},{"type":2,"id":"0aec706c-c293-48e5-ab66-3d08a2f01b22"},{"type":2,"id":"64c7bd7f-0ea8-4cbe-91b0-586f3af32437"},{"type":2,"id":"75635285-0a73-43d9-9dda-aa1a919a4d89"},{"type":2,"id":"626a8b25-d5ba-44f5-a167-b4e078cd3ba6"},{"type":2,"id":"12ed7d23-15e9-4a74-8ba1-c70386f61ecd"}],"id":"50e1073d-d064-4748-82bb-04320ba62e72"},{"src":"|project://hsqldb-2.3.1/hsqldb/src/org/hsqldb/test/TestStoredProcedure.java|(17111,595,<542,4>,<563,5>)","metadata":{"length":22,"sloc":15,"mass":79},"fragment":"public static void main(String[] args) throws Exception {\n\n        TestResult            result;\n        TestCase              test;\n        java.util.Enumeration failures;\n        int                   count;\n\n        result = new TestResult();\n        test   = new TestStoredProcedure(\"test\");\n\n        test.run(result);\n\n        count = result.failureCount();\n\n        System.out.println(\"TestStoredProcedure failure count: \" + count);\n\n        failures = result.failures();\n\n        while (failures.hasMoreElements()) {\n            System.out.println(failures.nextElement());\n        }\n    }","location":{"offset":[17111,595],"column":4,"row":542,"file":"hsqldb-2.3.1/hsqldb/src/org/hsqldb/test/TestStoredProcedure.java"},"clone_class":"02432836-11e6-4754-bde8-0d13029a9176","pairs":[{"type":2,"id":"9b15aaf0-f326-4ff1-99cd-2ade9b4f901b"},{"type":2,"id":"50e1073d-d064-4748-82bb-04320ba62e72"},{"type":2,"id":"64c7bd7f-0ea8-4cbe-91b0-586f3af32437"},{"type":2,"id":"75635285-0a73-43d9-9dda-aa1a919a4d89"},{"type":2,"id":"626a8b25-d5ba-44f5-a167-b4e078cd3ba6"},{"type":2,"id":"12ed7d23-15e9-4a74-8ba1-c70386f61ecd"}],"id":"0aec706c-c293-48e5-ab66-3d08a2f01b22"},{"src":"|project://hsqldb-2.3.1/hsqldb/src/org/hsqldb/test/TestLikePredicateOptimizations.java|(8312,703,<289,4>,<312,5>)","metadata":{"length":24,"sloc":16,"mass":79},"fragment":"/* Runs TestLikePredicate test from the command line*/\n    public static void main(String[] args) throws Exception {\n\n        TestResult            result;\n        TestCase              test;\n        java.util.Enumeration failures;\n        int                   count;\n\n        result = new TestResult();\n        test   = new TestLikePredicateOptimizations(\"test\");\n\n        test.run(result);\n\n        count = result.failureCount();\n\n        System.out.println(\"TestLikePredicateOptimizations failure count: \"\n                           + count);\n\n        failures = result.failures();\n\n        while (failures.hasMoreElements()) {\n            System.out.println(failures.nextElement());\n        }\n    }","location":{"offset":[8312,703],"column":4,"row":289,"file":"hsqldb-2.3.1/hsqldb/src/org/hsqldb/test/TestLikePredicateOptimizations.java"},"clone_class":"02432836-11e6-4754-bde8-0d13029a9176","pairs":[{"type":2,"id":"9b15aaf0-f326-4ff1-99cd-2ade9b4f901b"},{"type":2,"id":"50e1073d-d064-4748-82bb-04320ba62e72"},{"type":2,"id":"0aec706c-c293-48e5-ab66-3d08a2f01b22"},{"type":2,"id":"75635285-0a73-43d9-9dda-aa1a919a4d89"},{"type":2,"id":"626a8b25-d5ba-44f5-a167-b4e078cd3ba6"},{"type":2,"id":"12ed7d23-15e9-4a74-8ba1-c70386f61ecd"}],"id":"64c7bd7f-0ea8-4cbe-91b0-586f3af32437"},{"src":"|project://hsqldb-2.3.1/hsqldb/src/org/hsqldb/test/TestINPredicateParameterizationAndCorrelation.java|(5757,729,<197,4>,<221,5>)","metadata":{"length":25,"sloc":17,"mass":79},"fragment":"/* Runs TestINPredicate test from the command line*/\n    public static void main(String[] args) throws Exception {\n\n        TestResult            result;\n        TestCase              test;\n        java.util.Enumeration failures;\n        int                   count;\n\n        result = new TestResult();\n        test   = new TestINPredicateParameterizationAndCorrelation(\"test\");\n\n        test.run(result);\n\n        count = result.failureCount();\n\n        System.out.println(\n            \"TestINPredicateParameterizationAndCorrelation failure count: \"\n            + count);\n\n        failures = result.failures();\n\n        while (failures.hasMoreElements()) {\n            System.out.println(failures.nextElement());\n        }\n    }","location":{"offset":[5757,729],"column":4,"row":197,"file":"hsqldb-2.3.1/hsqldb/src/org/hsqldb/test/TestINPredicateParameterizationAndCorrelation.java"},"clone_class":"02432836-11e6-4754-bde8-0d13029a9176","pairs":[{"type":2,"id":"9b15aaf0-f326-4ff1-99cd-2ade9b4f901b"},{"type":2,"id":"50e1073d-d064-4748-82bb-04320ba62e72"},{"type":2,"id":"0aec706c-c293-48e5-ab66-3d08a2f01b22"},{"type":2,"id":"64c7bd7f-0ea8-4cbe-91b0-586f3af32437"},{"type":2,"id":"626a8b25-d5ba-44f5-a167-b4e078cd3ba6"},{"type":2,"id":"12ed7d23-15e9-4a74-8ba1-c70386f61ecd"}],"id":"75635285-0a73-43d9-9dda-aa1a919a4d89"},{"src":"|project://hsqldb-2.3.1/hsqldb/src/org/hsqldb/test/TestBug808460.java|(2449,638,<69,4>,<91,5>)","metadata":{"length":23,"sloc":15,"mass":79},"fragment":"/* Runs TestBug808460 test from the command line*/\n    public static void main(String[] args) throws Exception {\n\n        TestResult            result;\n        TestCase              test;\n        java.util.Enumeration failures;\n        int                   count;\n\n        result = new TestResult();\n        test   = new TestBug808460(\"test\");\n\n        test.run(result);\n\n        count = result.failureCount();\n\n        System.out.println(\"TestBug808460 failure count: \" + count);\n\n        failures = result.failures();\n\n        while (failures.hasMoreElements()) {\n            System.out.println(failures.nextElement());\n        }\n    }","location":{"offset":[2449,638],"column":4,"row":69,"file":"hsqldb-2.3.1/hsqldb/src/org/hsqldb/test/TestBug808460.java"},"clone_class":"02432836-11e6-4754-bde8-0d13029a9176","pairs":[{"type":2,"id":"9b15aaf0-f326-4ff1-99cd-2ade9b4f901b"},{"type":2,"id":"50e1073d-d064-4748-82bb-04320ba62e72"},{"type":2,"id":"0aec706c-c293-48e5-ab66-3d08a2f01b22"},{"type":2,"id":"64c7bd7f-0ea8-4cbe-91b0-586f3af32437"},{"type":2,"id":"75635285-0a73-43d9-9dda-aa1a919a4d89"},{"type":2,"id":"12ed7d23-15e9-4a74-8ba1-c70386f61ecd"}],"id":"626a8b25-d5ba-44f5-a167-b4e078cd3ba6"},{"src":"|project://hsqldb-2.3.1/hsqldb/src/org/hsqldb/test/TestJDBCSavepoints.java|(17544,669,<541,4>,<565,5>)","metadata":{"length":25,"sloc":15,"mass":79},"fragment":"/**\n     * @param args the command line arguments\n     */\n    public static void main(String[] args) throws Exception {\n\n        TestResult            result;\n        TestCase              test;\n        java.util.Enumeration failures;\n        int                   count;\n\n        result = new TestResult();\n        test   = new TestJDBCSavepoints(\"testJDBCSavepoints\");\n\n        test.run(result);\n\n        count = result.failureCount();\n\n        System.out.println(\"TestJDBCSavepoints failure count: \" + count);\n\n        failures = result.failures();\n\n        while (failures.hasMoreElements()) {\n            System.out.println(failures.nextElement());\n        }\n    }","location":{"offset":[17544,669],"column":4,"row":541,"file":"hsqldb-2.3.1/hsqldb/src/org/hsqldb/test/TestJDBCSavepoints.java"},"clone_class":"02432836-11e6-4754-bde8-0d13029a9176","pairs":[{"type":2,"id":"9b15aaf0-f326-4ff1-99cd-2ade9b4f901b"},{"type":2,"id":"50e1073d-d064-4748-82bb-04320ba62e72"},{"type":2,"id":"0aec706c-c293-48e5-ab66-3d08a2f01b22"},{"type":2,"id":"64c7bd7f-0ea8-4cbe-91b0-586f3af32437"},{"type":2,"id":"75635285-0a73-43d9-9dda-aa1a919a4d89"},{"type":2,"id":"626a8b25-d5ba-44f5-a167-b4e078cd3ba6"}],"id":"12ed7d23-15e9-4a74-8ba1-c70386f61ecd"}]