[{"src":"|project://hsqldb-2.3.1/hsqldb/src/org/hsqldb/jdbc/JDBCPreparedStatement.java|(53938,2420,<1222,4>,<1279,5>)","metadata":{"length":58,"sloc":16,"mass":54},"fragment":"/**\n     * <!-- start generic documentation -->\n     * Sets the designated parameter to the given <code>java.sql.Blob</code> object.\n     * The driver converts this to an SQL <code>BLOB</code> value when it\n     * sends it to the database.\n     * <!-- end generic documentation -->\n     *\n     * <!-- start release-specific documentation -->\n     * <div class=\"ReleaseSpecificDocumentation\">\n     * <h3>HSQLDB-Specific Information:</h3> <p>\n     *\n     * For parameters of type Blob, setBlob works normally.<p>\n     *\n     * In addition since 1.7.2, setBlob is supported for BINARY and VARBINARY\n     * parameters. In this context, the Blob object is\n     * hard-limited to those of length less than or equal to Integer.MAX_VALUE.\n     * In practice, soft limits such as available heap and maximum disk usage\n     * per file (such as the transaction log) dictate a much smaller maximum\n     * length. <p>\n     *\n     * For BINARY and VARBINARY parameter types setBlob(i,x) is roughly\n     * equivalent (null and length handling not shown) to:<p>\n     *\n     * <pre class=\"JavaCodeExample\">\n     * <b>setBinaryStream</b>(i, x.<b>getBinaryStream</b>(), (<span class=\"JavaKeyWord\">int</span>) x.<b>length</b>());\n     * </pre></div>\n     * <!-- end release-specific documentation -->\n     *\n     * @param parameterIndex the first parameter is 1, the second is 2, ...\n     * @param x a <code>Blob</code> object that maps an SQL <code>BLOB</code> value\n     * @exception SQLException if a database access error occurs or\n     * this method is called on a closed <code>PreparedStatement</code>\n     * @throws SQLFeatureNotSupportedException  if the JDBC driver does not support this method\n     * @since JDK 1.2 (JDK 1.1.x developers: read the overview for\n     * JDBCParameterMetaData)\n     */\n    public synchronized void setBlob(int parameterIndex,\n                                     Blob x) throws SQLException {\n\n        checkSetParameterIndex(parameterIndex);\n\n        Type outType = parameterTypes[parameterIndex - 1];\n\n        switch (outType.typeCode) {\n\n            case Types.SQL_BINARY :\n            case Types.SQL_VARBINARY :\n                setBlobForBinaryParameter(parameterIndex, x);\n\n                return;\n            case Types.SQL_BLOB :\n                setBlobParameter(parameterIndex, x);\n\n                break;\n            default :\n                throw JDBCUtil.invalidArgument();\n        }\n    }","location":{"offset":[53938,2420],"column":4,"row":1222,"file":"hsqldb-2.3.1/hsqldb/src/org/hsqldb/jdbc/JDBCPreparedStatement.java"},"clone_class":"08b4cc6b-32c9-4858-b7c9-75162a20191d","pairs":[{"type":3,"id":"f2b909fe-f0be-4cf0-a5fc-2c9588e1935c"}],"id":"e1d33614-6ea9-4ab9-bc00-7294b3ed9b9e"},{"src":"|project://hsqldb-2.3.1/hsqldb/src/org/hsqldb/jdbc/JDBCPreparedStatement.java|(57479,2419,<1317,4>,<1373,5>)","metadata":{"length":57,"sloc":16,"mass":54},"fragment":"/**\n     * <!-- start generic documentation -->\n     * Sets the designated parameter to the given <code>java.sql.Clob</code> object.\n     * The driver converts this to an SQL <code>CLOB</code> value when it\n     * sends it to the database.\n     * <!-- end generic documentation -->\n     *\n     * <!-- start release-specific documentation -->\n     * <div class=\"ReleaseSpecificDocumentation\">\n     * <h3>HSQLDB-Specific Information:</h3> <p>\n     *\n     * For parameters of type Clob, setClob works normally.<p>\n     *\n     * In addition since 1.7.2, setClob is supported for CHARACTER and VARCHAR\n     * parameters. In this context, the Clob object is\n     * hard-limited to those of length less than or equal to Integer.MAX_VALUE.\n     * In practice, soft limits such as available heap and maximum disk usage\n     * per file (such as the transaction log) dictate a much smaller maximum\n     * length. <p>\n     *\n     * For CHARACTER and VARCHAR parameter types setClob(i,x) is roughly\n     * equivalent (null and length handling not shown) to:<p>\n     *\n     * <pre class=\"JavaCodeExample\">\n     * <b>setCharacterStream</b>(i, x.<b>getCharacterStream</b>(), (<span class=\"JavaKeyWord\">int</span>) x.<b>length</b>());\n     * </pre></div>\n     * <!-- end release-specific documentation -->\n     * @param parameterIndex the first parameter is 1, the second is 2, ...\n     * @param x a <code>Clob</code> object that maps an SQL <code>CLOB</code> value\n     * @exception SQLException if a database access error occurs or\n     * this method is called on a closed <code>PreparedStatement</code>\n     * @throws SQLFeatureNotSupportedException  if the JDBC driver does not support this method\n     * @since JDK 1.2 (JDK 1.1.x developers: read the overview for\n     *  JDBCParameterMetaData)\n     */\n    public synchronized void setClob(int parameterIndex,\n                                     Clob x) throws SQLException {\n\n        checkSetParameterIndex(parameterIndex);\n\n        Type outType = parameterTypes[parameterIndex - 1];\n\n        switch (outType.typeCode) {\n\n            case Types.SQL_CHAR :\n            case Types.SQL_VARCHAR :\n                setClobForStringParameter(parameterIndex, x);\n\n                return;\n            case Types.SQL_CLOB :\n                setClobParameter(parameterIndex, x);\n\n                return;\n            default :\n                throw JDBCUtil.invalidArgument();\n        }\n    }","location":{"offset":[57479,2419],"column":4,"row":1317,"file":"hsqldb-2.3.1/hsqldb/src/org/hsqldb/jdbc/JDBCPreparedStatement.java"},"clone_class":"08b4cc6b-32c9-4858-b7c9-75162a20191d","pairs":[{"type":3,"id":"e1d33614-6ea9-4ab9-bc00-7294b3ed9b9e"}],"id":"f2b909fe-f0be-4cf0-a5fc-2c9588e1935c"}]