[{"src":"|project://hsqldb-2.3.1/hsqldb/src/org/hsqldb/test/TestCacheSize.java|(29560,1086,<885,8>,<917,9>)","metadata":{"length":33,"sloc":19,"mass":108},"fragment":"try {\n            PreparedStatement ps =\n                cConnection.prepareStatement(\"DELETE FROM test WHERE id = ?\");\n\n            for (i = 0; count < smallops; i++) {\n                random = nextIntRandom(randomgen, bigrows);\n\n//                random = i;\n                ps.setInt(1, random);\n\n                count += ps.executeUpdate();\n\n/*\n                if ((i + 1) % 10000 == 0) {\n                    Statement st = cConnection.createStatement();\n\n                    st.execute(\"CHECKPOINT DEFRAG\");\n                    st.close();\n                }\n*/\n                if (reportProgress && (i + 1) % 10000 == 0\n                        || (slow && (i + 1) % 100 == 0)) {\n                    System.out.println(\"delete \" + (i + 1) + \" : \"\n                                       + sw.elapsedTime() + \" rps: \"\n                                       + (i * 1000 / (sw.elapsedTime() + 1)));\n                }\n            }\n\n            ps.close();\n        } catch (SQLException e) {\n            System.out.println(\"error : \" + random);\n            e.printStackTrace();\n        }","location":{"offset":[29560,1086],"column":8,"row":885,"file":"hsqldb-2.3.1/hsqldb/src/org/hsqldb/test/TestCacheSize.java"},"clone_class":"08beb8a7-e1cd-4e3e-bec9-52c876879771","pairs":[{"type":3,"id":"c05c218f-2916-4f35-aa99-4447268c37f3"}],"id":"b1288f91-69cd-478b-8570-875345031c7b"},{"src":"|project://hsqldb-2.3.1/hsqldb/src/org/hsqldb/test/TestCacheSize.java|(28109,836,<843,8>,<866,9>)","metadata":{"length":24,"sloc":20,"mass":106},"fragment":"try {\n            PreparedStatement ps = cConnection.prepareStatement(\n                \"UPDATE test SET zip = zip + 1 WHERE id = ? and zip <> \"\n                + smallrows);\n\n            for (i = 0; i < bigops; i++) {\n                random = i;\n\n                ps.setInt(1, random);\n                ps.execute();\n\n                if (reportProgress && (i + 1) % 10000 == 0\n                        || (slow && (i + 1) % 100 == 0)) {\n                    System.out.println(\"Update \" + (i + 1) + \" : \"\n                                       + sw.elapsedTime() + \" rps: \"\n                                       + (i * 1000 / (sw.elapsedTime() + 1)));\n                }\n            }\n\n            ps.close();\n        } catch (SQLException e) {\n            System.out.println(\"error : \" + random);\n            e.printStackTrace();\n        }","location":{"offset":[28109,836],"column":8,"row":843,"file":"hsqldb-2.3.1/hsqldb/src/org/hsqldb/test/TestCacheSize.java"},"clone_class":"08beb8a7-e1cd-4e3e-bec9-52c876879771","pairs":[{"type":3,"id":"b1288f91-69cd-478b-8570-875345031c7b"}],"id":"c05c218f-2916-4f35-aa99-4447268c37f3"}]