[{"src":"|project://hsqldb-2.3.1/hsqldb/src/org/hsqldb/map/BaseHashMap.java|(46075,539,<1587,59>,<1608,9>)","metadata":{"length":22,"sloc":16,"mass":52},"fragment":"{\n\n            if ((keys && !isIntKey) || (!keys && !isIntValue)) {\n                throw new NoSuchElementException(\"Hash Iterator\");\n            }\n\n            removed = false;\n\n            if (hasNext()) {\n                counter++;\n\n                lookup = nextLookup(lookup);\n\n                if (keys) {\n                    return intKeyTable[lookup];\n                } else {\n                    return intValueTable[lookup];\n                }\n            }\n\n            throw new NoSuchElementException(\"Hash Iterator\");\n        }","location":{"offset":[46075,539],"column":59,"row":1587,"file":"hsqldb-2.3.1/hsqldb/src/org/hsqldb/map/BaseHashMap.java"},"clone_class":"03a4a02d-31e0-4460-9f31-8a2f8c348b4f","pairs":[{"type":2,"id":"a64adf2d-4609-44a4-9b10-6b9d6527784d"}],"id":"ecb41f8f-5706-4db2-a822-776fd7047476"},{"src":"|project://hsqldb-2.3.1/hsqldb/src/org/hsqldb/map/BaseHashMap.java|(45463,551,<1564,59>,<1585,9>)","metadata":{"length":22,"sloc":16,"mass":52},"fragment":"{\n\n            if ((keys && !isObjectKey) || (!keys && !isObjectValue)) {\n                throw new NoSuchElementException(\"Hash Iterator\");\n            }\n\n            removed = false;\n\n            if (hasNext()) {\n                counter++;\n\n                lookup = nextLookup(lookup);\n\n                if (keys) {\n                    return objectKeyTable[lookup];\n                } else {\n                    return objectValueTable[lookup];\n                }\n            }\n\n            throw new NoSuchElementException(\"Hash Iterator\");\n        }","location":{"offset":[45463,551],"column":59,"row":1564,"file":"hsqldb-2.3.1/hsqldb/src/org/hsqldb/map/BaseHashMap.java"},"clone_class":"03a4a02d-31e0-4460-9f31-8a2f8c348b4f","pairs":[{"type":2,"id":"ecb41f8f-5706-4db2-a822-776fd7047476"}],"id":"a64adf2d-4609-44a4-9b10-6b9d6527784d"}]