[{"src":"|project://hsqldb-2.3.1/hsqldb/src/org/hsqldb/util/DatabaseManager.java|(27405,605,<856,12>,<880,13>)","metadata":{"length":25,"sloc":17,"mass":73},"fragment":"if (r == -1) {\n                ResultSet rs = sStatement.getResultSet();\n\n                try {\n                    formatResultSet(rs);\n                } catch (Throwable t) {\n                    g[0] = \"Error displaying the ResultSet\";\n\n                    gResult.setHead(g);\n\n                    String s = t.getMessage();\n\n                    g[0] = s;\n\n                    gResult.addRow(g);\n                }\n            } else {\n                g[0] = \"update count\";\n\n                gResult.setHead(g);\n\n                g[0] = String.valueOf(r);\n\n                gResult.addRow(g);\n            }","location":{"offset":[27405,605],"column":12,"row":856,"file":"hsqldb-2.3.1/hsqldb/src/org/hsqldb/util/DatabaseManager.java"},"clone_class":"058e05f8-b063-4847-86e1-ecc6faa81e19","pairs":[{"type":3,"id":"bf5908e8-cb65-4333-bb16-6aee42a72671"}],"id":"099b59ec-e560-4c3c-a49b-a09d8fde8799"},{"src":"|project://hsqldb-2.3.1/hsqldb/src/org/hsqldb/util/DatabaseManagerSwing.java|(57500,594,<1636,12>,<1660,13>)","metadata":{"length":25,"sloc":17,"mass":73},"fragment":"if (r == -1) {\n                ResultSet rs = sStatement.getResultSet();\n\n                try {\n                    formatResultSet(rs);\n                } catch (Throwable t) {\n                    g[0] = \"Error displaying the ResultSet\";\n\n                    gResult.setHead(g);\n\n                    String s = t.getMessage();\n\n                    g[0] = s;\n\n                    gResult.addRow(g);\n                }\n            } else {\n                g[0] = \"update count\";\n\n                gResult.setHead(g);\n\n                g[0] = \"\" + r;\n\n                gResult.addRow(g);\n            }","location":{"offset":[57500,594],"column":12,"row":1636,"file":"hsqldb-2.3.1/hsqldb/src/org/hsqldb/util/DatabaseManagerSwing.java"},"clone_class":"058e05f8-b063-4847-86e1-ecc6faa81e19","pairs":[{"type":3,"id":"099b59ec-e560-4c3c-a49b-a09d8fde8799"}],"id":"bf5908e8-cb65-4333-bb16-6aee42a72671"}]