[{"src":"|project://hsqldb-2.3.1/hsqldb/src/org/hsqldb/cmdline/SqlFile.java|(173786,1428,<4107,58>,<4134,21>)","metadata":{"length":28,"sloc":25,"mass":124},"fragment":"{\n                        condlPrint(SqlFile.htmlRow(((i % 2) == 0) ? COL_EVEN\n                                                          : COL_ODD) + LS\n                                                          + PRE_TD, true);\n\n                        fieldArray = rows.get(i);\n\n                        for (int j = 0; j < fieldArray.length; j++) {\n                            condlPrint(\"<TD\"\n                                    + (rightJust[j]\n                                       ? \" class=\\\"sqltool-right\\\"\" : \"\") + \">\"\n                                    + (fieldArray[j].equals(\"\\u0000\")\n                                       ? nullRepHtml\n                                       : SqlFile.escapeHtml(fieldArray[j]))\n                                    + \"</TD>\", true);\n                            condlPrint(((j > 0) ? \"  \" : \"\")\n                                    + ((j < fieldArray.length - 1\n                                        || rightJust[j])\n                                       ? StringUtil.toPaddedString(\n                                         fieldArray[j], maxWidth[j],\n                                         ' ', !rightJust[j])\n                                       : fieldArray[j])\n                                    , false);\n                        }\n\n                        condlPrintln(LS + PRE_TR + \"</TR>\", true);\n                        condlPrintln(\"\", false);\n                    }","location":{"offset":[173786,1428],"column":58,"row":4107,"file":"hsqldb-2.3.1/hsqldb/src/org/hsqldb/cmdline/SqlFile.java"},"clone_class":"079ab6de-4fc5-4090-a469-dc87bfb227fa","pairs":[{"type":3,"id":"cbd7f9ec-ccff-4488-9956-e9be1fa12a8e"}],"id":"7d88cddf-a58c-4b56-9be6-72e26ad4fd5b"},{"src":"|project://hsqldb-2.3.1/hsqldb/src/org/hsqldb/cmdline/SqlFile.java|(189150,992,<4497,12>,<4518,13>)","metadata":{"length":22,"sloc":19,"mass":128},"fragment":"for (int i = 0; i < rows.size(); i++) {\n                condlPrint(SqlFile.htmlRow( ((i % 2) == 0)\n                        ? COL_EVEN : COL_ODD) + LS + PRE_TD, true);\n\n                fieldArray = rows.get(i);\n\n                for (int j = 0; j < fieldArray.length; j++) {\n                    condlPrint(\"<TD\"\n                            + (rightJust[j] ? \" class=\\\"sqltool-right\\\"\" : \"\")\n                            + \">\" + SqlFile.escapeHtml(fieldArray[j])\n                            + \"</TD>\", true);\n                    condlPrint(((j > 0) ? \"  \" : \"\")\n                            + ((j < fieldArray.length - 1 || rightJust[j])\n                               ? StringUtil.toPaddedString(\n                                 fieldArray[j], maxWidth[j], ' ', !rightJust[j])\n                               : fieldArray[j])\n                            , false);\n                }\n\n                condlPrintln(LS + PRE_TR + \"</TR>\", true);\n                condlPrintln(\"\", false);\n            }","location":{"offset":[189150,992],"column":12,"row":4497,"file":"hsqldb-2.3.1/hsqldb/src/org/hsqldb/cmdline/SqlFile.java"},"clone_class":"079ab6de-4fc5-4090-a469-dc87bfb227fa","pairs":[{"type":3,"id":"7d88cddf-a58c-4b56-9be6-72e26ad4fd5b"}],"id":"cbd7f9ec-ccff-4488-9956-e9be1fa12a8e"}]