[{"src":"|project://hsqldb-2.3.1/hsqldb/src/org/hsqldb/jdbc/JDBCBlobFile.java|(20443,2309,<516,4>,<588,5>)","metadata":{"length":73,"sloc":28,"mass":103},"fragment":"/**\n     * This method frees the <code>Blob</code> object and releases the resources that\n     * it holds. The object is invalid once the <code>free</code>\n     * method is called.\n     * <p>\n     * After <code>free</code> has been called, any attempt to invoke a\n     * method other than <code>free</code> will result in a <code>SQLException</code>\n     * being thrown.  If <code>free</code> is called multiple times, the subsequent\n     * calls to <code>free</code> are treated as a no-op.\n     * <p>\n     *\n     * <!-- start release-specific documentation -->\n     * <div class=\"ReleaseSpecificDocumentation\">\n     * <h3>HSQLDB-Specific Information:</h3> <p>\n     *\n     * This operation closes any input and/or output streams obtained\n     * via {@link #getBinaryStream()}, {@link #getBinaryStream(long, long)} or\n     * {@link #setBinaryStream(long)}. <p>\n     *\n     * Additionally, if the property {@link #isDeleteOnFree()} is true, then\n     * an attempt is made to delete the backing file.\n     *\n     * </div>\n     * <!-- end release-specific documentation -->\n     *\n     * @throws SQLException if an error occurs releasing\n     * the Blob's resources\n     * @exception SQLFeatureNotSupportedException if the JDBC driver does not support\n     * this method\n     * @see #setDeleteOnFree(boolean)\n     * @see #isDeleteOnFree()\n     * @since JDK 1.6\n     */\n    public synchronized void free() throws SQLException {\n\n        if (m_closed) {\n            return;\n        }\n\n        m_closed = true;\n\n        final List streams = new ArrayList();\n\n        streams.addAll(m_streams);\n\n        m_streams = null;\n\n        for (Iterator itr = streams.iterator(); itr.hasNext(); ) {\n            final Object stream = itr.next();\n\n            if (stream instanceof InputStream) {\n                try {\n                    ((InputStream) stream).close();\n                } catch (Exception ex) {\n\n                    //\n                }\n            } else if (stream instanceof OutputStream) {\n                try {\n                    ((OutputStream) stream).close();\n                } catch (Exception ex) {\n\n                    //\n                }\n            }\n        }\n\n        if (m_deleteOnFree) {\n            try {\n                m_file.delete();\n            } catch (Exception e) {}\n        }\n    }","location":{"offset":[20443,2309],"column":4,"row":516,"file":"hsqldb-2.3.1/hsqldb/src/org/hsqldb/jdbc/JDBCBlobFile.java"},"clone_class":"1150baf9-9f95-4f88-9adf-3a92548872e5","pairs":[{"type":1,"id":"03d1c2f4-4a96-4e08-96ab-cc475ba53c95"}],"id":"0ef88299-9fea-40ac-8134-f5232429c762"},{"src":"|project://hsqldb-2.3.1/hsqldb/src/org/hsqldb/jdbc/JDBCClobFile.java|(23672,1688,<643,4>,<699,5>)","metadata":{"length":57,"sloc":28,"mass":103},"fragment":"/**\n     * This method frees the <code>Clob</code> object and releases the resources the resources\n     * that it holds.  The object is invalid once the <code>free</code> method\n     * is called.\n     * <p>\n     * After <code>free</code> has been called, any attempt to invoke a\n     * method other than <code>free</code> will result in a <code>SQLException</code>\n     * being thrown.  If <code>free</code> is called multiple times, the subsequent\n     * calls to <code>free</code> are treated as a no-op.\n     * <p>\n     * @throws SQLException if an error occurs releasing\n     * the Clob's resources\n     *\n     * @exception SQLFeatureNotSupportedException if the JDBC driver does not support\n     * this method\n     * @since JDK 1.4\n     */\n    public synchronized void free() throws SQLException {\n\n        if (m_closed) {\n            return;\n        }\n\n        m_closed = true;\n\n        final List streams = new ArrayList();\n\n        streams.addAll(m_streams);\n\n        m_streams = null;\n\n        for (Iterator itr = streams.iterator(); itr.hasNext(); ) {\n            final Object stream = itr.next();\n\n            if (stream instanceof InputStream) {\n                try {\n                    ((InputStream) stream).close();\n                } catch (Exception ex) {\n\n                    //\n                }\n            } else if (stream instanceof OutputStream) {\n                try {\n                    ((OutputStream) stream).close();\n                } catch (Exception ex) {\n\n                    //\n                }\n            }\n        }\n\n        if (m_deleteOnFree) {\n            try {\n                m_file.delete();\n            } catch (Exception e) {}\n        }\n    }","location":{"offset":[23672,1688],"column":4,"row":643,"file":"hsqldb-2.3.1/hsqldb/src/org/hsqldb/jdbc/JDBCClobFile.java"},"clone_class":"1150baf9-9f95-4f88-9adf-3a92548872e5","pairs":[{"type":1,"id":"0ef88299-9fea-40ac-8134-f5232429c762"}],"id":"03d1c2f4-4a96-4e08-96ab-cc475ba53c95"}]