[{"src":"|project://hsqldb-2.3.1/hsqldb/src/org/hsqldb/test/TestSql.java|(8669,506,<192,12>,<208,13>)","metadata":{"length":17,"sloc":13,"mass":62},"fragment":"{\n                ResultSet rs = md.getImportedKeys(null, null, \"ADDRESSBOOK\");\n                ResultSetMetaData rsmd = rs.getMetaData();\n\n                result1 = \"\";\n\n                for (; rs.next(); ) {\n                    for (int i = 0; i < rsmd.getColumnCount(); i++) {\n                        result1 += rs.getString(i + 1) + \":\";\n                    }\n\n                    result1 += \"\\n\";\n                }\n\n                rs.close();\n                System.out.println(result1);\n            }","location":{"offset":[8669,506],"column":12,"row":192,"file":"hsqldb-2.3.1/hsqldb/src/org/hsqldb/test/TestSql.java"},"clone_class":"005c08fe-bea6-4927-9497-141d5e004a63","pairs":[{"type":2,"id":"a250dcaf-f981-4a40-b25d-22f097f93622"}],"id":"8e1fd9d6-63c4-4553-9d11-b2faab9844fb"},{"src":"|project://hsqldb-2.3.1/hsqldb/src/org/hsqldb/test/TestSql.java|(9851,507,<230,12>,<246,13>)","metadata":{"length":17,"sloc":13,"mass":62},"fragment":"{\n                ResultSet         rs = md.getExportedKeys(null, null, \"USER\");\n                ResultSetMetaData rsmd = rs.getMetaData();\n\n                result3 = \"\";\n\n                for (; rs.next(); ) {\n                    for (int i = 0; i < rsmd.getColumnCount(); i++) {\n                        result3 += rs.getString(i + 1) + \":\";\n                    }\n\n                    result3 += \"\\n\";\n                }\n\n                rs.close();\n                System.out.println(result3);\n            }","location":{"offset":[9851,507],"column":12,"row":230,"file":"hsqldb-2.3.1/hsqldb/src/org/hsqldb/test/TestSql.java"},"clone_class":"005c08fe-bea6-4927-9497-141d5e004a63","pairs":[{"type":2,"id":"8e1fd9d6-63c4-4553-9d11-b2faab9844fb"}],"id":"a250dcaf-f981-4a40-b25d-22f097f93622"}]