[{"src":"|project://hsqldb-2.3.1/hsqldb/src/org/hsqldb/map/ValuePoolHashMap.java|(10424,1210,<332,4>,<372,5>)","metadata":{"length":41,"sloc":30,"mass":138},"fragment":"protected Double getOrAddDouble(long longKey) {\n\n        Double testValue;\n        int index = hashIndex.getHashIndex((int) (longKey ^ (longKey >>> 32)));\n        int    lookup     = hashIndex.hashTable[index];\n        int    lastLookup = -1;\n\n        for (; lookup >= 0;\n                lastLookup = lookup,\n                lookup = hashIndex.getNextLookup(lookup)) {\n            testValue = (Double) objectKeyTable[lookup];\n\n            if (Double.doubleToLongBits(testValue.doubleValue()) == longKey) {\n                if (accessCount > ACCESS_MAX) {\n                    resetAccessCount();\n                }\n\n                accessTable[lookup] = accessCount++;\n\n                return testValue;\n            }\n        }\n\n        if (hashIndex.elementCount >= threshold) {\n            reset();\n\n            return getOrAddDouble(longKey);\n        }\n\n        lookup                 = hashIndex.linkNode(index, lastLookup);\n        testValue              = new Double(Double.longBitsToDouble(longKey));\n        objectKeyTable[lookup] = testValue;\n\n        if (accessCount > ACCESS_MAX) {\n            resetAccessCount();\n        }\n\n        accessTable[lookup] = accessCount++;\n\n        return testValue;\n    }","location":{"offset":[10424,1210],"column":4,"row":332,"file":"hsqldb-2.3.1/hsqldb/src/org/hsqldb/map/ValuePoolHashMap.java"},"clone_class":"1372acdb-ff04-4d8a-b42c-5e71a021e00a","pairs":[{"type":3,"id":"cd041f51-b42e-4bfb-9bc3-0236baf27909"}],"id":"6fd4ae3a-7a65-4050-94ea-4a27a9111ef3"},{"src":"|project://hsqldb-2.3.1/hsqldb/src/org/hsqldb/map/ValuePoolHashMap.java|(9197,1221,<289,4>,<330,5>)","metadata":{"length":42,"sloc":31,"mass":140},"fragment":"protected TimestampData getOrAddDate(long longKey) {\n\n        TimestampData testValue;\n        int  hash       = (int) longKey ^ (int) (longKey >>> 32);\n        int  index      = hashIndex.getHashIndex(hash);\n        int  lookup     = hashIndex.hashTable[index];\n        int  lastLookup = -1;\n\n        for (; lookup >= 0;\n                lastLookup = lookup,\n                lookup = hashIndex.getNextLookup(lookup)) {\n            testValue = (TimestampData) objectKeyTable[lookup];\n\n            if (testValue.getSeconds() == longKey) {\n                if (accessCount > ACCESS_MAX) {\n                    resetAccessCount();\n                }\n\n                accessTable[lookup] = accessCount++;\n\n                return testValue;\n            }\n        }\n\n        if (hashIndex.elementCount >= threshold) {\n            reset();\n\n            return getOrAddDate(longKey);\n        }\n\n        lookup                 = hashIndex.linkNode(index, lastLookup);\n        testValue              = new TimestampData(longKey);\n        objectKeyTable[lookup] = testValue;\n\n        if (accessCount > ACCESS_MAX) {\n            resetAccessCount();\n        }\n\n        accessTable[lookup] = accessCount++;\n\n        return testValue;\n    }","location":{"offset":[9197,1221],"column":4,"row":289,"file":"hsqldb-2.3.1/hsqldb/src/org/hsqldb/map/ValuePoolHashMap.java"},"clone_class":"1372acdb-ff04-4d8a-b42c-5e71a021e00a","pairs":[{"type":3,"id":"6fd4ae3a-7a65-4050-94ea-4a27a9111ef3"}],"id":"cd041f51-b42e-4bfb-9bc3-0236baf27909"}]