[{"src":"|project://hsqldb-2.3.1/hsqldb/src/org/hsqldb/cmdline/SqlFile.java|(119076,533,<2806,8>,<2818,9>)","metadata":{"length":13,"sloc":12,"mass":64},"fragment":"if (tokens[0].equals(\"continue\")) {\n            if (tokens.length > 1) {\n                if (tokens.length == 2 &&\n                        (tokens[1].equals(\"foreach\")\n                        || tokens[1].equals(\"forrows\")\n                        || tokens[1].equals(\"for\")\n                        || tokens[1].equals(\"while\")))\n                    throw new ContinueException(tokens[1]);\n                throw new BadSpecial(SqltoolRB.continue_syntax.getString());\n            }\n\n            throw new ContinueException();\n        }","location":{"offset":[119076,533],"column":8,"row":2806,"file":"hsqldb-2.3.1/hsqldb/src/org/hsqldb/cmdline/SqlFile.java"},"clone_class":"0d70affa-3c7c-481c-8a0d-57fa61a5e3c9","pairs":[{"type":3,"id":"e8cb5347-f487-40f1-b1fc-db3184f4fcec"}],"id":"b269bdef-6871-4105-9985-8b159a886297"},{"src":"|project://hsqldb-2.3.1/hsqldb/src/org/hsqldb/cmdline/SqlFile.java|(119858,542,<2826,39>,<2839,9>)","metadata":{"length":14,"sloc":13,"mass":64},"fragment":"{\n            if (tokens.length > 1) {\n                if (tokens.length == 2 &&\n                        (tokens[1].equals(\"foreach\")\n                        || tokens[1].equals(\"forrows\")\n                        || tokens[1].equals(\"while\")\n                        || tokens[1].equals(\"for\")\n                        || tokens[1].equals(\"file\")))\n                    throw new BreakException(tokens[1]);\n                throw new BadSpecial(SqltoolRB.break_syntax.getString());\n            }\n\n            throw new BreakException();\n        }","location":{"offset":[119858,542],"column":39,"row":2826,"file":"hsqldb-2.3.1/hsqldb/src/org/hsqldb/cmdline/SqlFile.java"},"clone_class":"0d70affa-3c7c-481c-8a0d-57fa61a5e3c9","pairs":[{"type":3,"id":"b269bdef-6871-4105-9985-8b159a886297"}],"id":"e8cb5347-f487-40f1-b1fc-db3184f4fcec"}]