[{"src":"|project://hsqldb-2.3.1/hsqldb/src/org/hsqldb/Expression.java|(25037,338,<914,61>,<927,5>)","metadata":{"length":14,"sloc":11,"mass":51},"fragment":"{\n\n        for (int i = 0; i < nodes.length; i++) {\n            if (nodes[i] != null) {\n                set = nodes[i].collectRangeVariables(set);\n            }\n        }\n\n        if (table != null && table.queryExpression != null) {\n            set = table.queryExpression.collectRangeVariables(set);\n        }\n\n        return set;\n    }","location":{"offset":[25037,338],"column":61,"row":914,"file":"hsqldb-2.3.1/hsqldb/src/org/hsqldb/Expression.java"},"clone_class":"0a97c087-3b38-406c-a28a-1747fff9f1ea","pairs":[{"type":3,"id":"7768aae0-eb4e-46a0-8eca-a0c5efc40607"}],"id":"d2786284-7194-4a1f-b748-ac30daafd2dc"},{"src":"|project://hsqldb-2.3.1/hsqldb/src/org/hsqldb/Expression.java|(20634,381,<723,58>,<738,5>)","metadata":{"length":16,"sloc":12,"mass":54},"fragment":"{\n\n        for (int i = 0; i < nodes.length; i++) {\n            if (nodes[i] == null) {\n                continue;\n            }\n\n            nodes[i] = nodes[i].replaceColumnReferences(range, list);\n        }\n\n        if (table != null && table.queryExpression != null) {\n            table.queryExpression.replaceColumnReferences(range, list);\n        }\n\n        return this;\n    }","location":{"offset":[20634,381],"column":58,"row":723,"file":"hsqldb-2.3.1/hsqldb/src/org/hsqldb/Expression.java"},"clone_class":"0a97c087-3b38-406c-a28a-1747fff9f1ea","pairs":[{"type":3,"id":"d2786284-7194-4a1f-b748-ac30daafd2dc"}],"id":"7768aae0-eb4e-46a0-8eca-a0c5efc40607"}]