[{"src":"|project://hsqldb-2.3.1/hsqldb/src/org/hsqldb/QuerySpecification.java|(77162,509,<2463,65>,<2480,5>)","metadata":{"length":18,"sloc":14,"mass":61},"fragment":"{\n\n        for (int i = 0; i < indexStartAggregates; i++) {\n            exprColumns[i].replaceRangeVariables(ranges, newRanges);\n        }\n\n        if (queryCondition != null) {\n            queryCondition.replaceRangeVariables(ranges, newRanges);\n        }\n\n        if (havingCondition != null) {\n            havingCondition.replaceRangeVariables(ranges, newRanges);\n        }\n\n        for (int i = 0, len = rangeVariables.length; i < len; i++) {\n            rangeVariables[i].getSubqueries();\n        }\n    }","location":{"offset":[77162,509],"column":65,"row":2463,"file":"hsqldb-2.3.1/hsqldb/src/org/hsqldb/QuerySpecification.java"},"clone_class":"037f7f40-95d0-42d9-a8b5-b284ef90993c","pairs":[{"type":3,"id":"3bd5d465-14dc-4357-80c8-fbdfc17a43e3"}],"id":"34972a8e-93f5-41df-8fd8-f09fce8379e5"},{"src":"|project://hsqldb-2.3.1/hsqldb/src/org/hsqldb/QuerySpecification.java|(75774,507,<2418,44>,<2437,5>)","metadata":{"length":20,"sloc":15,"mass":67},"fragment":"{\n\n        for (int i = 0; i < indexStartAggregates; i++) {\n            exprColumns[i].collectObjectNames(set);\n        }\n\n        if (queryCondition != null) {\n            queryCondition.collectObjectNames(set);\n        }\n\n        if (havingCondition != null) {\n            havingCondition.collectObjectNames(set);\n        }\n\n        for (int i = 0, len = rangeVariables.length; i < len; i++) {\n            HsqlName name = rangeVariables[i].getTable().getName();\n\n            set.add(name);\n        }\n    }","location":{"offset":[75774,507],"column":44,"row":2418,"file":"hsqldb-2.3.1/hsqldb/src/org/hsqldb/QuerySpecification.java"},"clone_class":"037f7f40-95d0-42d9-a8b5-b284ef90993c","pairs":[{"type":3,"id":"34972a8e-93f5-41df-8fd8-f09fce8379e5"}],"id":"3bd5d465-14dc-4357-80c8-fbdfc17a43e3"}]