[{"src":"|project://hsqldb-2.3.1/hsqldb/src/org/hsqldb/dbinfo/DatabaseInformationFull.java|(250359,1163,<6580,8>,<6604,9>)","metadata":{"length":25,"sloc":19,"mass":88},"fragment":"if (t == null) {\n            t = createBlankTable(sysTableHsqlNames[TABLE_CONSTRAINTS]);\n\n            addColumn(t, \"CONSTRAINT_CATALOG\", SQL_IDENTIFIER);\n            addColumn(t, \"CONSTRAINT_SCHEMA\", SQL_IDENTIFIER);\n            addColumn(t, \"CONSTRAINT_NAME\", SQL_IDENTIFIER);    // not null\n            addColumn(t, \"CONSTRAINT_TYPE\", CHARACTER_DATA);    // not null\n            addColumn(t, \"TABLE_CATALOG\", SQL_IDENTIFIER);\n            addColumn(t, \"TABLE_SCHEMA\", SQL_IDENTIFIER);\n            addColumn(t, \"TABLE_NAME\", SQL_IDENTIFIER);         // not null\n            addColumn(t, \"IS_DEFERRABLE\", YES_OR_NO);           // not null\n            addColumn(t, \"INITIALLY_DEFERRED\", YES_OR_NO);      // not null\n\n            // false PK, as CONSTRAINT_CATALOG, CONSTRAINT_SCHEMA,\n            // TABLE_CATALOG and/or TABLE_SCHEMA may be null\n            HsqlName name = HsqlNameManager.newInfoSchemaObjectName(\n                sysTableHsqlNames[TABLE_CONSTRAINTS].name, false,\n                SchemaObject.INDEX);\n\n            t.createPrimaryKeyConstraint(name, new int[] {\n                0, 1, 2, 4, 5, 6\n            }, false);\n\n            return t;\n        }","location":{"offset":[250359,1163],"column":8,"row":6580,"file":"hsqldb-2.3.1/hsqldb/src/org/hsqldb/dbinfo/DatabaseInformationFull.java"},"clone_class":"0fbbfa82-fa7c-4c5e-99ae-297d64575b31","pairs":[{"type":3,"id":"1d87fc9d-ef75-4534-9840-8a17eba9f00f"},{"type":3,"id":"062c1c74-8875-4d9b-97c6-aa4f22a22973"}],"id":"4cbdf97f-7bc7-4893-aecd-6563b578c726"},{"src":"|project://hsqldb-2.3.1/hsqldb/src/org/hsqldb/dbinfo/DatabaseInformationFull.java|(148547,1105,<4023,8>,<4045,9>)","metadata":{"length":23,"sloc":19,"mass":87},"fragment":"if (t == null) {\n            t = createBlankTable(sysTableHsqlNames[KEY_COLUMN_USAGE]);\n\n            addColumn(t, \"CONSTRAINT_CATALOG\", SQL_IDENTIFIER);\n            addColumn(t, \"CONSTRAINT_SCHEMA\", SQL_IDENTIFIER);\n            addColumn(t, \"CONSTRAINT_NAME\", SQL_IDENTIFIER);                   // not null\n            addColumn(t, \"TABLE_CATALOG\", SQL_IDENTIFIER);\n            addColumn(t, \"TABLE_SCHEMA\", SQL_IDENTIFIER);\n            addColumn(t, \"TABLE_NAME\", SQL_IDENTIFIER);                        // not null\n            addColumn(t, \"COLUMN_NAME\", SQL_IDENTIFIER);                       // not null\n            addColumn(t, \"ORDINAL_POSITION\", CARDINAL_NUMBER);                 // not null\n            addColumn(t, \"POSITION_IN_UNIQUE_CONSTRAINT\", CARDINAL_NUMBER);    // not null\n\n            HsqlName name = HsqlNameManager.newInfoSchemaObjectName(\n                sysTableHsqlNames[KEY_COLUMN_USAGE].name, false,\n                SchemaObject.INDEX);\n\n            t.createPrimaryKeyConstraint(name, new int[] {\n                2, 1, 0, 6, 7\n            }, false);\n\n            return t;\n        }","location":{"offset":[148547,1105],"column":8,"row":4023,"file":"hsqldb-2.3.1/hsqldb/src/org/hsqldb/dbinfo/DatabaseInformationFull.java"},"clone_class":"0fbbfa82-fa7c-4c5e-99ae-297d64575b31","pairs":[{"type":3,"id":"4cbdf97f-7bc7-4893-aecd-6563b578c726"},{"type":3,"id":"062c1c74-8875-4d9b-97c6-aa4f22a22973"}],"id":"1d87fc9d-ef75-4534-9840-8a17eba9f00f"},{"src":"|project://hsqldb-2.3.1/hsqldb/src/org/hsqldb/dbinfo/DatabaseInformationFull.java|(209634,943,<5642,23>,<5664,9>)","metadata":{"length":23,"sloc":19,"mass":87},"fragment":"{\n            t = createBlankTable(sysTableHsqlNames[ROUTINE_TABLE_USAGE]);\n\n            addColumn(t, \"SPECIFIC_CATALOG\", SQL_IDENTIFIER);\n            addColumn(t, \"SPECIFIC_SCHEMA\", SQL_IDENTIFIER);\n            addColumn(t, \"SPECIFIC_NAME\", SQL_IDENTIFIER);\n            addColumn(t, \"ROUTINE_CATALOG\", SQL_IDENTIFIER);\n            addColumn(t, \"ROUTINE_SCHEMA\", SQL_IDENTIFIER);\n            addColumn(t, \"ROUTINE_NAME\", SQL_IDENTIFIER);\n            addColumn(t, \"TABLE_CATALOG\", SQL_IDENTIFIER);\n            addColumn(t, \"TABLE_SCHEMA\", SQL_IDENTIFIER);\n            addColumn(t, \"TABLE_NAME\", SQL_IDENTIFIER);\n\n            HsqlName name = HsqlNameManager.newInfoSchemaObjectName(\n                sysTableHsqlNames[ROUTINE_TABLE_USAGE].name, false,\n                SchemaObject.INDEX);\n\n            t.createPrimaryKeyConstraint(name, new int[] {\n                3, 4, 5, 0, 1, 2, 6, 7, 8\n            }, false);\n\n            return t;\n        }","location":{"offset":[209634,943],"column":23,"row":5642,"file":"hsqldb-2.3.1/hsqldb/src/org/hsqldb/dbinfo/DatabaseInformationFull.java"},"clone_class":"0fbbfa82-fa7c-4c5e-99ae-297d64575b31","pairs":[{"type":3,"id":"4cbdf97f-7bc7-4893-aecd-6563b578c726"},{"type":3,"id":"1d87fc9d-ef75-4534-9840-8a17eba9f00f"}],"id":"062c1c74-8875-4d9b-97c6-aa4f22a22973"}]