[{"src":"|project://hsqldb-2.3.1/hsqldb/src/org/hsqldb/test/TestOdbcTypes.java|(23394,1129,<623,4>,<651,5>)","metadata":{"length":29,"sloc":29,"mass":114},"fragment":"public void testTimestampWSimpleRead() {\n        ResultSet rs = null;\n        Statement st = null;\n        try {\n            st = netConn.createStatement();\n            rs = st.executeQuery(\"SELECT * FROM alltypes WHERE id in (1, 2)\");\n            assertTrue(\"Got no rows with id in (1, 2)\", rs.next());\n            assertEquals(Timestamp.class, rs.getObject(\"tsw\").getClass());\n            assertTrue(\"Got only one row with id in (1, 2)\", rs.next());\n            assertEquals(Timestamp.valueOf(\"2009-02-09 17:18:19\"),\n                    rs.getTimestamp(\"tsw\"));\n            assertFalse(\"Got too many rows with id in (1, 2)\", rs.next());\n        } catch (SQLException se) {\n            junit.framework.AssertionFailedError ase\n                = new junit.framework.AssertionFailedError(se.getMessage());\n            ase.initCause(se);\n            throw ase;\n        } finally {\n            try {\n                if (rs != null) {\n                    rs.close();\n                }\n                if (st != null) {\n                    st.close();\n                }\n            } catch(Exception e) {\n            }\n        }\n    }","location":{"offset":[23394,1129],"column":4,"row":623,"file":"hsqldb-2.3.1/hsqldb/src/org/hsqldb/test/TestOdbcTypes.java"},"clone_class":"07d9b5ea-20b5-4bdc-9a1b-2c75ddd769ae","pairs":[{"type":3,"id":"a11bd24f-0a22-48fd-a21d-edcb2954431f"},{"type":3,"id":"cf0418e1-fcbb-4203-8921-4be0e6a9283d"},{"type":3,"id":"a7d0f8bf-9c26-4a63-9c38-1f37e866bfb3"},{"type":3,"id":"4ad0b880-a435-4c27-9b4a-9c6f11ace041"},{"type":3,"id":"2fe0f389-f86b-4cf0-8637-960099634cc6"},{"type":3,"id":"27942fcf-6a02-4509-a05b-931407e47a6f"}],"id":"7c2396fd-5d41-49ad-9e3d-730eb40b6dd9"},{"src":"|project://hsqldb-2.3.1/hsqldb/src/org/hsqldb/test/TestOdbcTypes.java|(5454,1055,<143,4>,<170,5>)","metadata":{"length":28,"sloc":28,"mass":112},"fragment":"public void testIntegerSimpleRead() {\n        ResultSet rs = null;\n        Statement st = null;\n        try {\n            st = netConn.createStatement();\n            rs = st.executeQuery(\"SELECT * FROM alltypes WHERE id in (1, 2)\");\n            assertTrue(\"Got no rows with id in (1, 2)\", rs.next());\n            assertEquals(Integer.class, rs.getObject(\"i\").getClass());\n            assertTrue(\"Got only one row with id in (1, 2)\", rs.next());\n            assertEquals(5, rs.getInt(\"i\"));\n            assertFalse(\"Got too many rows with id in (1, 2)\", rs.next());\n        } catch (SQLException se) {\n            junit.framework.AssertionFailedError ase\n                = new junit.framework.AssertionFailedError(se.getMessage());\n            ase.initCause(se);\n            throw ase;\n        } finally {\n            try {\n                if (rs != null) {\n                    rs.close();\n                }\n                if (st != null) {\n                    st.close();\n                }\n            } catch(Exception e) {\n            }\n        }\n    }","location":{"offset":[5454,1055],"column":4,"row":143,"file":"hsqldb-2.3.1/hsqldb/src/org/hsqldb/test/TestOdbcTypes.java"},"clone_class":"07d9b5ea-20b5-4bdc-9a1b-2c75ddd769ae","pairs":[{"type":3,"id":"7c2396fd-5d41-49ad-9e3d-730eb40b6dd9"},{"type":3,"id":"cf0418e1-fcbb-4203-8921-4be0e6a9283d"},{"type":3,"id":"a7d0f8bf-9c26-4a63-9c38-1f37e866bfb3"},{"type":3,"id":"4ad0b880-a435-4c27-9b4a-9c6f11ace041"},{"type":3,"id":"2fe0f389-f86b-4cf0-8637-960099634cc6"},{"type":3,"id":"27942fcf-6a02-4509-a05b-931407e47a6f"}],"id":"a11bd24f-0a22-48fd-a21d-edcb2954431f"},{"src":"|project://hsqldb-2.3.1/hsqldb/src/org/hsqldb/test/TestOdbcTypes.java|(17645,1131,<471,4>,<499,5>)","metadata":{"length":29,"sloc":29,"mass":114},"fragment":"public void testDerivedStringSimpleRead() {\n        ResultSet rs = null;\n        Statement st = null;\n        try {\n            st = netConn.createStatement();\n            rs = st.executeQuery(\"SELECT i, cv || 'appendage' app, 4\\n\"\n                    + \"FROM alltypes WHERE id in (1, 2)\");\n            assertTrue(\"Got no rows with id in (1, 2)\", rs.next());\n            assertEquals(String.class, rs.getObject(\"app\").getClass());\n            assertTrue(\"Got only one row with id in (1, 2)\", rs.next());\n            assertEquals(\"cdappendage\", rs.getString(\"app\"));\n            assertFalse(\"Got too many rows with id in (1, 2)\", rs.next());\n        } catch (SQLException se) {\n            junit.framework.AssertionFailedError ase\n                = new junit.framework.AssertionFailedError(se.getMessage());\n            ase.initCause(se);\n            throw ase;\n        } finally {\n            try {\n                if (rs != null) {\n                    rs.close();\n                }\n                if (st != null) {\n                    st.close();\n                }\n            } catch(Exception e) {\n            }\n        }\n    }","location":{"offset":[17645,1131],"column":4,"row":471,"file":"hsqldb-2.3.1/hsqldb/src/org/hsqldb/test/TestOdbcTypes.java"},"clone_class":"07d9b5ea-20b5-4bdc-9a1b-2c75ddd769ae","pairs":[{"type":3,"id":"7c2396fd-5d41-49ad-9e3d-730eb40b6dd9"},{"type":3,"id":"a11bd24f-0a22-48fd-a21d-edcb2954431f"},{"type":3,"id":"cf0418e1-fcbb-4203-8921-4be0e6a9283d"},{"type":3,"id":"a7d0f8bf-9c26-4a63-9c38-1f37e866bfb3"},{"type":3,"id":"2fe0f389-f86b-4cf0-8637-960099634cc6"},{"type":3,"id":"27942fcf-6a02-4509-a05b-931407e47a6f"}],"id":"4ad0b880-a435-4c27-9b4a-9c6f11ace041"},{"src":"|project://hsqldb-2.3.1/hsqldb/src/org/hsqldb/test/TestOdbcTypes.java|(19950,1082,<532,4>,<559,5>)","metadata":{"length":28,"sloc":28,"mass":118},"fragment":"public void testTimeSimpleRead() {\n        ResultSet rs = null;\n        Statement st = null;\n        try {\n            st = netConn.createStatement();\n            rs = st.executeQuery(\"SELECT * FROM alltypes WHERE id in (1, 2)\");\n            assertTrue(\"Got no rows with id in (1, 2)\", rs.next());\n            assertEquals(java.sql.Time.class, rs.getObject(\"t\").getClass());\n            assertTrue(\"Got only one row with id in (1, 2)\", rs.next());\n            assertEquals(Time.valueOf(\"13:14:00\"), rs.getTime(\"t\"));\n            assertFalse(\"Got too many rows with id in (1, 2)\", rs.next());\n        } catch (SQLException se) {\n            junit.framework.AssertionFailedError ase\n                = new junit.framework.AssertionFailedError(se.getMessage());\n            ase.initCause(se);\n            throw ase;\n        } finally {\n            try {\n                if (rs != null) {\n                    rs.close();\n                }\n                if (st != null) {\n                    st.close();\n                }\n            } catch(Exception e) {\n            }\n        }\n    }","location":{"offset":[19950,1082],"column":4,"row":532,"file":"hsqldb-2.3.1/hsqldb/src/org/hsqldb/test/TestOdbcTypes.java"},"clone_class":"07d9b5ea-20b5-4bdc-9a1b-2c75ddd769ae","pairs":[{"type":3,"id":"7c2396fd-5d41-49ad-9e3d-730eb40b6dd9"},{"type":3,"id":"a11bd24f-0a22-48fd-a21d-edcb2954431f"},{"type":3,"id":"cf0418e1-fcbb-4203-8921-4be0e6a9283d"},{"type":3,"id":"a7d0f8bf-9c26-4a63-9c38-1f37e866bfb3"},{"type":3,"id":"4ad0b880-a435-4c27-9b4a-9c6f11ace041"},{"type":3,"id":"27942fcf-6a02-4509-a05b-931407e47a6f"}],"id":"2fe0f389-f86b-4cf0-8637-960099634cc6"}]