[{"src":"|project://hsqldb-2.3.1/hsqldb/src/org/hsqldb/util/DatabaseManager.java|(30097,1801,<972,4>,<1049,5>)","metadata":{"length":78,"sloc":57,"mass":291},"fragment":"void testPerformance() {\n\n        String       all   = txtCommand.getText();\n        StringBuffer b     = new StringBuffer();\n        long         total = 0;\n\n        for (int i = 0; i < all.length(); i++) {\n            char c = all.charAt(i);\n\n            if (c != '\\n') {\n                b.append(c);\n            }\n        }\n\n        all = b.toString();\n\n        String[] g = new String[4];\n\n        g[0] = \"ms\";\n        g[1] = \"count\";\n        g[2] = \"sql\";\n        g[3] = \"error\";\n\n        gResult.setHead(g);\n\n        int max = 1;\n\n        lTime = System.currentTimeMillis() - lTime;\n\n        while (!all.equals(\"\")) {\n            int    i = all.indexOf(';');\n            String sql;\n\n            if (i != -1) {\n                sql = all.substring(0, i);\n                all = all.substring(i + 1);\n            } else {\n                sql = all;\n                all = \"\";\n            }\n\n            if (sql.startsWith(\"--#\")) {\n                max = Integer.parseInt(sql.substring(3));\n\n                continue;\n            } else if (sql.startsWith(\"--\")) {\n                continue;\n            }\n\n            g[2] = sql;\n\n            long l = 0;\n\n            try {\n                l = DatabaseManagerCommon.testStatement(sStatement, sql, max);\n                total += l;\n                g[0]  = String.valueOf(l);\n                g[1]  = String.valueOf(max);\n                g[3]  = \"\";\n            } catch (SQLException e) {\n                g[0] = g[1] = \"n/a\";\n                g[3] = e.toString();\n            }\n\n            gResult.addRow(g);\n            System.out.println(l + \" ms : \" + sql);\n        }\n\n        g[0] = \"\" + total;\n        g[1] = \"total\";\n        g[2] = \"\";\n\n        gResult.addRow(g);\n\n        lTime = System.currentTimeMillis() - lTime;\n\n        updateResult();\n    }","location":{"offset":[30097,1801],"column":4,"row":972,"file":"hsqldb-2.3.1/hsqldb/src/org/hsqldb/util/DatabaseManager.java"},"clone_class":"06a947fb-2383-4a1f-a063-ba4776542117","pairs":[{"type":3,"id":"940cac9b-c027-4ee4-8dc9-6f45915f18ca"},{"type":3,"id":"e8857bfd-b48c-460a-8438-07261d64bd97"}],"id":"7b4d9bc8-15d5-4ba8-a5f2-510548b9ab32"},{"src":"|project://hsqldb-2.3.1/hsqldb/src/org/hsqldb/util/DatabaseManagerSwing.java|(61998,1857,<1795,4>,<1873,5>)","metadata":{"length":79,"sloc":57,"mass":294},"fragment":"private void testPerformance() {\n\n        String       all   = txtCommand.getText();\n        StringBuffer b     = new StringBuffer();\n        long         total = 0;\n\n        for (int i = 0; i < all.length(); i++) {\n            char c = all.charAt(i);\n\n            if (c != '\\n') {\n                b.append(c);\n            }\n        }\n\n        all = b.toString();\n\n        String[] g = new String[4];\n\n        g[0] = \"ms\";\n        g[1] = \"count\";\n        g[2] = \"sql\";\n        g[3] = \"error\";\n\n        gResult.setHead(g);\n\n        int max = 1;\n\n        lTime = System.currentTimeMillis() - lTime;\n\n        while (!all.equals(\"\")) {\n            int    i = all.indexOf(';');\n            String sql;\n\n            if (i != -1) {\n                sql = all.substring(0, i);\n                all = all.substring(i + 1);\n            } else {\n                sql = all;\n                all = \"\";\n            }\n\n            if (sql.startsWith(\"--#\")) {\n                max = Integer.parseInt(sql.substring(3));\n\n                continue;\n            } else if (sql.startsWith(\"--\")) {\n                continue;\n            }\n\n            g[2] = sql;\n\n            long l = 0;\n\n            try {\n                l = DatabaseManagerCommon.testStatement(sStatement, sql, max);\n                total += l;\n                g[0]  = \"\" + l;\n                g[1]  = \"\" + max;\n                g[3]  = \"\";\n            } catch (SQLException e) {\n                g[0] = g[1] = \"n/a\";\n                g[3] = e.toString();\n\n                //  Added: (weconsultants@users)\n                CommonSwing.errorMessage(e);\n            }\n\n            gResult.addRow(g);\n            System.out.println(l + \" ms : \" + sql);\n        }\n\n        g[0] = \"\" + total;\n        g[1] = \"total\";\n        g[2] = \"\";\n\n        gResult.addRow(g);\n\n        lTime = System.currentTimeMillis() - lTime;\n    }","location":{"offset":[61998,1857],"column":4,"row":1795,"file":"hsqldb-2.3.1/hsqldb/src/org/hsqldb/util/DatabaseManagerSwing.java"},"clone_class":"06a947fb-2383-4a1f-a063-ba4776542117","pairs":[{"type":3,"id":"940cac9b-c027-4ee4-8dc9-6f45915f18ca"},{"type":3,"id":"7b4d9bc8-15d5-4ba8-a5f2-510548b9ab32"}],"id":"e8857bfd-b48c-460a-8438-07261d64bd97"}]