[{"src":"|project://hsqldb-2.3.1/hsqldb/src/org/hsqldb/test/TestOdbcTypes.java|(11191,1062,<296,4>,<323,5>)","metadata":{"length":28,"sloc":28,"mass":113},"fragment":"public void testFloatSimpleRead() {\n        ResultSet rs = null;\n        Statement st = null;\n        try {\n            st = netConn.createStatement();\n            rs = st.executeQuery(\"SELECT * FROM alltypes WHERE id in (1, 2)\");\n            assertTrue(\"Got no rows with id in (1, 2)\", rs.next());\n            assertEquals(Double.class, rs.getObject(\"f\").getClass());\n            assertTrue(\"Got only one row with id in (1, 2)\", rs.next());\n            assertEquals(8.9D, rs.getDouble(\"f\"), 0D);\n            assertFalse(\"Got too many rows with id in (1, 2)\", rs.next());\n        } catch (SQLException se) {\n            junit.framework.AssertionFailedError ase\n                = new junit.framework.AssertionFailedError(se.getMessage());\n            ase.initCause(se);\n            throw ase;\n        } finally {\n            try {\n                if (rs != null) {\n                    rs.close();\n                }\n                if (st != null) {\n                    st.close();\n                }\n            } catch(Exception e) {\n            }\n        }\n    }","location":{"offset":[11191,1062],"column":4,"row":296,"file":"hsqldb-2.3.1/hsqldb/src/org/hsqldb/test/TestOdbcTypes.java"},"clone_class":"0b861857-7fc9-4a3a-8bbf-a3d01a778d14","pairs":[{"type":3,"id":"7c2396fd-5d41-49ad-9e3d-730eb40b6dd9"},{"type":3,"id":"c5fb2d16-11b8-43ac-a2fc-0e15db6e163e"},{"type":3,"id":"a7d0f8bf-9c26-4a63-9c38-1f37e866bfb3"},{"type":3,"id":"a330a49e-1417-4c86-9a7c-45afe6ae040d"},{"type":3,"id":"4ad0b880-a435-4c27-9b4a-9c6f11ace041"},{"type":3,"id":"2fe0f389-f86b-4cf0-8637-960099634cc6"}],"id":"58f5d72d-0242-4920-bce2-b78c3fc560a1"},{"src":"|project://hsqldb-2.3.1/hsqldb/src/org/hsqldb/test/TestOdbcTypes.java|(23394,1129,<623,4>,<651,5>)","metadata":{"length":29,"sloc":29,"mass":114},"fragment":"public void testTimestampWSimpleRead() {\n        ResultSet rs = null;\n        Statement st = null;\n        try {\n            st = netConn.createStatement();\n            rs = st.executeQuery(\"SELECT * FROM alltypes WHERE id in (1, 2)\");\n            assertTrue(\"Got no rows with id in (1, 2)\", rs.next());\n            assertEquals(Timestamp.class, rs.getObject(\"tsw\").getClass());\n            assertTrue(\"Got only one row with id in (1, 2)\", rs.next());\n            assertEquals(Timestamp.valueOf(\"2009-02-09 17:18:19\"),\n                    rs.getTimestamp(\"tsw\"));\n            assertFalse(\"Got too many rows with id in (1, 2)\", rs.next());\n        } catch (SQLException se) {\n            junit.framework.AssertionFailedError ase\n                = new junit.framework.AssertionFailedError(se.getMessage());\n            ase.initCause(se);\n            throw ase;\n        } finally {\n            try {\n                if (rs != null) {\n                    rs.close();\n                }\n                if (st != null) {\n                    st.close();\n                }\n            } catch(Exception e) {\n            }\n        }\n    }","location":{"offset":[23394,1129],"column":4,"row":623,"file":"hsqldb-2.3.1/hsqldb/src/org/hsqldb/test/TestOdbcTypes.java"},"clone_class":"0b861857-7fc9-4a3a-8bbf-a3d01a778d14","pairs":[{"type":3,"id":"58f5d72d-0242-4920-bce2-b78c3fc560a1"},{"type":3,"id":"c5fb2d16-11b8-43ac-a2fc-0e15db6e163e"},{"type":3,"id":"a7d0f8bf-9c26-4a63-9c38-1f37e866bfb3"},{"type":3,"id":"a330a49e-1417-4c86-9a7c-45afe6ae040d"},{"type":3,"id":"4ad0b880-a435-4c27-9b4a-9c6f11ace041"},{"type":3,"id":"2fe0f389-f86b-4cf0-8637-960099634cc6"}],"id":"7c2396fd-5d41-49ad-9e3d-730eb40b6dd9"},{"src":"|project://hsqldb-2.3.1/hsqldb/src/org/hsqldb/test/TestOdbcTypes.java|(12259,1063,<325,4>,<352,5>)","metadata":{"length":28,"sloc":28,"mass":113},"fragment":"public void testDoubleSimpleRead() {\n        ResultSet rs = null;\n        Statement st = null;\n        try {\n            st = netConn.createStatement();\n            rs = st.executeQuery(\"SELECT * FROM alltypes WHERE id in (1, 2)\");\n            assertTrue(\"Got no rows with id in (1, 2)\", rs.next());\n            assertEquals(Double.class, rs.getObject(\"r\").getClass());\n            assertTrue(\"Got only one row with id in (1, 2)\", rs.next());\n            assertEquals(9.7D, rs.getDouble(\"r\"), 0D);\n            assertFalse(\"Got too many rows with id in (1, 2)\", rs.next());\n        } catch (SQLException se) {\n            junit.framework.AssertionFailedError ase\n                = new junit.framework.AssertionFailedError(se.getMessage());\n            ase.initCause(se);\n            throw ase;\n        } finally {\n            try {\n                if (rs != null) {\n                    rs.close();\n                }\n                if (st != null) {\n                    st.close();\n                }\n            } catch(Exception e) {\n            }\n        }\n    }","location":{"offset":[12259,1063],"column":4,"row":325,"file":"hsqldb-2.3.1/hsqldb/src/org/hsqldb/test/TestOdbcTypes.java"},"clone_class":"0b861857-7fc9-4a3a-8bbf-a3d01a778d14","pairs":[{"type":3,"id":"58f5d72d-0242-4920-bce2-b78c3fc560a1"},{"type":3,"id":"7c2396fd-5d41-49ad-9e3d-730eb40b6dd9"},{"type":3,"id":"a7d0f8bf-9c26-4a63-9c38-1f37e866bfb3"},{"type":3,"id":"a330a49e-1417-4c86-9a7c-45afe6ae040d"},{"type":3,"id":"4ad0b880-a435-4c27-9b4a-9c6f11ace041"},{"type":3,"id":"2fe0f389-f86b-4cf0-8637-960099634cc6"}],"id":"c5fb2d16-11b8-43ac-a2fc-0e15db6e163e"},{"src":"|project://hsqldb-2.3.1/hsqldb/src/org/hsqldb/test/TestOdbcTypes.java|(6515,1139,<172,4>,<200,5>)","metadata":{"length":29,"sloc":28,"mass":114},"fragment":"public void testTinyIntSimpleRead() {\n        ResultSet rs = null;\n        Statement st = null;\n        try {\n            st = netConn.createStatement();\n            rs = st.executeQuery(\"SELECT * FROM alltypes WHERE id in (1, 2)\");\n            assertTrue(\"Got no rows with id in (1, 2)\", rs.next());\n            assertEquals(Integer.class, rs.getObject(\"ti\").getClass());\n            // Nb. HyperSQL purposefully returns an Integer for this type\n            assertTrue(\"Got only one row with id in (1, 2)\", rs.next());\n            assertEquals((byte) 3, rs.getByte(\"ti\"));\n            assertFalse(\"Got too many rows with id in (1, 2)\", rs.next());\n        } catch (SQLException se) {\n            junit.framework.AssertionFailedError ase\n                = new junit.framework.AssertionFailedError(se.getMessage());\n            ase.initCause(se);\n            throw ase;\n        } finally {\n            try {\n                if (rs != null) {\n                    rs.close();\n                }\n                if (st != null) {\n                    st.close();\n                }\n            } catch(Exception e) {\n            }\n        }\n    }","location":{"offset":[6515,1139],"column":4,"row":172,"file":"hsqldb-2.3.1/hsqldb/src/org/hsqldb/test/TestOdbcTypes.java"},"clone_class":"0b861857-7fc9-4a3a-8bbf-a3d01a778d14","pairs":[{"type":3,"id":"58f5d72d-0242-4920-bce2-b78c3fc560a1"},{"type":3,"id":"7c2396fd-5d41-49ad-9e3d-730eb40b6dd9"},{"type":3,"id":"c5fb2d16-11b8-43ac-a2fc-0e15db6e163e"},{"type":3,"id":"a7d0f8bf-9c26-4a63-9c38-1f37e866bfb3"},{"type":3,"id":"4ad0b880-a435-4c27-9b4a-9c6f11ace041"},{"type":3,"id":"2fe0f389-f86b-4cf0-8637-960099634cc6"}],"id":"a330a49e-1417-4c86-9a7c-45afe6ae040d"},{"src":"|project://hsqldb-2.3.1/hsqldb/src/org/hsqldb/test/TestOdbcTypes.java|(17645,1131,<471,4>,<499,5>)","metadata":{"length":29,"sloc":29,"mass":114},"fragment":"public void testDerivedStringSimpleRead() {\n        ResultSet rs = null;\n        Statement st = null;\n        try {\n            st = netConn.createStatement();\n            rs = st.executeQuery(\"SELECT i, cv || 'appendage' app, 4\\n\"\n                    + \"FROM alltypes WHERE id in (1, 2)\");\n            assertTrue(\"Got no rows with id in (1, 2)\", rs.next());\n            assertEquals(String.class, rs.getObject(\"app\").getClass());\n            assertTrue(\"Got only one row with id in (1, 2)\", rs.next());\n            assertEquals(\"cdappendage\", rs.getString(\"app\"));\n            assertFalse(\"Got too many rows with id in (1, 2)\", rs.next());\n        } catch (SQLException se) {\n            junit.framework.AssertionFailedError ase\n                = new junit.framework.AssertionFailedError(se.getMessage());\n            ase.initCause(se);\n            throw ase;\n        } finally {\n            try {\n                if (rs != null) {\n                    rs.close();\n                }\n                if (st != null) {\n                    st.close();\n                }\n            } catch(Exception e) {\n            }\n        }\n    }","location":{"offset":[17645,1131],"column":4,"row":471,"file":"hsqldb-2.3.1/hsqldb/src/org/hsqldb/test/TestOdbcTypes.java"},"clone_class":"0b861857-7fc9-4a3a-8bbf-a3d01a778d14","pairs":[{"type":3,"id":"58f5d72d-0242-4920-bce2-b78c3fc560a1"},{"type":3,"id":"7c2396fd-5d41-49ad-9e3d-730eb40b6dd9"},{"type":3,"id":"c5fb2d16-11b8-43ac-a2fc-0e15db6e163e"},{"type":3,"id":"a7d0f8bf-9c26-4a63-9c38-1f37e866bfb3"},{"type":3,"id":"a330a49e-1417-4c86-9a7c-45afe6ae040d"},{"type":3,"id":"2fe0f389-f86b-4cf0-8637-960099634cc6"}],"id":"4ad0b880-a435-4c27-9b4a-9c6f11ace041"},{"src":"|project://hsqldb-2.3.1/hsqldb/src/org/hsqldb/test/TestOdbcTypes.java|(19950,1082,<532,4>,<559,5>)","metadata":{"length":28,"sloc":28,"mass":118},"fragment":"public void testTimeSimpleRead() {\n        ResultSet rs = null;\n        Statement st = null;\n        try {\n            st = netConn.createStatement();\n            rs = st.executeQuery(\"SELECT * FROM alltypes WHERE id in (1, 2)\");\n            assertTrue(\"Got no rows with id in (1, 2)\", rs.next());\n            assertEquals(java.sql.Time.class, rs.getObject(\"t\").getClass());\n            assertTrue(\"Got only one row with id in (1, 2)\", rs.next());\n            assertEquals(Time.valueOf(\"13:14:00\"), rs.getTime(\"t\"));\n            assertFalse(\"Got too many rows with id in (1, 2)\", rs.next());\n        } catch (SQLException se) {\n            junit.framework.AssertionFailedError ase\n                = new junit.framework.AssertionFailedError(se.getMessage());\n            ase.initCause(se);\n            throw ase;\n        } finally {\n            try {\n                if (rs != null) {\n                    rs.close();\n                }\n                if (st != null) {\n                    st.close();\n                }\n            } catch(Exception e) {\n            }\n        }\n    }","location":{"offset":[19950,1082],"column":4,"row":532,"file":"hsqldb-2.3.1/hsqldb/src/org/hsqldb/test/TestOdbcTypes.java"},"clone_class":"0b861857-7fc9-4a3a-8bbf-a3d01a778d14","pairs":[{"type":3,"id":"58f5d72d-0242-4920-bce2-b78c3fc560a1"},{"type":3,"id":"7c2396fd-5d41-49ad-9e3d-730eb40b6dd9"},{"type":3,"id":"c5fb2d16-11b8-43ac-a2fc-0e15db6e163e"},{"type":3,"id":"a7d0f8bf-9c26-4a63-9c38-1f37e866bfb3"},{"type":3,"id":"a330a49e-1417-4c86-9a7c-45afe6ae040d"},{"type":3,"id":"4ad0b880-a435-4c27-9b4a-9c6f11ace041"}],"id":"2fe0f389-f86b-4cf0-8637-960099634cc6"}]