[{"src":"|project://hsqldb-2.3.1/hsqldb/src/org/hsqldb/lib/KMPSearchAlgorithm.java|(16987,323,<541,34>,<556,9>)","metadata":{"length":16,"sloc":13,"mass":51},"fragment":"{\n            if (pattern.charAt(i - 1) == pattern.charAt(j)) {\n                table[i] = j + 1;\n\n                j++;\n                i++;\n            } else if (j > 0) {\n                j = table[j];\n            } else {\n                table[i] = 0;\n\n                i++;\n\n                j = 0;\n            }\n        }","location":{"offset":[16987,323],"column":34,"row":541,"file":"hsqldb-2.3.1/hsqldb/src/org/hsqldb/lib/KMPSearchAlgorithm.java"},"clone_class":"0b9abc1a-a59e-4dd9-8c34-76e656df4402","pairs":[{"type":3,"id":"b6150b91-0df1-43f7-a440-eadcc8a6d172"}],"id":"b14a1858-eb9b-44a8-89e0-06e9947cfd41"},{"src":"|project://hsqldb-2.3.1/hsqldb/src/org/hsqldb/lib/KMPSearchAlgorithm.java|(15270,309,<467,35>,<482,9>)","metadata":{"length":16,"sloc":13,"mass":51},"fragment":"{\n            if (pattern[i - 1] == pattern[j]) {\n                table[i] = j + 1;\n\n                j++;\n                i++;\n            } else if (j > 0) {\n                j = table[j];\n            } else {\n                table[i] = 0;\n\n                i++;\n\n                j = 0;\n            }\n        }","location":{"offset":[15270,309],"column":35,"row":467,"file":"hsqldb-2.3.1/hsqldb/src/org/hsqldb/lib/KMPSearchAlgorithm.java"},"clone_class":"0b9abc1a-a59e-4dd9-8c34-76e656df4402","pairs":[{"type":3,"id":"b14a1858-eb9b-44a8-89e0-06e9947cfd41"}],"id":"b6150b91-0df1-43f7-a440-eadcc8a6d172"}]