[{"src":"|project://hsqldb-2.3.1/hsqldb/src/org/hsqldb/test/TestBench.java|(8441,524,<207,12>,<218,13>)","metadata":{"length":12,"sloc":10,"mass":61},"fragment":"if (init) {\n                System.out.println(\"Start: \" + start.toString());\n                System.out.print(\"Initializing dataset...\");\n                createDatabase(url, user, password);\n\n                double seconds = (System.currentTimeMillis() - start.getTime())\n                                 / 1000D;\n\n                System.out.println(\"done. in \" + seconds + \" seconds\\n\");\n                System.out.println(\"Complete: \"\n                                   + (new java.util.Date()).toString());\n            }","location":{"offset":[8441,524],"column":12,"row":207,"file":"hsqldb-2.3.1/hsqldb/src/org/hsqldb/test/TestBench.java"},"clone_class":"10844ec7-fee0-45ea-832d-b94a4d984f9e","pairs":[{"type":1,"id":"d18ff9c1-c788-4451-b58b-7da58663032f"}],"id":"0d57040a-322f-437e-bd24-5886baad5084"},{"src":"|project://hsqldb-2.3.1/hsqldb/src/org/hsqldb/test/JDBCBench.java|(7313,524,<191,12>,<202,13>)","metadata":{"length":12,"sloc":10,"mass":61},"fragment":"if (init) {\n                System.out.println(\"Start: \" + start.toString());\n                System.out.print(\"Initializing dataset...\");\n                createDatabase(url, user, password);\n\n                double seconds = (System.currentTimeMillis() - start.getTime())\n                                 / 1000D;\n\n                System.out.println(\"done. in \" + seconds + \" seconds\\n\");\n                System.out.println(\"Complete: \"\n                                   + (new java.util.Date()).toString());\n            }","location":{"offset":[7313,524],"column":12,"row":191,"file":"hsqldb-2.3.1/hsqldb/src/org/hsqldb/test/JDBCBench.java"},"clone_class":"10844ec7-fee0-45ea-832d-b94a4d984f9e","pairs":[{"type":1,"id":"0d57040a-322f-437e-bd24-5886baad5084"}],"id":"d18ff9c1-c788-4451-b58b-7da58663032f"}]