[{"src":"|project://hsqldb-2.3.1/hsqldb/src/org/hsqldb/index/NodeAVLDisk.java|(9897,616,<330,56>,<355,5>)","metadata":{"length":26,"sloc":18,"mass":88},"fragment":"{\n\n        NodeAVLDisk node = this;\n        RowAVLDisk  row  = this.row;\n\n        if (!row.keepInMemory(true)) {\n            row  = (RowAVLDisk) store.get(this.row, true);\n            node = (NodeAVLDisk) row.getNode(iId);\n        }\n\n        if (!row.isInMemory()) {\n            row.keepInMemory(false);\n\n            throw Error.runtimeError(ErrorCode.U_S0500, \"NodeAVLDisk\");\n        }\n\n        row.setNodesChanged();\n\n        node.iParent = n == null ? NO_POS\n                                 : (int) n.getPos();\n        node.nParent = (NodeAVLDisk) n;\n\n        row.keepInMemory(false);\n\n        return node;\n    }","location":{"offset":[9897,616],"column":56,"row":330,"file":"hsqldb-2.3.1/hsqldb/src/org/hsqldb/index/NodeAVLDisk.java"},"clone_class":"0d1097bc-a196-4120-b153-f838baab6877","pairs":[{"type":3,"id":"53148883-363e-440f-a80d-101545143a5d"}],"id":"771f33e6-4fdd-423b-a672-68af343e71a3"},{"src":"|project://hsqldb-2.3.1/hsqldb/src/org/hsqldb/index/NodeAVLDisk.java|(11679,626,<405,4>,<428,5>)","metadata":{"length":24,"sloc":17,"mass":93},"fragment":"NodeAVL setRight(PersistentStore store, NodeAVL n) {\n\n        NodeAVLDisk node = this;\n        RowAVLDisk  row  = this.row;\n\n        if (!row.keepInMemory(true)) {\n            row  = (RowAVLDisk) store.get(this.row, true);\n            node = (NodeAVLDisk) row.getNode(iId);\n        }\n\n        if (!row.isInMemory()) {\n            throw Error.runtimeError(ErrorCode.U_S0500, \"NodeAVLDisk\");\n        }\n\n        row.setNodesChanged();\n\n        node.iRight = n == null ? NO_POS\n                                : (int) n.getPos();\n        node.nRight = (NodeAVLDisk) n;\n\n        row.keepInMemory(false);\n\n        return node;\n    }","location":{"offset":[11679,626],"column":4,"row":405,"file":"hsqldb-2.3.1/hsqldb/src/org/hsqldb/index/NodeAVLDisk.java"},"clone_class":"0d1097bc-a196-4120-b153-f838baab6877","pairs":[{"type":3,"id":"771f33e6-4fdd-423b-a672-68af343e71a3"}],"id":"53148883-363e-440f-a80d-101545143a5d"}]