[{"src":"|project://hsqldb-2.3.1/hsqldb/src/org/hsqldb/persist/LobManager.java|(15877,817,<502,4>,<525,5>)","metadata":{"length":24,"sloc":18,"mass":98},"fragment":"public long createBlob(Session session, long length) {\n\n        writeLock.lock();\n\n        try {\n            Long           lobID    = getNewLobID();\n            ResultMetaData meta     = createLob.getParametersMetaData();\n            Object         params[] = new Object[meta.getColumnCount()];\n\n            params[LOB_IDS.LOB_ID]          = lobID;\n            params[LOB_IDS.LOB_LENGTH]      = ValuePool.getLong(length);\n            params[LOB_IDS.LOB_USAGE_COUNT] = ValuePool.INTEGER_0;\n            params[LOB_IDS.LOB_TYPE]        = ValuePool.getInt(Types.SQL_BLOB);\n\n            Result result = sysLobSession.executeCompiledStatement(createLob,\n                params, 0);\n\n            usageChanged = true;\n\n            return lobID.longValue();\n        } finally {\n            writeLock.unlock();\n        }\n    }","location":{"offset":[15877,817],"column":4,"row":502,"file":"hsqldb-2.3.1/hsqldb/src/org/hsqldb/persist/LobManager.java"},"clone_class":"09956d3b-ce7d-4a57-9240-858df0f7c7a8","pairs":[{"type":2,"id":"bafc693b-3b76-432f-ae4a-477cde9829ec"}],"id":"7525860f-c761-4c83-8f6b-97b610f1036d"},{"src":"|project://hsqldb-2.3.1/hsqldb/src/org/hsqldb/persist/LobManager.java|(16700,817,<527,4>,<550,5>)","metadata":{"length":24,"sloc":18,"mass":98},"fragment":"public long createClob(Session session, long length) {\n\n        writeLock.lock();\n\n        try {\n            Long           lobID    = getNewLobID();\n            ResultMetaData meta     = createLob.getParametersMetaData();\n            Object         params[] = new Object[meta.getColumnCount()];\n\n            params[LOB_IDS.LOB_ID]          = lobID;\n            params[LOB_IDS.LOB_LENGTH]      = ValuePool.getLong(length);\n            params[LOB_IDS.LOB_USAGE_COUNT] = ValuePool.INTEGER_0;\n            params[LOB_IDS.LOB_TYPE]        = ValuePool.getInt(Types.SQL_CLOB);\n\n            Result result = sysLobSession.executeCompiledStatement(createLob,\n                params, 0);\n\n            usageChanged = true;\n\n            return lobID.longValue();\n        } finally {\n            writeLock.unlock();\n        }\n    }","location":{"offset":[16700,817],"column":4,"row":527,"file":"hsqldb-2.3.1/hsqldb/src/org/hsqldb/persist/LobManager.java"},"clone_class":"09956d3b-ce7d-4a57-9240-858df0f7c7a8","pairs":[{"type":2,"id":"7525860f-c761-4c83-8f6b-97b610f1036d"}],"id":"bafc693b-3b76-432f-ae4a-477cde9829ec"}]