[{"src":"|project://hsqldb-2.3.1/hsqldb/src/org/hsqldb/jdbc/JDBCPreparedStatement.java|(179623,633,<4389,41>,<4410,9>)","metadata":{"length":22,"sloc":15,"mass":78},"fragment":"{\n            JDBCBlobClient blob = (JDBCBlobClient) o;\n\n            if (!blob.session.getDatabaseUniqueName().equals(\n                    session.getDatabaseUniqueName())) {\n                streamLength = blob.length();\n\n                InputStream is = blob.getBinaryStream();\n\n                parameterValues[i - 1] = is;\n                streamLengths[i - 1]   = streamLength;\n                parameterSet[i - 1]    = Boolean.FALSE;\n\n                return;\n            }\n\n            // in the same database\n            parameterValues[i - 1] = o;\n            parameterSet[i - 1]    = Boolean.TRUE;\n\n            return;\n        }","location":{"offset":[179623,633],"column":41,"row":4389,"file":"hsqldb-2.3.1/hsqldb/src/org/hsqldb/jdbc/JDBCPreparedStatement.java"},"clone_class":"0c893a9c-217b-43bc-94b3-5d6ca55b0045","pairs":[{"type":2,"id":"35fb3312-4c42-4869-bfd8-0fb47873a0fb"}],"id":"6d286ca5-113c-4424-81f8-0e1062cbba3e"},{"src":"|project://hsqldb-2.3.1/hsqldb/src/org/hsqldb/jdbc/JDBCPreparedStatement.java|(177528,594,<4321,41>,<4340,9>)","metadata":{"length":20,"sloc":15,"mass":78},"fragment":"{\n            JDBCClobClient clob = (JDBCClobClient) o;\n\n            if (!clob.session.getDatabaseUniqueName().equals(\n                    session.getDatabaseUniqueName())) {\n                streamLength = clob.length();\n\n                Reader is = clob.getCharacterStream();\n\n                parameterValues[i - 1] = is;\n                streamLengths[i - 1]   = streamLength;\n                parameterSet[i - 1]    = Boolean.FALSE;\n\n                return;\n            }\n            parameterValues[i - 1] = o;\n            parameterSet[i - 1]    = Boolean.TRUE;\n\n            return;\n        }","location":{"offset":[177528,594],"column":41,"row":4321,"file":"hsqldb-2.3.1/hsqldb/src/org/hsqldb/jdbc/JDBCPreparedStatement.java"},"clone_class":"0c893a9c-217b-43bc-94b3-5d6ca55b0045","pairs":[{"type":2,"id":"6d286ca5-113c-4424-81f8-0e1062cbba3e"}],"id":"35fb3312-4c42-4869-bfd8-0fb47873a0fb"}]