[{"src":"|project://hsqldb-2.3.1/hsqldb/src/org/hsqldb/index/NodeAVLDiskLarge.java|(7031,562,<260,4>,<279,5>)","metadata":{"length":20,"sloc":15,"mass":86},"fragment":"boolean isFromLeft(PersistentStore store) {\n\n        NodeAVLDiskLarge node = this;\n        RowAVLDisk  row  = this.row;\n\n        if (!row.isInMemory()) {\n            row  = (RowAVLDisk) store.get(this.row, false);\n            node = (NodeAVLDiskLarge) row.getNode(iId);\n        }\n\n        if (node.iParent == NO_POS) {\n            return true;\n        }\n\n        if (node.nParent == null || !node.nParent.isInMemory()) {\n            node.nParent = findNode(store, iParent);\n        }\n\n        return row.getPos() == ((NodeAVLDiskLarge) node.nParent).iLeft;\n    }","location":{"offset":[7031,562],"column":4,"row":260,"file":"hsqldb-2.3.1/hsqldb/src/org/hsqldb/index/NodeAVLDiskLarge.java"},"clone_class":"0f53518d-c2d9-417b-91c6-5b2fca63cf7d","pairs":[{"type":2,"id":"e3aa6fc5-d931-4e34-a839-b4bdbe829850"}],"id":"ebdefd67-012e-4b20-85c2-e11ea889f97f"},{"src":"|project://hsqldb-2.3.1/hsqldb/src/org/hsqldb/index/NodeAVLDisk.java|(9139,547,<304,4>,<323,5>)","metadata":{"length":20,"sloc":15,"mass":86},"fragment":"boolean isFromLeft(PersistentStore store) {\n\n        NodeAVLDisk node = this;\n        RowAVLDisk  row  = this.row;\n\n        if (!row.isInMemory()) {\n            row  = (RowAVLDisk) store.get(this.row, false);\n            node = (NodeAVLDisk) row.getNode(iId);\n        }\n\n        if (node.iParent == NO_POS) {\n            return true;\n        }\n\n        if (node.nParent == null || !node.nParent.isInMemory()) {\n            node.nParent = findNode(store, iParent);\n        }\n\n        return row.getPos() == ((NodeAVLDisk) node.nParent).iLeft;\n    }","location":{"offset":[9139,547],"column":4,"row":304,"file":"hsqldb-2.3.1/hsqldb/src/org/hsqldb/index/NodeAVLDisk.java"},"clone_class":"0f53518d-c2d9-417b-91c6-5b2fca63cf7d","pairs":[{"type":2,"id":"ebdefd67-012e-4b20-85c2-e11ea889f97f"}],"id":"e3aa6fc5-d931-4e34-a839-b4bdbe829850"}]