[{"src":"|project://hsqldb-2.3.1/hsqldb/src/org/hsqldb/ParserDDL.java|(67215,1395,<2182,57>,<2215,21>)","metadata":{"length":34,"sloc":26,"mass":119},"fragment":"{\n                        if (Boolean.TRUE.equals(isForEachRow)\n                                || newTableName != null\n                                || beforeOrAfterType == TriggerDef.BEFORE) {\n                            throw unexpectedToken();\n                        }\n\n                        read();\n                        readIfThis(Tokens.AS);\n                        checkIsSimpleName();\n\n                        newTableName = token.tokenString;\n\n                        read();\n\n                        isForEachRow = Boolean.FALSE;\n\n                        String n = newTableName;\n\n                        if (n.equals(oldTableName) || n.equals(oldRowName)\n                                || n.equals(newRowName)) {\n                            throw unexpectedToken();\n                        }\n\n                        HsqlName hsqlName = database.nameManager.newHsqlName(\n                            table.getSchemaName(), n, isDelimitedIdentifier(),\n                            SchemaObject.TRANSITION);\n                        Table transition = new Table(table, hsqlName);\n                        RangeVariable range = new RangeVariable(transition,\n                            null, null, null, compileContext);\n\n                        transitions[TriggerDef.NEW_TABLE] = transition;\n                        rangeVars[TriggerDef.NEW_TABLE]   = range;\n                    }","location":{"offset":[67215,1395],"column":57,"row":2182,"file":"hsqldb-2.3.1/hsqldb/src/org/hsqldb/ParserDDL.java"},"clone_class":"0801f6f3-5ac8-477e-8323-db2bbd989e1d","pairs":[{"type":3,"id":"d5862a70-7f9f-4377-80b1-93e51f9b7211"}],"id":"ea7eee2c-afef-475c-9975-1cd4896a096c"},{"src":"|project://hsqldb-2.3.1/hsqldb/src/org/hsqldb/ParserDDL.java|(64196,1394,<2110,57>,<2142,21>)","metadata":{"length":33,"sloc":26,"mass":119},"fragment":"{\n                        if (Boolean.TRUE.equals(isForEachRow)\n                                || oldTableName != null\n                                || beforeOrAfterType == TriggerDef.BEFORE) {\n                            throw unexpectedToken();\n                        }\n\n                        read();\n                        readIfThis(Tokens.AS);\n                        checkIsSimpleName();\n                        read();\n\n                        oldTableName = token.tokenString;\n\n                        String n = oldTableName;\n\n                        if (n.equals(newTableName) || n.equals(oldRowName)\n                                || n.equals(newRowName)) {\n                            throw unexpectedToken();\n                        }\n\n                        isForEachRow = Boolean.FALSE;\n\n                        HsqlName hsqlName = database.nameManager.newHsqlName(\n                            table.getSchemaName(), n, isDelimitedIdentifier(),\n                            SchemaObject.TRANSITION);\n                        Table transition = new Table(table, hsqlName);\n                        RangeVariable range = new RangeVariable(transition,\n                            null, null, null, compileContext);\n\n                        transitions[TriggerDef.OLD_TABLE] = transition;\n                        rangeVars[TriggerDef.OLD_TABLE]   = range;\n                    }","location":{"offset":[64196,1394],"column":57,"row":2110,"file":"hsqldb-2.3.1/hsqldb/src/org/hsqldb/ParserDDL.java"},"clone_class":"0801f6f3-5ac8-477e-8323-db2bbd989e1d","pairs":[{"type":3,"id":"ea7eee2c-afef-475c-9975-1cd4896a096c"}],"id":"d5862a70-7f9f-4377-80b1-93e51f9b7211"}]