[{"src":"|project://hsqldb-2.3.1/hsqldb/src/org/hsqldb/test/TestCacheSize.java|(30955,1489,<927,4>,<969,5>)","metadata":{"length":43,"sloc":32,"mass":198},"fragment":"void deleteZipTable() {\n\n        StopWatch        sw        = new StopWatch();\n        java.util.Random randomgen = new java.util.Random();\n        int              i         = 0;\n        boolean          slow      = false;\n        int              count     = 0;\n        int              random    = 0;\n\n        try {\n            PreparedStatement ps =\n                cConnection.prepareStatement(\"DELETE FROM zip WHERE zip = ?\");\n\n            for (i = 0; i <= smallrows; i++) {\n\n//                random = randomgen.nextInt(smallrows - 1);\n                random = i;\n\n                ps.setInt(1, random);\n\n                count += ps.executeUpdate();\n\n                if (reportProgress && (i + 1) % 10000 == 0\n                        || (slow && (i + 1) % 100 == 0)) {\n                    System.out.println(\"delete \" + (i + 1) + \" : \"\n                                       + sw.elapsedTime() + \" rps: \"\n                                       + (i * 1000 / (sw.elapsedTime() + 1)));\n                }\n            }\n\n            ps.close();\n        } catch (SQLException e) {\n            System.out.println(\"error : \" + random);\n            e.printStackTrace();\n        }\n\n        long time = sw.elapsedTime();\n        long rate = ((long) count * 1000) / (time + 1);\n\n        storeResult(\"delete with random zip\", count, time, rate);\n        System.out.println(\"delete time for random zip \" + count\n                           + \" rows  -- \" + time + \" ms -- \" + rate + \" tps\");\n    }","location":{"offset":[30955,1489],"column":4,"row":927,"file":"hsqldb-2.3.1/hsqldb/src/org/hsqldb/test/TestCacheSize.java"},"clone_class":"02adc564-f5dc-4eff-ad60-e442c5899696","pairs":[{"type":3,"id":"19edc645-a3ab-490d-99fe-99238d2ea459"},{"type":3,"id":"03b3dc56-4154-4090-be60-44ab9a3294b9"},{"type":3,"id":"eb90a1cc-255a-490f-bdab-5651f7708253"},{"type":3,"id":"3fb1afc8-9470-474a-8e30-a869d18a46af"}],"id":"95320d32-d5c0-46d6-8974-9b01951d09e6"},{"src":"|project://hsqldb-2.3.1/hsqldb/src/org/hsqldb/test/TestCacheSize.java|(29251,1698,<876,4>,<925,5>)","metadata":{"length":50,"sloc":32,"mass":198},"fragment":"void deleteTest() {\n\n        StopWatch        sw        = new StopWatch();\n        java.util.Random randomgen = new java.util.Random();\n        int              i         = 0;\n        boolean          slow      = false;\n        int              count     = 0;\n        int              random    = 0;\n\n        try {\n            PreparedStatement ps =\n                cConnection.prepareStatement(\"DELETE FROM test WHERE id = ?\");\n\n            for (i = 0; count < smallops; i++) {\n                random = nextIntRandom(randomgen, bigrows);\n\n//                random = i;\n                ps.setInt(1, random);\n\n                count += ps.executeUpdate();\n\n/*\n                if ((i + 1) % 10000 == 0) {\n                    Statement st = cConnection.createStatement();\n\n                    st.execute(\"CHECKPOINT DEFRAG\");\n                    st.close();\n                }\n*/\n                if (reportProgress && (i + 1) % 10000 == 0\n                        || (slow && (i + 1) % 100 == 0)) {\n                    System.out.println(\"delete \" + (i + 1) + \" : \"\n                                       + sw.elapsedTime() + \" rps: \"\n                                       + (i * 1000 / (sw.elapsedTime() + 1)));\n                }\n            }\n\n            ps.close();\n        } catch (SQLException e) {\n            System.out.println(\"error : \" + random);\n            e.printStackTrace();\n        }\n\n        long time = sw.elapsedTime();\n        long rate = (count * 1000) / (time + 1);\n\n        storeResult(\"delete with random id\", count, time, rate);\n        System.out.println(\"delete time for random id \" + count + \" rows  -- \"\n                           + time + \" ms -- \" + rate + \" tps\");\n    }","location":{"offset":[29251,1698],"column":4,"row":876,"file":"hsqldb-2.3.1/hsqldb/src/org/hsqldb/test/TestCacheSize.java"},"clone_class":"02adc564-f5dc-4eff-ad60-e442c5899696","pairs":[{"type":3,"id":"95320d32-d5c0-46d6-8974-9b01951d09e6"},{"type":3,"id":"03b3dc56-4154-4090-be60-44ab9a3294b9"},{"type":3,"id":"eb90a1cc-255a-490f-bdab-5651f7708253"},{"type":3,"id":"3fb1afc8-9470-474a-8e30-a869d18a46af"}],"id":"19edc645-a3ab-490d-99fe-99238d2ea459"},{"src":"|project://hsqldb-2.3.1/hsqldb/src/org/hsqldb/test/TestCacheSize.java|(24639,1473,<746,4>,<786,5>)","metadata":{"length":41,"sloc":33,"mass":200},"fragment":"void updateID() {\n\n        StopWatch        sw        = new StopWatch();\n        java.util.Random randomgen = new java.util.Random();\n        int              i         = 0;\n        boolean          slow      = false;\n        int              count     = 0;\n        int              random    = 0;\n\n        try {\n            PreparedStatement ps = cConnection.prepareStatement(\n                \"UPDATE test SET zip = zip + 1 WHERE id = ? and zip <> \"\n                + smallrows);\n\n            for (i = 0; i < smallops; i++) {\n                random = nextIntRandom(randomgen, bigrows - 1);\n\n                ps.setInt(1, random);\n                ps.execute();\n\n                if (reportProgress && (i + 1) % 10000 == 0\n                        || (slow && (i + 1) % 100 == 0)) {\n                    System.out.println(\"Update \" + (i + 1) + \" : \"\n                                       + sw.elapsedTime() + \" rps: \"\n                                       + (i * 1000 / (sw.elapsedTime() + 1)));\n                }\n            }\n\n            ps.close();\n        } catch (SQLException e) {\n            System.out.println(\"error : \" + random);\n            e.printStackTrace();\n        }\n\n        long time = sw.elapsedTime();\n        long rate = (i * 1000) / (time + 1);\n\n        storeResult(\"update with random id\", i, time, rate);\n        System.out.println(\"update time with random id \" + i + \" rows  -- \"\n                           + time + \" ms -- \" + rate + \" tps\");\n    }","location":{"offset":[24639,1473],"column":4,"row":746,"file":"hsqldb-2.3.1/hsqldb/src/org/hsqldb/test/TestCacheSize.java"},"clone_class":"02adc564-f5dc-4eff-ad60-e442c5899696","pairs":[{"type":3,"id":"95320d32-d5c0-46d6-8974-9b01951d09e6"},{"type":3,"id":"19edc645-a3ab-490d-99fe-99238d2ea459"},{"type":3,"id":"03b3dc56-4154-4090-be60-44ab9a3294b9"},{"type":3,"id":"3fb1afc8-9470-474a-8e30-a869d18a46af"}],"id":"eb90a1cc-255a-490f-bdab-5651f7708253"}]