[{"src":"|project://hsqldb-2.3.1/hsqldb/src/org/hsqldb/scriptio/ScriptWriterText.java|(7169,488,<202,57>,<216,5>)","metadata":{"length":15,"sloc":13,"mass":53},"fragment":"{\n\n        schemaToLog = table.getName().schema;\n\n        writeSessionIdAndSchema(session);\n        rowOut.reset();\n        ((RowOutputTextLog) rowOut).setMode(RowOutputTextLog.MODE_INSERT);\n        rowOut.write(BYTES_INSERT_INTO);\n        rowOut.writeString(table.getName().statementName);\n        rowOut.write(BYTES_VALUES);\n        rowOut.writeData(row, table.getColumnTypes());\n        rowOut.write(BYTES_TERM);\n        rowOut.write(BYTES_LINE_SEP);\n        writeRowOutToFile();\n    }","location":{"offset":[7169,488],"column":57,"row":202,"file":"hsqldb-2.3.1/hsqldb/src/org/hsqldb/scriptio/ScriptWriterText.java"},"clone_class":"0d492802-a0bb-4209-afdc-56f7d49497a7","pairs":[{"type":3,"id":"8fdd8a16-b170-4945-82f9-d9c77aee8388"}],"id":"2a293ba3-0619-42e3-b435-7281c1b70392"},{"src":"|project://hsqldb-2.3.1/hsqldb/src/org/hsqldb/scriptio/ScriptWriterText.java|(8639,544,<254,71>,<268,5>)","metadata":{"length":15,"sloc":13,"mass":56},"fragment":"{\n\n        schemaToLog = table.getName().schema;\n\n        writeSessionIdAndSchema(session);\n        rowOut.reset();\n        ((RowOutputTextLog) rowOut).setMode(RowOutputTextLog.MODE_DELETE);\n        rowOut.write(BYTES_DELETE_FROM);\n        rowOut.writeString(table.getName().statementName);\n        rowOut.write(BYTES_WHERE);\n        rowOut.writeData(table.getColumnCount(), table.getColumnTypes(), data,\n                         table.columnList, table.getPrimaryKey());\n        rowOut.write(BYTES_LINE_SEP);\n        writeRowOutToFile();\n    }","location":{"offset":[8639,544],"column":71,"row":254,"file":"hsqldb-2.3.1/hsqldb/src/org/hsqldb/scriptio/ScriptWriterText.java"},"clone_class":"0d492802-a0bb-4209-afdc-56f7d49497a7","pairs":[{"type":3,"id":"2a293ba3-0619-42e3-b435-7281c1b70392"}],"id":"8fdd8a16-b170-4945-82f9-d9c77aee8388"}]