[{"src":"|project://hsqldb-2.3.1/hsqldb/src/org/hsqldb/dbinfo/DatabaseInformationFull.java|(98299,1274,<2723,23>,<2746,17>)","metadata":{"length":24,"sloc":24,"mass":125},"fragment":"if (type.isDateTimeType()) {\n                    row[datetime_precision] = ValuePool.getLong(type.scale);\n                } else if (type.isIntervalType()) {\n                    row[data_type] = \"INTERVAL\";\n                    row[interval_type] =\n                        ((IntervalType) type).getQualifier(type.typeCode);\n                    row[interval_precision] =\n                        ValuePool.getLong(type.precision);\n                    row[datetime_precision] = ValuePool.getLong(type.scale);\n                } else if (type.isBinaryType()) {\n                    row[character_maximum_length] =\n                        ValuePool.getLong(type.precision);\n                    row[character_octet_length] =\n                        ValuePool.getLong(type.precision);\n                } else if (type.isBitType()) {\n                    row[character_maximum_length] =\n                        ValuePool.getLong(type.precision);\n                    row[character_octet_length] =\n                        ValuePool.getLong(type.precision);\n                } else if (type.isArrayType()) {\n                    row[maximum_cardinality] =\n                        ValuePool.getLong(type.arrayLimitCardinality());\n                    row[data_type] = \"ARRAY\";\n                }","location":{"offset":[98299,1274],"column":23,"row":2723,"file":"hsqldb-2.3.1/hsqldb/src/org/hsqldb/dbinfo/DatabaseInformationFull.java"},"clone_class":"101d36ed-da86-4c09-8520-7fa8b7917074","pairs":[{"type":3,"id":"12272d53-e136-4ded-bd7d-1d677ca0599c"}],"id":"55466053-2cbe-4d97-9fe6-ff9cf9886a9b"},{"src":"|project://hsqldb-2.3.1/hsqldb/src/org/hsqldb/dbinfo/DatabaseInformationFull.java|(141699,1035,<3812,15>,<3832,9>)","metadata":{"length":21,"sloc":19,"mass":123},"fragment":"if (type.isBooleanType()) {\n\n            //\n        } else if (type.isDateTimeType()) {\n            row[datetime_precision] = ValuePool.getLong(type.scale);\n        } else if (type.isIntervalType()) {\n            row[data_type] = \"INTERVAL\";\n            row[interval_type] =\n                ((IntervalType) type).getQualifier(type.typeCode);\n            row[interval_precision] = ValuePool.getLong(type.precision);\n            row[datetime_precision] = ValuePool.getLong(type.scale);\n        } else if (type.isBinaryType()) {\n            row[character_maximum_length] = ValuePool.getLong(type.precision);\n            row[character_octet_length]   = ValuePool.getLong(type.precision);\n        } else if (type.isBitType()) {\n            row[character_maximum_length] = ValuePool.getLong(type.precision);\n            row[character_octet_length]   = ValuePool.getLong(type.precision);\n        } else if (type.isArrayType()) {\n            row[maximum_cardinality] =\n                ValuePool.getLong(type.arrayLimitCardinality());\n        }","location":{"offset":[141699,1035],"column":15,"row":3812,"file":"hsqldb-2.3.1/hsqldb/src/org/hsqldb/dbinfo/DatabaseInformationFull.java"},"clone_class":"101d36ed-da86-4c09-8520-7fa8b7917074","pairs":[{"type":3,"id":"55466053-2cbe-4d97-9fe6-ff9cf9886a9b"}],"id":"12272d53-e136-4ded-bd7d-1d677ca0599c"}]