[{"src":"|project://smallsql0.21_src/src/smallsql/junit/TestResultSet.java|(2097,1852,<66,4>,<108,5>)","metadata":{"length":43,"sloc":36,"mass":188},"fragment":"public void testScrollStates() throws Exception{\r\n        Connection con = AllTests.getConnection();\r\n        Statement st = con.createStatement(ResultSet.TYPE_SCROLL_SENSITIVE, ResultSet.CONCUR_UPDATABLE);\r\n        ResultSet rs = st.executeQuery(\"Select * From ResultSet Where 1=0\");\r\n        \r\n        assertTrue(\"isBeforeFirst\", rs.isBeforeFirst() );\r\n        assertTrue(\"isAfterLast\", rs.isAfterLast() );\r\n        assertEquals(\"getRow\", 0, rs.getRow() );\r\n        \r\n        rs.moveToInsertRow();\r\n        rs.insertRow();\r\n        \r\n        rs.beforeFirst();\r\n        assertTrue(\"isBeforeFirst\", rs.isBeforeFirst() );\r\n        assertFalse(\"isAfterLast\", rs.isAfterLast() );\r\n        assertEquals(\"getRow\", 0, rs.getRow() );\r\n        assertTrue(\"next\", rs.next() );\r\n        assertTrue(\"isFirst\", rs.isFirst() );\r\n        assertTrue(\"rowInserted\", rs.rowInserted() );\r\n        assertEquals(\"getRow\", 1, rs.getRow() );\r\n        assertTrue(\"isLast\", rs.isLast() );\r\n        assertFalse(\"next\", rs.next() );\r\n        assertFalse(\"isBeforeFirst\", rs.isBeforeFirst() );\r\n        assertTrue(\"isAfterLast\", rs.isAfterLast() );\r\n        assertEquals(\"getRow\", 0, rs.getRow() );\r\n        \r\n        assertTrue(\"first\", rs.first() );\r\n        assertEquals(\"getRow\", 1, rs.getRow() );\r\n        \r\n        assertFalse(\"previous\", rs.previous() );\r\n        assertEquals(\"getRow\", 0, rs.getRow() );\r\n        assertTrue(\"isBeforeFirst\", rs.isBeforeFirst() );\r\n        assertFalse(\"isAfterLast\", rs.isAfterLast() );\r\n        \r\n        assertTrue(\"last\", rs.last() );\r\n        assertEquals(\"getRow\", 1, rs.getRow() );\r\n        assertTrue(\"isLast\", rs.isLast() );\r\n        \r\n        rs.afterLast();\r\n        assertFalse(\"isBeforeFirst\", rs.isBeforeFirst() );\r\n        assertTrue(\"isAfterLast\", rs.isAfterLast() );\r\n        assertEquals(\"getRow\", 0, rs.getRow() );\r\n    }","location":{"offset":[2097,1852],"column":4,"row":66,"file":"smallsql0.21_src/src/smallsql/junit/TestResultSet.java"},"clone_class":"6cb22479-4583-4aaa-afea-c7c33b282a42","pairs":[{"type":3,"id":"8afd412b-54b3-4859-9456-25a0dbff50ab"}],"id":"01c78679-54cc-48fc-ac7f-9ae1d5ac99f5"},{"src":"|project://smallsql0.21_src/src/smallsql/junit/TestResultSet.java|(3963,1903,<111,4>,<151,5>)","metadata":{"length":41,"sloc":35,"mass":190},"fragment":"public void testScrollStatesGroupBy() throws Exception{\r\n        Connection con = AllTests.getConnection();\r\n        Statement st = con.createStatement(ResultSet.TYPE_SCROLL_SENSITIVE, ResultSet.CONCUR_UPDATABLE);\r\n        ResultSet rs = st.executeQuery(\"Select i,max(c) From ResultSet Group By i HAVING i=1\");\r\n        \r\n        assertEquals(\"getConcurrency\",ResultSet.CONCUR_READ_ONLY, rs.getConcurrency());\r\n        assertTrue(\"isBeforeFirst\", rs.isBeforeFirst() );\r\n        assertFalse(\"isAfterLast\", rs.isAfterLast() );\r\n        assertEquals(\"getRow\", 0, rs.getRow() );\r\n        \r\n        rs.beforeFirst();\r\n        assertTrue(\"isBeforeFirst\", rs.isBeforeFirst() );\r\n        assertFalse(\"isAfterLast\", rs.isAfterLast() );\r\n        assertEquals(\"getRow\", 0, rs.getRow() );\r\n        assertTrue(\"next\", rs.next() );\r\n        assertTrue(\"isFirst\", rs.isFirst() );\r\n        assertFalse(\"rowInserted\", rs.rowInserted() );\r\n        assertEquals(\"getRow\", 1, rs.getRow() );\r\n        assertTrue(\"isLast\", rs.isLast() );\r\n        assertFalse(\"next\", rs.next() );\r\n        assertFalse(\"isBeforeFirst\", rs.isBeforeFirst() );\r\n        assertTrue(\"isAfterLast\", rs.isAfterLast() );\r\n        assertEquals(\"getRow\", 0, rs.getRow() );\r\n        \r\n        assertTrue(\"first\", rs.first() );\r\n        assertEquals(\"getRow\", 1, rs.getRow() );\r\n        \r\n        assertFalse(\"previous\", rs.previous() );\r\n        assertEquals(\"getRow\", 0, rs.getRow() );\r\n        assertTrue(\"isBeforeFirst\", rs.isBeforeFirst() );\r\n        assertFalse(\"isAfterLast\", rs.isAfterLast() );\r\n        \r\n        assertTrue(\"last\", rs.last() );\r\n        assertEquals(\"getRow\", 1, rs.getRow() );\r\n        assertTrue(\"isLast\", rs.isLast() );\r\n        \r\n        rs.afterLast();\r\n        assertFalse(\"isBeforeFirst\", rs.isBeforeFirst() );\r\n        assertTrue(\"isAfterLast\", rs.isAfterLast() );\r\n        assertEquals(\"getRow\", 0, rs.getRow() );\r\n    }","location":{"offset":[3963,1903],"column":4,"row":111,"file":"smallsql0.21_src/src/smallsql/junit/TestResultSet.java"},"clone_class":"6cb22479-4583-4aaa-afea-c7c33b282a42","pairs":[{"type":3,"id":"01c78679-54cc-48fc-ac7f-9ae1d5ac99f5"}],"id":"8afd412b-54b3-4859-9456-25a0dbff50ab"}]