[{"src":"|project://smallsql0.21_src/src/smallsql/junit/TestOrderBy.java|(9182,647,<329,1>,<352,2>)","metadata":{"length":24,"sloc":20,"mass":107},"fragment":"public void testOrderBy_int() throws Exception{\r\n\t\tinit();\r\n\t\tConnection con = AllTests.getConnection();\r\n\t\tStatement st = con.createStatement();\r\n\t\tResultSet rs;\r\n\t\tInteger oldValue;\r\n\t\t\r\n\t\trs = st.executeQuery(\"SELECT * FROM \" + table1 + \" ORDER  by i\");\r\n\t\t\r\n\t\tassertTrue( rs.next() );\r\n\t\t\r\n\t\toldValue = (Integer)rs.getObject(\"i\");\r\n\t\tassertNull(oldValue);\r\n\t\tassertTrue( rs.next() );\r\n\t\toldValue = (Integer)rs.getObject(\"i\");\r\n\t\t\r\n\t\tint count = 1;\r\n\t\twhile(rs.next()){\r\n\t\t\tassertTrue( oldValue.compareTo( (Integer)rs.getObject(\"i\") ) < 0 );\r\n\t\t\toldValue = (Integer)rs.getObject(\"i\");\r\n\t\t\tcount++;\r\n\t\t}\r\n\t\tassertEquals( valueCount, count );\r\n\t}","location":{"offset":[9182,647],"column":1,"row":329,"file":"smallsql0.21_src/src/smallsql/junit/TestOrderBy.java"},"clone_class":"b50de056-94b5-4108-8641-b204d6af0048","pairs":[{"type":3,"id":"3328129a-95f8-4e4b-b478-8d8d278c2aa6"},{"type":3,"id":"8c0ac809-d9e8-4ad1-b296-68dfe2687447"}],"id":"984308ff-c2d2-4391-9b4f-f000f4c9918c"},{"src":"|project://smallsql0.21_src/src/smallsql/junit/TestOrderBy.java|(14569,713,<545,1>,<569,2>)","metadata":{"length":25,"sloc":21,"mass":113},"fragment":"public void test_bigint_withDoublicateValues() throws Exception{\r\n\t\tinit();\r\n\t\tConnection con = AllTests.getConnection();\r\n\t\tStatement st = con.createStatement();\r\n\t\tResultSet rs;\r\n\t\tLong oldValue;\r\n\t\t\r\n\t\trs = st.executeQuery(\"SELECT bi/2 bi_2 FROM \" + table1 + \" ORDER  by (bi/2)\");\r\n\t\t\r\n\t\tassertTrue( rs.next() );\r\n\t\t\r\n\t\toldValue = (Long)rs.getObject(\"bi_2\");\r\n\t\tassertNull(oldValue);\r\n\t\tassertTrue( rs.next() );\r\n\t\toldValue = (Long)rs.getObject(\"bi_2\");\r\n\t\t\r\n\t\tint count = 1;\r\n\t\twhile(rs.next()){\r\n\t\t\tLong newValue = (Long)rs.getObject(\"bi_2\");\r\n\t\t\tassertTrue( oldValue + \"<=\"+newValue, oldValue.compareTo( newValue ) <= 0 );\r\n\t\t\toldValue = newValue;\r\n\t\t\tcount++;\r\n\t\t}\r\n\t\tassertEquals( valueCount, count );\r\n\t}","location":{"offset":[14569,713],"column":1,"row":545,"file":"smallsql0.21_src/src/smallsql/junit/TestOrderBy.java"},"clone_class":"b50de056-94b5-4108-8641-b204d6af0048","pairs":[{"type":3,"id":"984308ff-c2d2-4391-9b4f-f000f4c9918c"},{"type":3,"id":"8c0ac809-d9e8-4ad1-b296-68dfe2687447"}],"id":"3328129a-95f8-4e4b-b478-8d8d278c2aa6"}]