[{"src":"|project://smallsql0.21_src/src/smallsql/database/ExpressionValue.java|(13227,665,<400,69>,<417,5>)","metadata":{"length":18,"sloc":18,"mass":76},"fragment":"{\r\n        if(obj == null) return false;\r\n        switch(dataType){\r\n            case SQLTokenizer.BIT:\r\n            case SQLTokenizer.BOOLEAN:\r\n                return (obj.equals(Boolean.TRUE));\r\n            case SQLTokenizer.TINYINT:\r\n            case SQLTokenizer.SMALLINT:\r\n            case SQLTokenizer.INT:\r\n            case SQLTokenizer.BIGINT:\r\n                return ((Number)obj).intValue() != 0;\r\n            case SQLTokenizer.REAL:\r\n            case SQLTokenizer.DOUBLE:\r\n            case SQLTokenizer.MONEY:\r\n                return ((Number)obj).doubleValue() != 0;\r\n            default: return Utils.string2boolean( obj.toString() );\r\n        }\r\n    }","location":{"offset":[13227,665],"column":69,"row":400,"file":"smallsql0.21_src/src/smallsql/database/ExpressionValue.java"},"clone_class":"23ebab5d-4f6c-44c5-bc0b-eb8def4a2785","pairs":[{"type":3,"id":"4800064e-2647-4049-a835-749c61107ed1"}],"id":"f0740841-8058-448b-bd91-470bf4495f17"},{"src":"|project://smallsql0.21_src/src/smallsql/database/ExpressionValue.java|(17277,620,<517,67>,<534,5>)","metadata":{"length":18,"sloc":18,"mass":75},"fragment":"{\r\n        if(obj == null) return 0;\r\n        switch(dataType){\r\n            case SQLTokenizer.BIT:\r\n                return (obj.equals(Boolean.TRUE)) ? 1 : 0;\r\n            case SQLTokenizer.INT:\r\n            case SQLTokenizer.BIGINT:\r\n            case SQLTokenizer.DOUBLE:\r\n            case SQLTokenizer.MONEY:\r\n                return ((Number)obj).doubleValue();\r\n\t\t\tcase SQLTokenizer.TIMESTAMP:\r\n\t\t\tcase SQLTokenizer.TIME:\r\n\t\t\tcase SQLTokenizer.DATE:\r\n\t\t\tcase SQLTokenizer.SMALLDATETIME:\r\n\t\t\t\treturn ((DateTime)obj).getTimeMillis();\r\n            default: return Double.parseDouble( obj.toString() );\r\n        }\r\n    }","location":{"offset":[17277,620],"column":67,"row":517,"file":"smallsql0.21_src/src/smallsql/database/ExpressionValue.java"},"clone_class":"23ebab5d-4f6c-44c5-bc0b-eb8def4a2785","pairs":[{"type":3,"id":"f0740841-8058-448b-bd91-470bf4495f17"}],"id":"4800064e-2647-4049-a835-749c61107ed1"}]