[{"src":"|project://smallsql0.21_src/src/smallsql/junit/TestOrderBy.java|(5916,667,<198,1>,<223,2>)","metadata":{"length":26,"sloc":22,"mass":102},"fragment":"public void testOrderBy_varchar_desc() throws Exception{\r\n\t\tinit();\r\n\t\tConnection con = AllTests.getConnection();\r\n\t\tStatement st = con.createStatement();\r\n\t\tResultSet rs;\r\n\t\tString oldValue;\r\n\t\t\r\n\t\trs = st.executeQuery(\"SELECT * FROM \" + table1 + \" ORDER  by v desc\");\r\n\t\t\r\n\t\tassertTrue( rs.next() );\r\n\t\toldValue = rs.getString(\"v\");\r\n\t\t\r\n\t\tint count = 1;\r\n\t\twhile(oldValue != null && rs.next()){\r\n\t\t\tString newValue = rs.getString(\"v\");\r\n\t\t\tif(newValue != null){\r\n\t\t\t\tassertTrue( oldValue.compareTo( newValue ) > 0 );\r\n\t\t\t\tcount++;\r\n\t\t\t}\r\n\t\t\toldValue = newValue;\r\n\t\t}\r\n\t\tassertNull(oldValue);\r\n\t\tassertFalse( rs.next() );\r\n\r\n\t\tassertEquals( valueCount, count );\r\n\t}","location":{"offset":[5916,667],"column":1,"row":198,"file":"smallsql0.21_src/src/smallsql/junit/TestOrderBy.java"},"clone_class":"bfe789f8-5905-485c-9475-7bc36439881d","pairs":[{"type":2,"id":"04d44cec-a34d-47a0-89c0-61d29f065b2a"}],"id":"3ed17c0c-53db-4556-a564-e896329345fa"},{"src":"|project://smallsql0.21_src/src/smallsql/junit/TestOrderBy.java|(6592,677,<226,1>,<251,2>)","metadata":{"length":26,"sloc":22,"mass":102},"fragment":"public void testOrderBy_varchar_DescAsc() throws Exception{\r\n\t\tinit();\r\n\t\tConnection con = AllTests.getConnection();\r\n\t\tStatement st = con.createStatement();\r\n\t\tResultSet rs;\r\n\t\tString oldValue;\r\n\t\t\r\n\t\trs = st.executeQuery(\"SELECT * FROM \" + table1 + \" ORDER  by v desc, i asc\");\r\n\t\t\r\n\t\tassertTrue( rs.next() );\r\n\t\toldValue = rs.getString(\"v\");\r\n\t\t\r\n\t\tint count = 1;\r\n\t\twhile(oldValue != null && rs.next()){\r\n\t\t\tString newValue = rs.getString(\"v\");\r\n\t\t\tif(newValue != null){\r\n\t\t\t\tassertTrue( oldValue.compareTo( newValue ) > 0 );\r\n\t\t\t\tcount++;\r\n\t\t\t}\r\n\t\t\toldValue = newValue;\r\n\t\t}\r\n\t\tassertNull(oldValue);\r\n\t\tassertFalse( rs.next() );\r\n\r\n\t\tassertEquals( valueCount, count );\r\n\t}","location":{"offset":[6592,677],"column":1,"row":226,"file":"smallsql0.21_src/src/smallsql/junit/TestOrderBy.java"},"clone_class":"bfe789f8-5905-485c-9475-7bc36439881d","pairs":[{"type":2,"id":"3ed17c0c-53db-4556-a564-e896329345fa"}],"id":"04d44cec-a34d-47a0-89c0-61d29f065b2a"}]