[{"src":"|project://smallsql0.21_src/src/smallsql/database/Identity.java|(2295,338,<70,36>,<80,2>)","metadata":{"length":11,"sloc":11,"mass":95},"fragment":"{\r\n\t\tpage[ 0 ] = (byte)(value >> 56);\r\n\t\tpage[ 1 ] = (byte)(value >> 48);\r\n\t\tpage[ 2 ] = (byte)(value >> 40);\r\n\t\tpage[ 3 ] = (byte)(value >> 32);\r\n\t\tpage[ 4 ] = (byte)(value >> 24);\r\n\t\tpage[ 5 ] = (byte)(value >> 16);\r\n\t\tpage[ 6 ] = (byte)(value >> 8);\r\n\t\tpage[ 7 ] = (byte)(value);\r\n\t\treturn new StorePage( page, 8, raFile, filePos);\r\n\t}","location":{"offset":[2295,338],"column":36,"row":70,"file":"smallsql0.21_src/src/smallsql/database/Identity.java"},"clone_class":"25c828e8-f548-4403-acd5-5930deb25d9d","pairs":[{"type":3,"id":"c3f4c286-0c82-4c6a-b94c-dee44af5ad93"}],"id":"16d6fde1-433b-4188-b218-a747b2ddf47b"},{"src":"|project://smallsql0.21_src/src/smallsql/database/Utils.java|(5485,399,<177,42>,<188,5>)","metadata":{"length":12,"sloc":12,"mass":97},"fragment":"{\r\n        byte[] result = new byte[8];\r\n        result[0] = (byte)(value >> 56);\r\n        result[1] = (byte)(value >> 48);\r\n        result[2] = (byte)(value >> 40);\r\n        result[3] = (byte)(value >> 32);\r\n        result[4] = (byte)(value >> 24);\r\n        result[5] = (byte)(value >> 16);\r\n        result[6] = (byte)(value >> 8);\r\n        result[7] = (byte)(value);\r\n        return result;\r\n    }","location":{"offset":[5485,399],"column":42,"row":177,"file":"smallsql0.21_src/src/smallsql/database/Utils.java"},"clone_class":"25c828e8-f548-4403-acd5-5930deb25d9d","pairs":[{"type":3,"id":"16d6fde1-433b-4188-b218-a747b2ddf47b"}],"id":"c3f4c286-0c82-4c6a-b94c-dee44af5ad93"}]