[{"src":"|project://smallsql0.21_src/src/smallsql/junit/TestScrollable.java|(6047,1085,<146,2>,<163,3>)","metadata":{"length":18,"sloc":15,"mass":67},"fragment":"try{\t\t\t\r\n\t\t\tcon.createStatement().execute(\"Create Table Scrollable (i counter, v varchar(20))\");\r\n\t\t\tassertRowCount( 0, \"Select * from Scrollable\");\r\n\r\n\t\t\tcon.createStatement().execute(\"Insert Into Scrollable(v) Values('qwert')\");\r\n\t\t\tassertRowCount( 1, \"Select * from Scrollable\");\r\n\t\t\tassertRowCount( 0, \"Select * from Scrollable Where 1=0\");\r\n\r\n            Statement st = con.createStatement(ResultSet.TYPE_SCROLL_SENSITIVE, ResultSet.CONCUR_UPDATABLE);\r\n            testPreviousWithWhereAssert( st.executeQuery(\"Select * from Scrollable Where 1=0\") );\r\n            testPreviousWithWhereAssert( st.executeQuery(\"Select * from Scrollable Where 1=0 Order By v\") );\r\n            testPreviousWithWhereAssert( st.executeQuery(\"Select v from Scrollable Where 1=0 Group By v\") );\r\n            testPreviousWithWhereAssert( st.executeQuery(\"Select v from Scrollable Where 1=0 Group By v Order By v\") );\r\n            testPreviousWithWhereAssert( st.executeQuery(\"Select v from Scrollable Group By v Having 1=0 Order By v\") );\r\n\t\t\t\r\n\t\t}finally{\r\n            dropTable( con, \"Scrollable\");\r\n\t\t}","location":{"offset":[6047,1085],"column":2,"row":146,"file":"smallsql0.21_src/src/smallsql/junit/TestScrollable.java"},"clone_class":"315487a5-c827-43fa-8d53-bf61b1d70bcc","pairs":[{"type":3,"id":"dd839a4a-5e31-4770-ac28-2edb01944e27"}],"id":"88bf9dde-b1a6-4c37-a340-1132c23b8940"},{"src":"|project://smallsql0.21_src/src/smallsql/junit/TestScrollable.java|(7765,963,<184,2>,<199,3>)","metadata":{"length":16,"sloc":14,"mass":64},"fragment":"try{\t\t\t\r\n\t\t\tcon.createStatement().execute(\"Create Table Scrollable (i counter, v varchar(20))\");\r\n\t\t\tassertRowCount( 0, \"Select * from Scrollable\");\r\n\r\n\t\t\tcon.createStatement().execute(\"Insert Into Scrollable(v) Values('qwert1')\");\r\n\t\t\tcon.createStatement().execute(\"Insert Into Scrollable(v) Values('qwert2')\");\r\n\t\t\tcon.createStatement().execute(\"Insert Into Scrollable(v) Values('qwert3')\");\r\n\r\n            Statement st = con.createStatement(ResultSet.TYPE_SCROLL_SENSITIVE, ResultSet.CONCUR_UPDATABLE);\r\n            testAbsoluteRelativeAssert( st.executeQuery(\"Select * from Scrollable\") );\r\n            testAbsoluteRelativeAssert( st.executeQuery(\"Select * from Scrollable Order By i\") );\r\n            testAbsoluteRelativeAssert( st.executeQuery(\"Select v from Scrollable Group By v\") );\r\n            testAbsoluteRelativeAssert( st.executeQuery(\"Select v from Scrollable Group By v Order By v\") );\r\n\t\t}finally{\r\n            dropTable( con, \"Scrollable\");\r\n\t\t}","location":{"offset":[7765,963],"column":2,"row":184,"file":"smallsql0.21_src/src/smallsql/junit/TestScrollable.java"},"clone_class":"315487a5-c827-43fa-8d53-bf61b1d70bcc","pairs":[{"type":3,"id":"88bf9dde-b1a6-4c37-a340-1132c23b8940"}],"id":"dd839a4a-5e31-4770-ac28-2edb01944e27"}]