[{"src":"|project://smallsql0.21_src/src/smallsql/database/StoreImpl.java|(51452,3101,<1336,4>,<1400,5>)","metadata":{"length":65,"sloc":62,"mass":273},"fragment":"/**\r\n     * It used for ResultSet.getString()\r\n     */\r\n    @Override\r\n    String getString( int valueOffset, int dataType) throws Exception{\r\n        this.offset = valueOffset;\r\n        if(readBoolean()) return null;\r\n        switch(dataType){\r\n            case SQLTokenizer.BIT:\r\n                    return readBoolean() ? \"1\" : \"0\";\r\n            case SQLTokenizer.BOOLEAN:\r\n                    return String.valueOf( readBoolean() );\r\n            case SQLTokenizer.BINARY:\r\n            case SQLTokenizer.VARBINARY:\r\n                    return Utils.bytes2hex( readBinary() );\r\n            case SQLTokenizer.TINYINT:\r\n                    return String.valueOf( readUnsignedByte() );\r\n            case SQLTokenizer.SMALLINT:\r\n                    return String.valueOf( readShort() );\r\n            case SQLTokenizer.INT:\r\n                    return String.valueOf( readInt() );\r\n            case SQLTokenizer.BIGINT:\r\n                    return String.valueOf( readLong() );\r\n            case SQLTokenizer.REAL:\r\n                    return String.valueOf( readFloat() );\r\n            case SQLTokenizer.FLOAT:\r\n            case SQLTokenizer.DOUBLE:\r\n                    return String.valueOf( readDouble() );\r\n            case SQLTokenizer.MONEY:\r\n                    return Money.createFromUnscaledValue( readLong() ).toString();\r\n            case SQLTokenizer.SMALLMONEY:\r\n                    return Money.createFromUnscaledValue( readInt() ).toString();\r\n            case SQLTokenizer.NUMERIC:\r\n            case SQLTokenizer.DECIMAL:\r\n                    return readNumeric().toString();\r\n            case SQLTokenizer.CHAR:\r\n            case SQLTokenizer.NCHAR:\r\n            case SQLTokenizer.VARCHAR:\r\n            case SQLTokenizer.NVARCHAR:\r\n                    return readString();\r\n\t\t\tcase SQLTokenizer.CLOB:\r\n\t\t\tcase SQLTokenizer.NCLOB:\r\n            case SQLTokenizer.LONGNVARCHAR:\r\n            case SQLTokenizer.LONGVARCHAR:\r\n                    return readLongString();\r\n            case SQLTokenizer.JAVA_OBJECT:\r\n                    ByteArrayInputStream bais = new ByteArrayInputStream(readLongBinary());\r\n                    ObjectInputStream ois = new ObjectInputStream(bais);\r\n                    return ois.readObject().toString();\r\n            case SQLTokenizer.LONGVARBINARY:\r\n            case SQLTokenizer.BLOB:\r\n                    return Utils.bytes2hex( readLongBinary() );\r\n            case SQLTokenizer.TIMESTAMP:\r\n                    return new DateTime( readTimestamp(), SQLTokenizer.TIMESTAMP ).toString();\r\n            case SQLTokenizer.TIME:\r\n                    return new DateTime( readTime(), SQLTokenizer.TIME ).toString();\r\n            case SQLTokenizer.DATE:\r\n                    return new DateTime( readDate(), SQLTokenizer.DATE ).toString();\r\n            case SQLTokenizer.SMALLDATETIME:\r\n                    return new DateTime( readSmallDateTime(), SQLTokenizer.TIMESTAMP ).toString();\r\n            case SQLTokenizer.UNIQUEIDENTIFIER:\r\n                    return Utils.bytes2unique( page, this.offset);\r\n            default: throw new Error();\r\n        }\r\n    }","location":{"offset":[51452,3101],"column":4,"row":1336,"file":"smallsql0.21_src/src/smallsql/database/StoreImpl.java"},"clone_class":"38a6ab2f-6c53-4866-a354-788bacd4fc30","pairs":[{"type":3,"id":"28ea69ef-040f-43c3-a780-75fa9e2dac97"}],"id":"901e3441-f426-4917-870b-77d75586e676"},{"src":"|project://smallsql0.21_src/src/smallsql/database/StoreImpl.java|(48523,2915,<1270,4>,<1333,5>)","metadata":{"length":64,"sloc":61,"mass":264},"fragment":"/**\r\n     * It used for ResultSet.getObject()\r\n     */\r\n    @Override\r\n    Object getObject(int valueOffset, int dataType) throws Exception{\r\n        this.offset = valueOffset;\r\n        if(readBoolean()) return null;\r\n        switch(dataType){\r\n            case SQLTokenizer.BIT:\r\n            case SQLTokenizer.BOOLEAN:\r\n                    return readBoolean() ? Boolean.TRUE : Boolean.FALSE;\r\n            case SQLTokenizer.BINARY:\r\n            case SQLTokenizer.VARBINARY:\r\n                    return readBinary();\r\n            case SQLTokenizer.TINYINT:\r\n                    return Utils.getInteger( readUnsignedByte() );\r\n            case SQLTokenizer.SMALLINT:\r\n                    return Utils.getInteger( readShort() );\r\n            case SQLTokenizer.INT:\r\n                    return Utils.getInteger(readInt());\r\n            case SQLTokenizer.BIGINT:\r\n                    return new Long(readLong());\r\n            case SQLTokenizer.REAL:\r\n                    return new Float( readFloat() );\r\n            case SQLTokenizer.FLOAT:\r\n            case SQLTokenizer.DOUBLE:\r\n                    return new Double( readDouble() );\r\n            case SQLTokenizer.MONEY:\r\n                    return Money.createFromUnscaledValue(readLong());\r\n            case SQLTokenizer.SMALLMONEY:\r\n                    return Money.createFromUnscaledValue(readInt());\r\n            case SQLTokenizer.NUMERIC:\r\n            case SQLTokenizer.DECIMAL:\r\n                    return readNumeric();\r\n            case SQLTokenizer.CHAR:\r\n            case SQLTokenizer.NCHAR:\r\n            case SQLTokenizer.VARCHAR:\r\n            case SQLTokenizer.NVARCHAR:\r\n                    return readString();\r\n\t\t\tcase SQLTokenizer.CLOB:\r\n\t\t\tcase SQLTokenizer.NCLOB:\r\n            case SQLTokenizer.LONGNVARCHAR:\r\n            case SQLTokenizer.LONGVARCHAR:\r\n                    return readLongString();\r\n            case SQLTokenizer.JAVA_OBJECT:\r\n                    ByteArrayInputStream bais = new ByteArrayInputStream(readLongBinary());\r\n                    ObjectInputStream ois = new ObjectInputStream(bais);\r\n                    return ois.readObject();\r\n            case SQLTokenizer.LONGVARBINARY:\r\n            case SQLTokenizer.BLOB:\r\n                    return readLongBinary();\r\n            case SQLTokenizer.TIMESTAMP:\r\n                    return new DateTime( readTimestamp(), SQLTokenizer.TIMESTAMP );\r\n            case SQLTokenizer.TIME:\r\n                    return new DateTime( readTime(), SQLTokenizer.TIME );\r\n            case SQLTokenizer.DATE:\r\n                    return new DateTime( readDate(), SQLTokenizer.DATE );\r\n            case SQLTokenizer.SMALLDATETIME:\r\n                    return new DateTime( readSmallDateTime(), SQLTokenizer.TIMESTAMP );\r\n            case SQLTokenizer.UNIQUEIDENTIFIER:\r\n                    return Utils.bytes2unique( page, this.offset);\r\n            default: throw new Error();\r\n        }\r\n    }","location":{"offset":[48523,2915],"column":4,"row":1270,"file":"smallsql0.21_src/src/smallsql/database/StoreImpl.java"},"clone_class":"38a6ab2f-6c53-4866-a354-788bacd4fc30","pairs":[{"type":3,"id":"901e3441-f426-4917-870b-77d75586e676"}],"id":"28ea69ef-040f-43c3-a780-75fa9e2dac97"}]