[{"src":"|project://smallsql0.21_src/src/smallsql/database/MutableFloat.java|(1326,538,<35,0>,<70,1>)","metadata":{"length":36,"sloc":24,"mass":65},"fragment":"/**\r\n * @author Volker Berlin\r\n *\r\n */\r\nfinal class MutableFloat extends Number implements Mutable{\r\n\r\n\tfloat value;\r\n\t\r\n\tMutableFloat(float value){\r\n\t\tthis.value = value;\r\n\t}\r\n\t\r\n\tpublic double doubleValue() {\r\n\t\treturn value;\r\n\t}\r\n\r\n\tpublic float floatValue() {\r\n\t\treturn value;\r\n\t}\r\n\r\n\tpublic int intValue() {\r\n\t\treturn (int)value;\r\n\t}\r\n\r\n\tpublic long longValue() {\r\n\t\treturn (long)value;\r\n\t}\r\n\r\n\tpublic String toString(){\r\n\t\treturn String.valueOf(value);\r\n\t}\r\n\t\r\n\tpublic Object getImmutableObject(){\r\n\t\treturn new Float(value);\r\n\t}\r\n}","location":{"offset":[1326,538],"column":0,"row":35,"file":"smallsql0.21_src/src/smallsql/database/MutableFloat.java"},"clone_class":"d5381ced-8e58-4600-b2c9-02b281fe9ee9","pairs":[{"type":3,"id":"018b2889-ce7d-4550-b346-93dd614b2daf"},{"type":3,"id":"ca0f7eb8-2c90-4c5f-90a6-9ded4964a972"}],"id":"5bfce548-098a-4794-bcde-a1e67cab1a6d"},{"src":"|project://smallsql0.21_src/src/smallsql/database/MutableLong.java|(1325,527,<35,0>,<70,1>)","metadata":{"length":36,"sloc":24,"mass":63},"fragment":"/**\r\n * @author Volker Berlin\r\n *\r\n */\r\nfinal class MutableLong extends Number implements Mutable{\r\n\r\n\tlong value;\r\n\t\r\n\tMutableLong(long value){\r\n\t\tthis.value = value;\r\n\t}\r\n\t\r\n\tpublic double doubleValue() {\r\n\t\treturn value;\r\n\t}\r\n\r\n\tpublic float floatValue() {\r\n\t\treturn value;\r\n\t}\r\n\r\n\tpublic int intValue() {\r\n\t\treturn (int)value;\r\n\t}\r\n\r\n\tpublic long longValue() {\r\n\t\treturn value;\r\n\t}\r\n\r\n\tpublic String toString(){\r\n\t\treturn String.valueOf(value);\r\n\t}\r\n\t\r\n\tpublic Object getImmutableObject(){\r\n\t\treturn new Long(value);\r\n\t}\r\n}","location":{"offset":[1325,527],"column":0,"row":35,"file":"smallsql0.21_src/src/smallsql/database/MutableLong.java"},"clone_class":"d5381ced-8e58-4600-b2c9-02b281fe9ee9","pairs":[{"type":3,"id":"5bfce548-098a-4794-bcde-a1e67cab1a6d"},{"type":3,"id":"ca0f7eb8-2c90-4c5f-90a6-9ded4964a972"}],"id":"018b2889-ce7d-4550-b346-93dd614b2daf"},{"src":"|project://smallsql0.21_src/src/smallsql/database/MutableInteger.java|(1328,534,<35,0>,<70,1>)","metadata":{"length":36,"sloc":24,"mass":60},"fragment":"/**\r\n * @author Volker Berlin\r\n *\r\n */\r\nfinal class MutableInteger extends Number implements Mutable{\r\n\r\n\tint value;\r\n\t\r\n\tMutableInteger(int value){\r\n\t\tthis.value = value;\r\n\t}\r\n\t\r\n\tpublic double doubleValue() {\r\n\t\treturn value;\r\n\t}\r\n\r\n\tpublic float floatValue() {\r\n\t\treturn value;\r\n\t}\r\n\r\n\tpublic int intValue() {\r\n\t\treturn value;\r\n\t}\r\n\r\n\tpublic long longValue() {\r\n\t\treturn value;\r\n\t}\r\n\r\n\tpublic String toString(){\r\n\t\treturn String.valueOf(value);\r\n\t}\r\n\t\r\n\tpublic Object getImmutableObject(){\r\n\t\treturn Utils.getInteger(value);\r\n\t}\r\n}","location":{"offset":[1328,534],"column":0,"row":35,"file":"smallsql0.21_src/src/smallsql/database/MutableInteger.java"},"clone_class":"d5381ced-8e58-4600-b2c9-02b281fe9ee9","pairs":[{"type":3,"id":"5bfce548-098a-4794-bcde-a1e67cab1a6d"},{"type":3,"id":"018b2889-ce7d-4550-b346-93dd614b2daf"}],"id":"ca0f7eb8-2c90-4c5f-90a6-9ded4964a972"}]