[{"src":"|project://smallsql0.21_src/src/smallsql/junit/BenchTest.java|(6639,1030,<168,8>,<189,9>)","metadata":{"length":22,"sloc":22,"mass":125},"fragment":"try{\r\n            Statement st = con.createStatement( ResultSet.TYPE_SCROLL_SENSITIVE, ResultSet.CONCUR_UPDATABLE );\r\n            ResultSet rs = st.executeQuery(\"SELECT * FROM \"+tableName);\r\n            long time = -System.currentTimeMillis();\r\n            for (int i=0; i<rowCount; i++){\r\n                rs.moveToInsertRow();\r\n                rs.insertRow();\r\n            }\r\n            time += System.currentTimeMillis();\r\n            rs = st.executeQuery( \"SELECT count(*) FROM \" + tableName);\r\n            rs.next();\r\n            int count = rs.getInt(1);\r\n            if (count != rowCount)\r\n                 System.out.println( \"  Failed: Only \" + count + \" rows were inserted.\");\r\n            else System.out.println( \"  Test time: \" + time + \" ms\");\r\n            st.close();\r\n        }catch(Exception e){\r\n            System.out.println(\"  Failed:\"+e);\r\n        }finally{\r\n            System.out.println();\r\n            System.out.println(\"===================================================================\");\r\n        }","location":{"offset":[6639,1030],"column":8,"row":168,"file":"smallsql0.21_src/src/smallsql/junit/BenchTest.java"},"clone_class":"c7651ea8-fed4-4418-b7e4-779070581a9e","pairs":[{"type":3,"id":"a0ac0e39-b20f-4f1b-96dc-19f437618fcc"}],"id":"50fde0b7-3821-44ce-8d17-582cf6a64410"},{"src":"|project://smallsql0.21_src/src/smallsql/junit/BenchTest.java|(4459,976,<111,8>,<130,9>)","metadata":{"length":20,"sloc":20,"mass":123},"fragment":"try{\r\n            Statement st = con.createStatement( ResultSet.TYPE_SCROLL_SENSITIVE, ResultSet.CONCUR_UPDATABLE );\r\n            long time = -System.currentTimeMillis();\r\n            for (int i=0; i<rowCount; i++){\r\n                st.execute(\"INSERT INTO \" + tableName + \"(i) VALUES(\" + i +\")\");\r\n            }\r\n            time += System.currentTimeMillis();\r\n            ResultSet rs = st.executeQuery( \"SELECT count(*) FROM \" + tableName);\r\n            rs.next();\r\n            int count = rs.getInt(1);\r\n            if (count != rowCount)\r\n                System.out.println( \"  Failed: Only \" + count + \" rows were inserted.\");\r\n            else System.out.println( \"  Test time: \" + time + \" ms\");\r\n            st.close();\r\n        }catch(Exception e){\r\n            System.out.println(\"  Failed:\"+e);\r\n        }finally{\r\n            System.out.println();\r\n            System.out.println(\"===================================================================\");\r\n        }","location":{"offset":[4459,976],"column":8,"row":111,"file":"smallsql0.21_src/src/smallsql/junit/BenchTest.java"},"clone_class":"c7651ea8-fed4-4418-b7e4-779070581a9e","pairs":[{"type":3,"id":"50fde0b7-3821-44ce-8d17-582cf6a64410"}],"id":"a0ac0e39-b20f-4f1b-96dc-19f437618fcc"}]