[{"src":"|project://smallsql0.21_src/src/smallsql/junit/TestAlterTable.java|(2620,887,<72,4>,<92,5>)","metadata":{"length":21,"sloc":21,"mass":85},"fragment":"public void testAddWithTableLock_REPEATABLE_READ() throws Exception{\r\n        Connection con = AllTests.getConnection();\r\n        Statement st = con.createStatement();\r\n        int isolation = con.getTransactionIsolation();\r\n        con.setAutoCommit(false);\r\n        try{\r\n            con.setTransactionIsolation( Connection.TRANSACTION_REPEATABLE_READ );\r\n            ResultSet rs = st.executeQuery(\"Select * From \" + table);\r\n            rs.next();\r\n            try {\r\n                st.execute(\"Alter Table \" + table + \" Add a Varchar(20)\");\r\n                fail(\"Alter Table should not work on a table with a lock.\");\r\n            } catch (SQLException ex) {\r\n                assertSQLException( \"01000\", 0, ex );\r\n            }\r\n            rs.next();\r\n        }finally{\r\n            con.setTransactionIsolation(isolation);\r\n            con.setAutoCommit(true);\r\n        }\r\n    }","location":{"offset":[2620,887],"column":4,"row":72,"file":"smallsql0.21_src/src/smallsql/junit/TestAlterTable.java"},"clone_class":"b53115a7-e0c9-4166-8d0e-be0572483c36","pairs":[{"type":3,"id":"b087af74-1ae3-45c2-a903-c6cb1047c4f4"},{"type":3,"id":"9a644d18-7452-41d2-83b4-5dfee98992a4"}],"id":"94f564bb-6226-4aaa-b96a-5796a70cedfc"},{"src":"|project://smallsql0.21_src/src/smallsql/junit/TestAlterTable.java|(3591,819,<95,70>,<115,5>)","metadata":{"length":21,"sloc":21,"mass":81},"fragment":"{\r\n        Connection con = AllTests.getConnection();\r\n        Statement st = con.createStatement();\r\n        int isolation = con.getTransactionIsolation();\r\n        con.setAutoCommit(false);\r\n        try{\r\n            con.setTransactionIsolation( Connection.TRANSACTION_READ_COMMITTED );\r\n            ResultSet rs = st.executeQuery(\"Select * From \" + table);\r\n            rs.next();\r\n            st.execute(\"Alter Table \" + table + \" Add a Varchar(20)\");\r\n            try {\r\n                rs.next();\r\n                fail(\"Alter Table should not work on a table with a lock.\");\r\n            } catch (SQLException ex) {\r\n                assertSQLException( \"01000\", 0, ex );\r\n            }\r\n        }finally{\r\n            con.setTransactionIsolation(isolation);\r\n            con.setAutoCommit(true);\r\n        }\r\n    }","location":{"offset":[3591,819],"column":70,"row":95,"file":"smallsql0.21_src/src/smallsql/junit/TestAlterTable.java"},"clone_class":"b53115a7-e0c9-4166-8d0e-be0572483c36","pairs":[{"type":3,"id":"94f564bb-6226-4aaa-b96a-5796a70cedfc"},{"type":3,"id":"b087af74-1ae3-45c2-a903-c6cb1047c4f4"}],"id":"9a644d18-7452-41d2-83b4-5dfee98992a4"}]