[{"src":"|project://smallsql0.21_src/src/smallsql/junit/BenchTest.java|(22004,1894,<518,11>,<553,9>)","metadata":{"length":36,"sloc":36,"mass":215},"fragment":"{\r\n            PreparedStatement pr = con.prepareStatement( \"UPDATE \" + tableName + \" SET bi=?,c=?,d=?,de=?,f=?,im=?,i=?,m=?,n=?,r=?,sd=?,si=?,sm=?,sy=?,t=?,ti=?,vb=?,vc=? WHERE i=?\" );\r\n            long time = -System.currentTimeMillis();\r\n            for (int i=0; i<batches; i++){\r\n                for (int r=0; r<batchSize; r++){\r\n\t                pr.setBytes (  1, byteArray );\r\n\t                pr.setString(  2 , \"Test\" );\r\n\t                pr.setDate  (  3 , new Date( System.currentTimeMillis() ) );\r\n\t                pr.setFloat (  4, (float)1234.56789 );\r\n\t                pr.setFloat (  5 , (float)9876.54321 );\r\n\t                pr.setBytes (  6, largeByteArray );\r\n\t                pr.setInt   (  7 , i*batchSize + r );\r\n\t                pr.setDouble(  8 , 23.45 );\r\n\t                pr.setDouble(  9 , 567.45 );\r\n\t                pr.setFloat (  10 , (float)78.89 );\r\n\t                pr.setTime  (  11, new Time( System.currentTimeMillis() ) );\r\n\t                pr.setShort (  12, (short)23456 );\r\n\t                pr.setFloat (  13, (float)34.56 );\r\n\t                pr.setString(  14, \"sysname (30) NULL\" );\r\n\t                pr.setString(  15 , \"text NULL\" );\r\n\t                pr.setByte  (  16, (byte)28 );\r\n\t                pr.setBytes (  17, byteArray );\r\n\t                pr.setString(  18, \"varchar (255) NULL\" );\r\n\t                pr.setInt   (  19 , i );\r\n\t                pr.addBatch();\r\n\t            }\r\n                int[] updateCount = pr.executeBatch();\r\n                if (updateCount.length != batchSize){\r\n                    System.out.println( \"  Failed: Update count size should be \" + batchSize + \" but it is \" + updateCount.length + \".\");\r\n                    return;\r\n                }\r\n            }\r\n            time += System.currentTimeMillis();\r\n            System.out.println( \"  Test time: \" + time + \" ms\");\r\n            pr.close();\r\n        }","location":{"offset":[22004,1894],"column":11,"row":518,"file":"smallsql0.21_src/src/smallsql/junit/BenchTest.java"},"clone_class":"7d9fce27-5e7e-4d06-bd25-b041945fa202","pairs":[{"type":3,"id":"ad78a8e6-3a9c-4be5-ba41-107310630bc0"}],"id":"fd281a43-7ebd-4763-8459-ede8fd678f9f"},{"src":"|project://smallsql0.21_src/src/smallsql/junit/BenchTest.java|(16810,1901,<411,8>,<448,9>)","metadata":{"length":38,"sloc":38,"mass":213},"fragment":"try{\r\n            PreparedStatement pr = con.prepareStatement( \"UPDATE \" + tableName + \" SET bi=?,c=?,d=?,de=?,f=?,im=?,i=?,m=?,n=?,r=?,sd=?,si=?,sm=?,sy=?,t=?,ti=?,vb=?,vc=? WHERE i=?\" );\r\n            long time = -System.currentTimeMillis();\r\n            for (int i=0; i<rowCount; i++){\r\n\t            pr.setBytes (  1, byteArray );\r\n\t            pr.setString(  2 , \"Test\" );\r\n\t            pr.setDate  (  3 , new Date( System.currentTimeMillis() ) );\r\n\t            pr.setFloat (  4, (float)1234.56789 );\r\n\t            pr.setFloat (  5 , (float)9876.54321 );\r\n\t            pr.setBytes (  6, largeByteArray );\r\n\t            pr.setInt   (  7 , i );\r\n\t            pr.setDouble(  8 , 23.45 );\r\n\t            pr.setDouble(  9 , 567.45 );\r\n\t            pr.setFloat (  10 , (float)78.89 );\r\n\t            pr.setTime  (  11, new Time( System.currentTimeMillis() ) );\r\n\t            pr.setShort (  12, (short)23456 );\r\n\t            pr.setFloat (  13, (float)34.56 );\r\n\t            pr.setString(  14, \"sysname (30) NULL\" );\r\n\t            pr.setString(  15 , \"text NULL\" );\r\n\t            pr.setByte  (  16, (byte)28 );\r\n\t            pr.setBytes (  17, byteArray );\r\n\t            pr.setString(  18, \"varchar (255) NULL\" );\r\n\t            pr.setInt   (  19 , i );\r\n                int updateCount = pr.executeUpdate();\r\n                if (updateCount != 1){\r\n                    System.out.println( \"  Failed: Update count should be 1 but it is \" + updateCount + \".\");\r\n                    return;\r\n                }\r\n            }\r\n            time += System.currentTimeMillis();\r\n            System.out.println( \"  Test time: \" + time + \" ms\");\r\n            pr.close();\r\n        }catch(Exception e){\r\n            System.out.println(\"  Failed:\"+e);\r\n        }finally{\r\n            System.out.println();\r\n            System.out.println(\"===================================================================\");\r\n        }","location":{"offset":[16810,1901],"column":8,"row":411,"file":"smallsql0.21_src/src/smallsql/junit/BenchTest.java"},"clone_class":"7d9fce27-5e7e-4d06-bd25-b041945fa202","pairs":[{"type":3,"id":"fd281a43-7ebd-4763-8459-ede8fd678f9f"}],"id":"ad78a8e6-3a9c-4be5-ba41-107310630bc0"}]