[{"src":"|project://smallsql0.21_src/src/smallsql/junit/TestThreads.java|(3992,1715,<130,64>,<175,5>)","metadata":{"length":46,"sloc":37,"mass":159},"fragment":"{\r\n        ArrayList threadList = new ArrayList();\r\n        throwable = null;\r\n        Connection con = AllTests.getConnection();\r\n        Statement st = con.createStatement();\r\n        try{\r\n            st.execute(\"CREATE TABLE ConcurrentWrite( value int)\");\r\n            st.execute(\"INSERT INTO ConcurrentWrite(value) Values(0)\");\r\n\r\n            // start threads that check the row count\r\n            for(int i = 0; i < 200; i++){\r\n                Thread thread = new Thread(new Runnable(){\r\n\r\n                    public void run(){\r\n                        try{\r\n                            Connection con2 = AllTests.createConnection();\r\n                            Statement st2 = con2.createStatement();\r\n                            int count = st2.executeUpdate(\"UPDATE ConcurrentWrite SET value = value + 1\");\r\n                            assertEquals(\"Update Count\", 1, count);\r\n                            con2.close();\r\n                        }catch(Throwable ex){\r\n                            throwable = ex;\r\n                        }\r\n                    }\r\n\r\n                });\r\n                threadList.add(thread);\r\n                thread.start();\r\n            }\r\n\r\n            // wait until all threads are finish\r\n            for(int i = 0; i < threadList.size(); i++){\r\n                Thread thread = (Thread)threadList.get(i);\r\n                thread.join(5000);\r\n            }\r\n\r\n            // throw the exception if one occur\r\n            if(throwable != null){\r\n                throw throwable;\r\n            }\r\n\r\n            assertEqualsRsValue(new Integer(200), \"SELECT value FROM ConcurrentWrite\");\r\n        }finally{\r\n            dropTable(con, \"ConcurrentWrite\");\r\n        }\r\n    }","location":{"offset":[3992,1715],"column":64,"row":130,"file":"smallsql0.21_src/src/smallsql/junit/TestThreads.java"},"clone_class":"f5da87f6-5fb2-4b58-917b-aa2fc46838c0","pairs":[{"type":3,"id":"2d281cf8-ce81-413c-965f-fa883eae4472"}],"id":"846e3842-2ac2-46cd-a177-1379240164fc"},{"src":"|project://smallsql0.21_src/src/smallsql/junit/TestThreads.java|(1850,1874,<72,4>,<121,5>)","metadata":{"length":50,"sloc":35,"mass":154},"fragment":"/**\r\n     * Create a table with a single row. In different threads on the same connection a int value will be increment.\r\n     * \r\n     * @throws Throwable\r\n     *             if an thread problem occur\r\n     */\r\n    public void testConcurrentThreadWrite() throws Throwable{\r\n        ArrayList threadList = new ArrayList();\r\n        throwable = null;\r\n        final Connection con = AllTests.getConnection();\r\n        Statement st = con.createStatement();\r\n        try{\r\n            st.execute(\"CREATE TABLE ConcurrentWrite( value int)\");\r\n            st.execute(\"INSERT INTO ConcurrentWrite(value) Values(0)\");\r\n\r\n            // start threads that check the row count\r\n            for(int i = 0; i < 200; i++){\r\n                Thread thread = new Thread(new Runnable(){\r\n\r\n                    public void run(){\r\n                        try{\r\n                            Statement st2 = con.createStatement();\r\n                            int count = st2.executeUpdate(\"UPDATE ConcurrentWrite SET value = value + 1\");\r\n                            assertEquals(\"Update Count\", 1, count);\r\n                        }catch(Throwable ex){\r\n                            throwable = ex;\r\n                        }\r\n                    }\r\n\r\n                });\r\n                threadList.add(thread);\r\n                thread.start();\r\n            }\r\n\r\n            // wait until all threads are finish\r\n            for(int i = 0; i < threadList.size(); i++){\r\n                Thread thread = (Thread)threadList.get(i);\r\n                thread.join(5000);\r\n            }\r\n\r\n            // throw the exception if one occur\r\n            if(throwable != null){\r\n                throw throwable;\r\n            }\r\n\r\n            assertEqualsRsValue(new Integer(200), \"SELECT value FROM ConcurrentWrite\");\r\n        }finally{\r\n            dropTable(con, \"ConcurrentWrite\");\r\n        }\r\n    }","location":{"offset":[1850,1874],"column":4,"row":72,"file":"smallsql0.21_src/src/smallsql/junit/TestThreads.java"},"clone_class":"f5da87f6-5fb2-4b58-917b-aa2fc46838c0","pairs":[{"type":3,"id":"846e3842-2ac2-46cd-a177-1379240164fc"}],"id":"2d281cf8-ce81-413c-965f-fa883eae4472"}]