[{"src":"|project://smallsql0.21_src/src/smallsql/junit/TestScrollable.java|(2921,1045,<76,1>,<94,2>)","metadata":{"length":19,"sloc":17,"mass":74},"fragment":"public void testNextWithWhere() throws Exception{\r\n\t\tConnection con = AllTests.getConnection();\r\n\t\ttry{\t\t\t\r\n\t\t\tcon.createStatement().execute(\"Create Table Scrollable (i counter, v varchar(20))\");\r\n\t\t\tassertRowCount( 0, \"Select * from Scrollable\");\r\n\r\n\t\t\tcon.createStatement().execute(\"Insert Into Scrollable(v) Values('qwert')\");\r\n\t\t\tassertRowCount( 1, \"Select * from Scrollable\");\r\n\t\t\tassertRowCount( 0, \"Select * from Scrollable Where 1=0\");\r\n\r\n            Statement st = con.createStatement(ResultSet.TYPE_SCROLL_SENSITIVE, ResultSet.CONCUR_UPDATABLE);\r\n            testNextWithWhereAssert( st.executeQuery(\"Select * from Scrollable Where 1=0\") );\r\n            testNextWithWhereAssert( st.executeQuery(\"Select * from Scrollable Where 1=0 Order By v\") );\r\n            testNextWithWhereAssert( st.executeQuery(\"Select v from Scrollable Where 1=0 Group By v\") );\r\n            testNextWithWhereAssert( st.executeQuery(\"Select v from Scrollable Where 1=0 Group By v Order By v\") );\r\n\t\t}finally{\r\n            dropTable( con, \"Scrollable\");\r\n\t\t}\r\n\t}","location":{"offset":[2921,1045],"column":1,"row":76,"file":"smallsql0.21_src/src/smallsql/junit/TestScrollable.java"},"clone_class":"c9aa6cf8-b81e-494d-8e4f-66507ae5fc97","pairs":[{"type":2,"id":"b885d89b-49f7-48d6-9c8f-925cd59fa91d"},{"type":2,"id":"7581fea6-29be-45e8-a4fb-ee9dcb25d4b7"}],"id":"2087fa45-8e8d-4a9f-b3e5-9c6c73c8f9da"},{"src":"|project://smallsql0.21_src/src/smallsql/junit/TestScrollable.java|(4338,1050,<108,1>,<126,2>)","metadata":{"length":19,"sloc":17,"mass":74},"fragment":"public void testFirstWithWhere() throws Exception{\r\n\t\tConnection con = AllTests.getConnection();\r\n\t\ttry{\t\t\t\r\n\t\t\tcon.createStatement().execute(\"Create Table Scrollable (i counter, v varchar(20))\");\r\n\t\t\tassertRowCount( 0, \"Select * from Scrollable\");\r\n\r\n\t\t\tcon.createStatement().execute(\"Insert Into Scrollable(v) Values('qwert')\");\r\n\t\t\tassertRowCount( 1, \"Select * from Scrollable\");\r\n\t\t\tassertRowCount( 0, \"Select * from Scrollable Where 1=0\");\r\n\r\n            Statement st = con.createStatement(ResultSet.TYPE_SCROLL_SENSITIVE, ResultSet.CONCUR_UPDATABLE);\r\n            testFirstWithWhereAssert( st.executeQuery(\"Select * from Scrollable Where 1=0\") );\r\n            testFirstWithWhereAssert( st.executeQuery(\"Select * from Scrollable Where 1=0 Order By v\") );\r\n            testFirstWithWhereAssert( st.executeQuery(\"Select v from Scrollable Where 1=0 Group By v\") );\r\n            testFirstWithWhereAssert( st.executeQuery(\"Select v from Scrollable Where 1=0 Group By v Order By v\") );\r\n\t\t}finally{\r\n            dropTable( con, \"Scrollable\");\r\n\t\t}\r\n\t}","location":{"offset":[4338,1050],"column":1,"row":108,"file":"smallsql0.21_src/src/smallsql/junit/TestScrollable.java"},"clone_class":"c9aa6cf8-b81e-494d-8e4f-66507ae5fc97","pairs":[{"type":2,"id":"2087fa45-8e8d-4a9f-b3e5-9c6c73c8f9da"},{"type":2,"id":"7581fea6-29be-45e8-a4fb-ee9dcb25d4b7"}],"id":"b885d89b-49f7-48d6-9c8f-925cd59fa91d"},{"src":"|project://smallsql0.21_src/src/smallsql/junit/TestScrollable.java|(1466,1036,<43,1>,<61,2>)","metadata":{"length":19,"sloc":17,"mass":74},"fragment":"public void testLastWithWhere() throws Exception{\r\n\t\tConnection con = AllTests.getConnection();\r\n\t\ttry{\t\t\t\r\n\t\t\tcon.createStatement().execute(\"Create Table Scrollable (i counter, v varchar(20))\");\r\n\t\t\tassertRowCount( 0, \"Select * from Scrollable\");\r\n\r\n\t\t\tcon.createStatement().execute(\"Insert Into Scrollable(v) Values('qwert')\");\r\n\t\t\tassertRowCount( 1, \"Select * from Scrollable\");\r\n\t\t\tassertRowCount( 0, \"Select * from Scrollable Where 1=0\");\r\n\r\n\t\t\tStatement st = con.createStatement(ResultSet.TYPE_SCROLL_SENSITIVE, ResultSet.CONCUR_UPDATABLE);\r\n            testLastWithWhereAssert( st.executeQuery(\"Select * from Scrollable Where 1=0\") );\r\n            testLastWithWhereAssert( st.executeQuery(\"Select * from Scrollable Where 1=0 Order By v\") );\r\n            testLastWithWhereAssert( st.executeQuery(\"Select v from Scrollable Where 1=0 Order By v\") );\r\n            testLastWithWhereAssert( st.executeQuery(\"Select v from Scrollable Where 1=0 Group By v Order By v\") );\r\n\t\t}finally{\r\n            dropTable( con, \"Scrollable\");\r\n\t\t}\r\n\t}","location":{"offset":[1466,1036],"column":1,"row":43,"file":"smallsql0.21_src/src/smallsql/junit/TestScrollable.java"},"clone_class":"c9aa6cf8-b81e-494d-8e4f-66507ae5fc97","pairs":[{"type":2,"id":"2087fa45-8e8d-4a9f-b3e5-9c6c73c8f9da"},{"type":2,"id":"b885d89b-49f7-48d6-9c8f-925cd59fa91d"}],"id":"7581fea6-29be-45e8-a4fb-ee9dcb25d4b7"}]