[{"src":"|project://smallsql0.21_src/src/smallsql/junit/TestDBMetaData.java|(8442,274,<183,8>,<183,282>)","metadata":{"length":1,"sloc":1,"mass":60},"fragment":"int[] colTypes = {Types.VARCHAR, Types.NULL, Types.VARCHAR, Types.VARCHAR, Types.SMALLINT, Types.VARCHAR, Types.INTEGER, Types.NULL, Types.INTEGER, Types.INTEGER, Types.INTEGER, Types.NULL, Types.VARCHAR, Types.NULL, Types.NULL, Types.INTEGER, Types.INTEGER, Types.VARCHAR};","location":{"offset":[8442,274],"column":8,"row":183,"file":"smallsql0.21_src/src/smallsql/junit/TestDBMetaData.java"},"clone_class":"7f76d389-4289-46a6-bad1-a179ade99608","pairs":[{"type":3,"id":"6f094a26-9dc6-4e8f-aeb8-6c537f1fb756"},{"type":3,"id":"ca8af69a-58fe-4415-bbf2-077e98a76f26"}],"id":"c8237f07-be5b-43a9-a7c7-81c10e703f3f"},{"src":"|project://smallsql0.21_src/src/smallsql/database/SQLParser.java|(80821,506,<2000,1>,<2000,507>)","metadata":{"length":1,"sloc":1,"mass":65},"fragment":"private static final int[] MISSING_INTERVALS = {SQLTokenizer.SQL_TSI_FRAC_SECOND, SQLTokenizer.SQL_TSI_SECOND, SQLTokenizer.SQL_TSI_MINUTE, SQLTokenizer.SQL_TSI_HOUR, SQLTokenizer.SQL_TSI_DAY, SQLTokenizer.SQL_TSI_WEEK, SQLTokenizer.SQL_TSI_MONTH, SQLTokenizer.SQL_TSI_QUARTER, SQLTokenizer.SQL_TSI_YEAR, SQLTokenizer.MILLISECOND, SQLTokenizer.SECOND, SQLTokenizer.MINUTE, SQLTokenizer.HOUR, SQLTokenizer.DAY, SQLTokenizer.WEEK, SQLTokenizer.MONTH, SQLTokenizer.QUARTER, SQLTokenizer.YEAR, SQLTokenizer.D};","location":{"offset":[80821,506],"column":1,"row":2000,"file":"smallsql0.21_src/src/smallsql/database/SQLParser.java"},"clone_class":"7f76d389-4289-46a6-bad1-a179ade99608","pairs":[{"type":3,"id":"c8237f07-be5b-43a9-a7c7-81c10e703f3f"},{"type":3,"id":"ca8af69a-58fe-4415-bbf2-077e98a76f26"}],"id":"6f094a26-9dc6-4e8f-aeb8-6c537f1fb756"}]