[{"src":"|project://smallsql0.21_src/src/smallsql/junit/TestDBMetaData.java|(8448,267,<183,14>,<183,281>)","metadata":{"length":1,"sloc":1,"mass":56},"fragment":"colTypes = {Types.VARCHAR, Types.NULL, Types.VARCHAR, Types.VARCHAR, Types.SMALLINT, Types.VARCHAR, Types.INTEGER, Types.NULL, Types.INTEGER, Types.INTEGER, Types.INTEGER, Types.NULL, Types.VARCHAR, Types.NULL, Types.NULL, Types.INTEGER, Types.INTEGER, Types.VARCHAR}","location":{"offset":[8448,267],"column":14,"row":183,"file":"smallsql0.21_src/src/smallsql/junit/TestDBMetaData.java"},"clone_class":"faa698da-9838-4e70-81b8-2fe5ba82d17e","pairs":[{"type":3,"id":"9a837912-be12-4e0f-b3fc-1b3acdcdabcf"}],"id":"8016e8a3-f447-4ea7-bde8-d5319bf390bc"},{"src":"|project://smallsql0.21_src/src/smallsql/database/SQLParser.java|(80868,458,<2000,48>,<2000,506>)","metadata":{"length":1,"sloc":1,"mass":58},"fragment":"{SQLTokenizer.SQL_TSI_FRAC_SECOND, SQLTokenizer.SQL_TSI_SECOND, SQLTokenizer.SQL_TSI_MINUTE, SQLTokenizer.SQL_TSI_HOUR, SQLTokenizer.SQL_TSI_DAY, SQLTokenizer.SQL_TSI_WEEK, SQLTokenizer.SQL_TSI_MONTH, SQLTokenizer.SQL_TSI_QUARTER, SQLTokenizer.SQL_TSI_YEAR, SQLTokenizer.MILLISECOND, SQLTokenizer.SECOND, SQLTokenizer.MINUTE, SQLTokenizer.HOUR, SQLTokenizer.DAY, SQLTokenizer.WEEK, SQLTokenizer.MONTH, SQLTokenizer.QUARTER, SQLTokenizer.YEAR, SQLTokenizer.D}","location":{"offset":[80868,458],"column":48,"row":2000,"file":"smallsql0.21_src/src/smallsql/database/SQLParser.java"},"clone_class":"faa698da-9838-4e70-81b8-2fe5ba82d17e","pairs":[{"type":3,"id":"8016e8a3-f447-4ea7-bde8-d5319bf390bc"}],"id":"9a837912-be12-4e0f-b3fc-1b3acdcdabcf"}]