[{"src":"|project://smallsql0.21_src/src/smallsql/database/ExpressionArithmetic.java|(24150,891,<636,20>,<650,21>)","metadata":{"length":15,"sloc":15,"mass":77},"fragment":"switch(operation){\r\n\t\t\t\t\t\tcase IN:\r\n\t\t\t\t\t\tcase EQUALS_NULL:\r\n                        case EQUALS:    return left.getMoney() == right.getMoney();\r\n                        case GREATER:   return left.getMoney() >  right.getMoney();\r\n                        case GRE_EQU:   return left.getMoney() >= right.getMoney();\r\n                        case LESSER:    return left.getMoney() <  right.getMoney();\r\n                        case LES_EQU:   return left.getMoney() <= right.getMoney();\r\n                        case UNEQUALS:  return left.getMoney() != right.getMoney();\r\n                        case BETWEEN:\r\n                                        long _left = left.getMoney();\r\n                                        return _left >= right.getMoney() && right2.getMoney() >= _left;\r\n                        default:\r\n                        \treturn getMoney() != 0;\r\n                    }","location":{"offset":[24150,891],"column":20,"row":636,"file":"smallsql0.21_src/src/smallsql/database/ExpressionArithmetic.java"},"clone_class":"9daefd57-fd12-4bf0-8de5-9707fc098835","pairs":[{"type":2,"id":"dd1f3060-942b-489b-8b31-e476b1037419"},{"type":2,"id":"4678fadc-43de-431b-b840-320a413c48bf"},{"type":2,"id":"f5984fee-82d4-40f5-bf1e-7f80238905f4"},{"type":2,"id":"0a6a535a-4c72-4c4a-a152-65a9a25d9def"}],"id":"c2b045a4-fe35-46a7-ab96-6da11bceebc3"},{"src":"|project://smallsql0.21_src/src/smallsql/database/ExpressionArithmetic.java|(23138,909,<619,20>,<633,21>)","metadata":{"length":15,"sloc":15,"mass":77},"fragment":"switch(operation){\r\n\t\t\t\t\t\tcase IN:\r\n\t\t\t\t\t\tcase EQUALS_NULL:\r\n                        case EQUALS:    return left.getDouble() == right.getDouble();\r\n                        case GREATER:   return left.getDouble() >  right.getDouble();\r\n                        case GRE_EQU:   return left.getDouble() >= right.getDouble();\r\n                        case LESSER:    return left.getDouble() <  right.getDouble();\r\n                        case LES_EQU:   return left.getDouble() <= right.getDouble();\r\n                        case UNEQUALS:  return left.getDouble() != right.getDouble();\r\n                        case BETWEEN:\r\n                                        double _left = left.getDouble();\r\n                                        return _left >= right.getDouble() && right2.getDouble() >= _left;\r\n                        default:\r\n                        \treturn getDouble() != 0;\r\n                    }","location":{"offset":[23138,909],"column":20,"row":619,"file":"smallsql0.21_src/src/smallsql/database/ExpressionArithmetic.java"},"clone_class":"9daefd57-fd12-4bf0-8de5-9707fc098835","pairs":[{"type":2,"id":"c2b045a4-fe35-46a7-ab96-6da11bceebc3"},{"type":2,"id":"4678fadc-43de-431b-b840-320a413c48bf"},{"type":2,"id":"f5984fee-82d4-40f5-bf1e-7f80238905f4"},{"type":2,"id":"0a6a535a-4c72-4c4a-a152-65a9a25d9def"}],"id":"dd1f3060-942b-489b-8b31-e476b1037419"},{"src":"|project://smallsql0.21_src/src/smallsql/database/ExpressionArithmetic.java|(22147,892,<602,20>,<616,21>)","metadata":{"length":15,"sloc":15,"mass":77},"fragment":"switch(operation){\r\n\t\t\t\t\t\tcase IN:\r\n\t\t\t\t\t\tcase EQUALS_NULL:\r\n                        case EQUALS:    return left.getFloat() == right.getFloat();\r\n                        case GREATER:   return left.getFloat() >  right.getFloat();\r\n                        case GRE_EQU:   return left.getFloat() >= right.getFloat();\r\n                        case LESSER:    return left.getFloat() <  right.getFloat();\r\n                        case LES_EQU:   return left.getFloat() <= right.getFloat();\r\n                        case UNEQUALS:  return left.getFloat() != right.getFloat();\r\n                        case BETWEEN:\r\n                                        float _left = left.getFloat();\r\n                                        return _left >= right.getFloat() && right2.getFloat() >= _left;\r\n                        default:\r\n                        \treturn getFloat() != 0;\r\n                    }","location":{"offset":[22147,892],"column":20,"row":602,"file":"smallsql0.21_src/src/smallsql/database/ExpressionArithmetic.java"},"clone_class":"9daefd57-fd12-4bf0-8de5-9707fc098835","pairs":[{"type":2,"id":"c2b045a4-fe35-46a7-ab96-6da11bceebc3"},{"type":2,"id":"dd1f3060-942b-489b-8b31-e476b1037419"},{"type":2,"id":"f5984fee-82d4-40f5-bf1e-7f80238905f4"},{"type":2,"id":"0a6a535a-4c72-4c4a-a152-65a9a25d9def"}],"id":"4678fadc-43de-431b-b840-320a413c48bf"},{"src":"|project://smallsql0.21_src/src/smallsql/database/ExpressionArithmetic.java|(20168,858,<566,20>,<580,21>)","metadata":{"length":15,"sloc":15,"mass":77},"fragment":"switch(operation){\r\n\t\t\t\t\t\tcase IN:\r\n\t\t\t\t\t\tcase EQUALS_NULL:\r\n                        case EQUALS:    return left.getInt() == right.getInt();\r\n                        case GREATER:   return left.getInt() >  right.getInt();\r\n                        case GRE_EQU:   return left.getInt() >= right.getInt();\r\n                        case LESSER:    return left.getInt() <  right.getInt();\r\n                        case LES_EQU:   return left.getInt() <= right.getInt();\r\n                        case UNEQUALS:  return left.getInt() != right.getInt();\r\n                        case BETWEEN:\r\n                                        int _left = left.getInt();\r\n                                        return _left >= right.getInt() && right2.getInt() >= _left;\r\n                        default:\r\n                        \treturn getInt() != 0;\r\n                    }","location":{"offset":[20168,858],"column":20,"row":566,"file":"smallsql0.21_src/src/smallsql/database/ExpressionArithmetic.java"},"clone_class":"9daefd57-fd12-4bf0-8de5-9707fc098835","pairs":[{"type":2,"id":"c2b045a4-fe35-46a7-ab96-6da11bceebc3"},{"type":2,"id":"dd1f3060-942b-489b-8b31-e476b1037419"},{"type":2,"id":"4678fadc-43de-431b-b840-320a413c48bf"},{"type":2,"id":"0a6a535a-4c72-4c4a-a152-65a9a25d9def"}],"id":"f5984fee-82d4-40f5-bf1e-7f80238905f4"},{"src":"|project://smallsql0.21_src/src/smallsql/database/ExpressionArithmetic.java|(21213,875,<586,20>,<600,21>)","metadata":{"length":15,"sloc":15,"mass":77},"fragment":"switch(operation){\r\n\t\t\t\t\t\tcase IN:\r\n\t\t\t\t\t\tcase EQUALS_NULL:\r\n                        case EQUALS:    return left.getLong() == right.getLong();\r\n                        case GREATER:   return left.getLong() >  right.getLong();\r\n                        case GRE_EQU:   return left.getLong() >= right.getLong();\r\n                        case LESSER:    return left.getLong() <  right.getLong();\r\n                        case LES_EQU:   return left.getLong() <= right.getLong();\r\n                        case UNEQUALS:  return left.getLong() != right.getLong();\r\n                        case BETWEEN:\r\n                                        long _left = left.getLong();\r\n                                        return _left >= right.getLong() && right2.getLong() >= _left;\r\n                        default:\r\n                        \treturn getLong() != 0;\r\n                    }","location":{"offset":[21213,875],"column":20,"row":586,"file":"smallsql0.21_src/src/smallsql/database/ExpressionArithmetic.java"},"clone_class":"9daefd57-fd12-4bf0-8de5-9707fc098835","pairs":[{"type":2,"id":"c2b045a4-fe35-46a7-ab96-6da11bceebc3"},{"type":2,"id":"dd1f3060-942b-489b-8b31-e476b1037419"},{"type":2,"id":"4678fadc-43de-431b-b840-320a413c48bf"},{"type":2,"id":"f5984fee-82d4-40f5-bf1e-7f80238905f4"}],"id":"0a6a535a-4c72-4c4a-a152-65a9a25d9def"}]