[{"src":"|project://smallsql0.21_src/src/smallsql/junit/BenchTest.java|(16670,2048,<408,54>,<449,5>)","metadata":{"length":42,"sloc":42,"mass":229},"fragment":"{\r\n        System.out.println();\r\n        System.out.println( \"Test update rows with a PreparedStatement: \" + rowCount + \" rows\");\r\n        try{\r\n            PreparedStatement pr = con.prepareStatement( \"UPDATE \" + tableName + \" SET bi=?,c=?,d=?,de=?,f=?,im=?,i=?,m=?,n=?,r=?,sd=?,si=?,sm=?,sy=?,t=?,ti=?,vb=?,vc=? WHERE i=?\" );\r\n            long time = -System.currentTimeMillis();\r\n            for (int i=0; i<rowCount; i++){\r\n\t            pr.setBytes (  1, byteArray );\r\n\t            pr.setString(  2 , \"Test\" );\r\n\t            pr.setDate  (  3 , new Date( System.currentTimeMillis() ) );\r\n\t            pr.setFloat (  4, (float)1234.56789 );\r\n\t            pr.setFloat (  5 , (float)9876.54321 );\r\n\t            pr.setBytes (  6, largeByteArray );\r\n\t            pr.setInt   (  7 , i );\r\n\t            pr.setDouble(  8 , 23.45 );\r\n\t            pr.setDouble(  9 , 567.45 );\r\n\t            pr.setFloat (  10 , (float)78.89 );\r\n\t            pr.setTime  (  11, new Time( System.currentTimeMillis() ) );\r\n\t            pr.setShort (  12, (short)23456 );\r\n\t            pr.setFloat (  13, (float)34.56 );\r\n\t            pr.setString(  14, \"sysname (30) NULL\" );\r\n\t            pr.setString(  15 , \"text NULL\" );\r\n\t            pr.setByte  (  16, (byte)28 );\r\n\t            pr.setBytes (  17, byteArray );\r\n\t            pr.setString(  18, \"varchar (255) NULL\" );\r\n\t            pr.setInt   (  19 , i );\r\n                int updateCount = pr.executeUpdate();\r\n                if (updateCount != 1){\r\n                    System.out.println( \"  Failed: Update count should be 1 but it is \" + updateCount + \".\");\r\n                    return;\r\n                }\r\n            }\r\n            time += System.currentTimeMillis();\r\n            System.out.println( \"  Test time: \" + time + \" ms\");\r\n            pr.close();\r\n        }catch(Exception e){\r\n            System.out.println(\"  Failed:\"+e);\r\n        }finally{\r\n            System.out.println();\r\n            System.out.println(\"===================================================================\");\r\n        }\r\n    }","location":{"offset":[16670,2048],"column":54,"row":408,"file":"smallsql0.21_src/src/smallsql/junit/BenchTest.java"},"clone_class":"a20603d3-f3fc-4ed2-a9b1-658de18902e6","pairs":[{"type":3,"id":"7e0607c2-afee-4d51-a051-bf6ffc04c977"}],"id":"6e75051f-e59f-4c40-9b8e-1f3697de7ee6"},{"src":"|project://smallsql0.21_src/src/smallsql/junit/BenchTest.java|(19080,2239,<461,11>,<498,9>)","metadata":{"length":38,"sloc":37,"mass":223},"fragment":"{\r\n            Statement st = con.createStatement();\r\n            try{st.execute(\"drop procedure sp_\"+tableName);}catch(Exception e){/* ignore it */}\r\n            st.execute(\"create procedure sp_\"+tableName+\" (@bi binary,@c nchar(255),@d datetime,@de decimal,@f float,@im image,@i int,@m money,@n numeric(18, 0),@r real,@sd smalldatetime,@si smallint,@sm smallmoney,@sy sysname,@t ntext,@ti tinyint,@vb varbinary(255),@vc nvarchar(255)) as UPDATE \" + tableName + \" SET bi=@bi,c=@c,d=@d,de=@de,f=@f,im=@im,i=@i,m=@m,n=@n,r=@r,sd=@sd,si=@si,sm=@sm,sy=@sy,t=@t,ti=@ti,vb=@vb,vc=@vc WHERE i=@i\");\r\n\r\n            PreparedStatement pr = con.prepareStatement( \"exec sp_\" + tableName + \" ?,?,?,?,?,?,?,?,?,?,?,?,?,?,?,?,?,?\" );\r\n            long time = -System.currentTimeMillis();\r\n            for (int i=0; i<rowCount; i++){\r\n\t            pr.setBytes (  1, byteArray );\r\n\t            pr.setString(  2 , \"Test\" );\r\n\t            pr.setDate  (  3 , new Date( System.currentTimeMillis() ) );\r\n\t            pr.setFloat (  4, (float)1234.56789 );\r\n\t            pr.setFloat (  5 , (float)9876.54321 );\r\n\t            pr.setBytes (  6, largeByteArray );\r\n\t            pr.setInt   (  7 , i );\r\n\t            pr.setDouble(  8 , 23.45 );\r\n\t            pr.setDouble(  9 , 567.45 );\r\n\t            pr.setFloat (  10 , (float)78.89 );\r\n\t            pr.setTime  (  11, new Time( System.currentTimeMillis() ) );\r\n\t            pr.setShort (  12, (short)23456 );\r\n\t            pr.setFloat (  13, (float)34.56 );\r\n\t            pr.setString(  14, \"sysname (30) NULL\" );\r\n\t            pr.setString(  15 , \"text NULL\" );\r\n\t            pr.setByte  (  16, (byte)28 );\r\n\t            pr.setBytes (  17, byteArray );\r\n\t            pr.setString(  18, \"varchar (255) NULL\" );\r\n                int updateCount = pr.executeUpdate();\r\n                if (updateCount != 1){\r\n                    System.out.println( \"  Failed: Update count should be 1 but it is \" + updateCount + \".\");\r\n                    return;\r\n                }\r\n            }\r\n            time += System.currentTimeMillis();\r\n            System.out.println( \"  Test time: \" + time + \" ms\");\r\n            st.execute(\"drop procedure sp_\"+tableName);\r\n            st.close();\r\n            pr.close();\r\n        }","location":{"offset":[19080,2239],"column":11,"row":461,"file":"smallsql0.21_src/src/smallsql/junit/BenchTest.java"},"clone_class":"a20603d3-f3fc-4ed2-a9b1-658de18902e6","pairs":[{"type":3,"id":"6e75051f-e59f-4c40-9b8e-1f3697de7ee6"}],"id":"7e0607c2-afee-4d51-a051-bf6ffc04c977"}]