[{"src":"|project://smallsql0.21_src/src/smallsql/database/ExpressionArithmetic.java|(8109,476,<248,8>,<256,9>)","metadata":{"length":9,"sloc":9,"mass":54},"fragment":"switch(operation){\r\n            case ADD: return left.getLong() + right.getLong();\r\n            case SUB: return left.getLong() - right.getLong();\r\n            case MUL: return left.getLong() * right.getLong();\r\n            case DIV: return left.getLong() / right.getLong();\r\n            case NEGATIVE:  return          - left.getLong();\r\n            case MOD:\t\treturn left.getLong() % right.getLong();\r\n            case BIT_NOT:   return          ~ right.getInt();\r\n        }","location":{"offset":[8109,476],"column":8,"row":248,"file":"smallsql0.21_src/src/smallsql/database/ExpressionArithmetic.java"},"clone_class":"6663de64-40e5-426b-99c8-ed38bd7b1cd1","pairs":[{"type":2,"id":"679dcaff-ea8f-4263-b3d4-e4fa1c670b10"}],"id":"3c4e157c-d7ef-4810-a1f3-98578d491b50"},{"src":"|project://smallsql0.21_src/src/smallsql/database/ExpressionArithmetic.java|(6533,498,<206,8>,<214,9>)","metadata":{"length":9,"sloc":9,"mass":54},"fragment":"switch(operation){\r\n            case ADD:       return left.getInt() + right.getInt();\r\n            case SUB:       return left.getInt() - right.getInt();\r\n            case MUL:       return left.getInt() * right.getInt();\r\n            case DIV:       return left.getInt() / right.getInt();\r\n            case NEGATIVE:  return               - left.getInt();\r\n            case MOD:\t\treturn left.getInt() % right.getInt();\r\n            case BIT_NOT:   return               ~ left.getInt();\r\n        }","location":{"offset":[6533,498],"column":8,"row":206,"file":"smallsql0.21_src/src/smallsql/database/ExpressionArithmetic.java"},"clone_class":"6663de64-40e5-426b-99c8-ed38bd7b1cd1","pairs":[{"type":2,"id":"3c4e157c-d7ef-4810-a1f3-98578d491b50"}],"id":"679dcaff-ea8f-4263-b3d4-e4fa1c670b10"}]