[{"src":"|project://smallsql0.21_src/src/smallsql/junit/TestDBMetaData.java|(8442,274,<183,8>,<183,282>)","metadata":{"length":1,"sloc":1,"mass":60},"fragment":"int[] colTypes = {Types.VARCHAR, Types.NULL, Types.VARCHAR, Types.VARCHAR, Types.SMALLINT, Types.VARCHAR, Types.INTEGER, Types.NULL, Types.INTEGER, Types.INTEGER, Types.INTEGER, Types.NULL, Types.VARCHAR, Types.NULL, Types.NULL, Types.INTEGER, Types.INTEGER, Types.VARCHAR};","location":{"offset":[8442,274],"column":8,"row":183,"file":"smallsql0.21_src/src/smallsql/junit/TestDBMetaData.java"},"clone_class":"0277293b-2885-43bb-8e86-c5f93c7f8d94","pairs":[{"type":2,"id":"2fa81465-7d94-4a94-a95e-4e5a56f7f92b"}],"id":"c8237f07-be5b-43a9-a7c7-81c10e703f3f"},{"src":"|project://smallsql0.21_src/src/smallsql/junit/TestDBMetaData.java|(10017,280,<211,8>,<211,288>)","metadata":{"length":1,"sloc":1,"mass":60},"fragment":"int[] colTypes = {Types.VARCHAR, Types.SMALLINT, Types.INTEGER, Types.VARCHAR, Types.VARCHAR, Types.VARCHAR, Types.SMALLINT, Types.BOOLEAN, Types.SMALLINT, Types.BOOLEAN, Types.BOOLEAN, Types.BOOLEAN, Types.NULL, Types.INTEGER, Types.INTEGER, Types.NULL, Types.NULL, Types.NULL };","location":{"offset":[10017,280],"column":8,"row":211,"file":"smallsql0.21_src/src/smallsql/junit/TestDBMetaData.java"},"clone_class":"0277293b-2885-43bb-8e86-c5f93c7f8d94","pairs":[{"type":2,"id":"c8237f07-be5b-43a9-a7c7-81c10e703f3f"}],"id":"2fa81465-7d94-4a94-a95e-4e5a56f7f92b"}]