[{"src":"|project://smallsql0.21_src/src/smallsql/junit/TestOrderBy.java|(14632,650,<545,64>,<569,2>)","metadata":{"length":25,"sloc":21,"mass":109},"fragment":"{\r\n\t\tinit();\r\n\t\tConnection con = AllTests.getConnection();\r\n\t\tStatement st = con.createStatement();\r\n\t\tResultSet rs;\r\n\t\tLong oldValue;\r\n\t\t\r\n\t\trs = st.executeQuery(\"SELECT bi/2 bi_2 FROM \" + table1 + \" ORDER  by (bi/2)\");\r\n\t\t\r\n\t\tassertTrue( rs.next() );\r\n\t\t\r\n\t\toldValue = (Long)rs.getObject(\"bi_2\");\r\n\t\tassertNull(oldValue);\r\n\t\tassertTrue( rs.next() );\r\n\t\toldValue = (Long)rs.getObject(\"bi_2\");\r\n\t\t\r\n\t\tint count = 1;\r\n\t\twhile(rs.next()){\r\n\t\t\tLong newValue = (Long)rs.getObject(\"bi_2\");\r\n\t\t\tassertTrue( oldValue + \"<=\"+newValue, oldValue.compareTo( newValue ) <= 0 );\r\n\t\t\toldValue = newValue;\r\n\t\t\tcount++;\r\n\t\t}\r\n\t\tassertEquals( valueCount, count );\r\n\t}","location":{"offset":[14632,650],"column":64,"row":545,"file":"smallsql0.21_src/src/smallsql/junit/TestOrderBy.java"},"clone_class":"66372428-0159-4467-ac51-76e9fa40ea5f","pairs":[{"type":3,"id":"034491fe-b990-4b60-9955-3cb389af092f"}],"id":"8c0ac809-d9e8-4ad1-b296-68dfe2687447"},{"src":"|project://smallsql0.21_src/src/smallsql/junit/TestOrderBy.java|(3939,629,<115,48>,<140,2>)","metadata":{"length":26,"sloc":22,"mass":103},"fragment":"{\r\n\t\tinit();\r\n\t\tConnection con = AllTests.getConnection();\r\n\t\tStatement st = con.createStatement();\r\n\t\tResultSet rs;\r\n\t\tString oldValue;\r\n\t\t\r\n\t\trs = st.executeQuery(\"SELECT * FROM \" + table1 + \" ORDER  by c\");\r\n\t\t\r\n\t\tassertTrue( rs.next() );\r\n\t\t\r\n\t\toldValue = rs.getString(\"c\");\r\n\t\tassertNull(oldValue);\r\n\t\tassertTrue( rs.next() );\r\n\t\toldValue = rs.getString(\"c\");\r\n\t\t\r\n\t\tint count = 1;\r\n\t\twhile(rs.next()){\r\n\t\t\tString newValue = rs.getString(\"c\");\r\n\t\t\tassertTrue( oldValue + \"<\" + newValue, oldValue.compareTo( newValue ) < 0 );\r\n\t\t\toldValue = newValue;\r\n\t\t\tcount++;\r\n\t\t}\r\n\t\trs.close();\r\n\t\tassertEquals( valueCount, count );\r\n\t}","location":{"offset":[3939,629],"column":48,"row":115,"file":"smallsql0.21_src/src/smallsql/junit/TestOrderBy.java"},"clone_class":"66372428-0159-4467-ac51-76e9fa40ea5f","pairs":[{"type":3,"id":"8c0ac809-d9e8-4ad1-b296-68dfe2687447"}],"id":"034491fe-b990-4b60-9955-3cb389af092f"}]