[{"src":"|project://smallsql0.21_src/src/smallsql/junit/BasicTestCase.java|(4356,498,<125,8>,<137,9>)","metadata":{"length":13,"sloc":12,"mass":81},"fragment":"if(needTrim && obj1 != null){\r\n            // trim for CHAR and BINARY\r\n            if(obj1 instanceof String) obj1 = ((String)obj1).trim();\r\n            if(obj1 instanceof byte[]){\r\n                byte[] tmp = (byte[])obj1;\r\n                int k=tmp.length-1;\r\n                for(; k>= 0; k--) if(tmp[k] != 0) break;\r\n                k++;\r\n                byte[] tmp2 = new byte[k];\r\n                System.arraycopy( tmp, 0, tmp2, 0, k);\r\n                obj1 = tmp2;\r\n            }\r\n        }","location":{"offset":[4356,498],"column":8,"row":125,"file":"smallsql0.21_src/src/smallsql/junit/BasicTestCase.java"},"clone_class":"b0718600-5ba0-409b-9132-6b1629a8362d","pairs":[{"type":2,"id":"a5c030cf-60ee-4c47-a893-765f6fa09c14"}],"id":"38196b4f-69d6-454d-8a10-46ea4ea1e9fb"},{"src":"|project://smallsql0.21_src/src/smallsql/junit/BasicTestCase.java|(4858,372,<138,2>,<150,3>)","metadata":{"length":13,"sloc":12,"mass":81},"fragment":"if(needTrim && obj2 != null){\r\n\t\t\t// trim for CHAR and BINARY\r\n\t\t\tif(obj2 instanceof String) obj2 = ((String)obj2).trim();\r\n\t\t\tif(obj2 instanceof byte[]){\r\n\t\t\t\tbyte[] tmp = (byte[])obj2;\r\n\t\t\t\tint k=tmp.length-1;\r\n\t\t\t\tfor(; k>= 0; k--) if(tmp[k] != 0) break;\r\n\t\t\t\tk++;\r\n\t\t\t\tbyte[] tmp2 = new byte[k];\r\n\t\t\t\tSystem.arraycopy( tmp, 0, tmp2, 0, k);\r\n\t\t\t\tobj2 = tmp2;\r\n\t\t\t}\r\n\t\t}","location":{"offset":[4858,372],"column":2,"row":138,"file":"smallsql0.21_src/src/smallsql/junit/BasicTestCase.java"},"clone_class":"b0718600-5ba0-409b-9132-6b1629a8362d","pairs":[{"type":2,"id":"38196b4f-69d6-454d-8a10-46ea4ea1e9fb"}],"id":"a5c030cf-60ee-4c47-a893-765f6fa09c14"}]