[{"src":"|project://smallsql0.21_src/src/smallsql/database/LongTreeList.java|(10719,422,<375,21>,<388,4>)","metadata":{"length":14,"sloc":13,"mass":68},"fragment":"{\r\n\t\t\t\t// there are more entries in this node\r\n\t\t\t\tresult |= (((long)nextEntry) << shift);\r\n\t\t\t\tif(listEnum.stack>=3){\r\n\t\t\t\t\tlistEnum.offsetStack[listEnum.stack] = offset;\r\n\t\t\t\t\treturn result;\r\n\t\t\t\t}\r\n\t\t\t\tlistEnum.offsetStack[listEnum.stack] = offset+pointerSize;\r\n\t\t\t\toffset = getPointer();\r\n\t\t\t\tshift -= 16;\r\n\t\t\t\tlistEnum.stack++;\r\n\t\t\t\tlistEnum.resultStack[listEnum.stack] = result;\r\n\t\t\t\tloopToEndOfNode(listEnum);\r\n\t\t\t}","location":{"offset":[10719,422],"column":21,"row":375,"file":"smallsql0.21_src/src/smallsql/database/LongTreeList.java"},"clone_class":"a49d8907-f93e-4fcb-aaec-1ed47af80355","pairs":[{"type":3,"id":"4b4aa678-129d-4143-bd13-c7bfcb8fc88a"}],"id":"5ff22368-1c45-4678-86cc-a0876825645a"},{"src":"|project://smallsql0.21_src/src/smallsql/database/LongTreeList.java|(9402,412,<330,34>,<343,4>)","metadata":{"length":14,"sloc":13,"mass":69},"fragment":"{\r\n\t\t\t\t//there are more entries in this node\r\n\t\t\t\tresult |= (((long)nextEntry) << shift);\r\n\t\t\t\tif(listEnum.stack>=3){\r\n\t\t\t\t\tlistEnum.offsetStack[listEnum.stack] = offset;\r\n\t\t\t\t\treturn result;\r\n\t\t\t\t}\r\n\t\t\t\tlistEnum.offsetStack[listEnum.stack] = offset+pointerSize;\r\n\t\t\t\toffset = getPointer();\r\n\t\t\t\tshift -= 16;\r\n\t\t\t\tlistEnum.stack++;\r\n\t\t\t\tlistEnum.resultStack[listEnum.stack] = result;\r\n\t\t\t\tfirstNode = true;\r\n\t\t\t}","location":{"offset":[9402,412],"column":34,"row":330,"file":"smallsql0.21_src/src/smallsql/database/LongTreeList.java"},"clone_class":"a49d8907-f93e-4fcb-aaec-1ed47af80355","pairs":[{"type":3,"id":"5ff22368-1c45-4678-86cc-a0876825645a"}],"id":"4b4aa678-129d-4143-bd13-c7bfcb8fc88a"}]