[{"src":"|project://smallsql0.21_src/src/smallsql/junit/TestTransactions.java|(4645,932,<138,44>,<163,2>)","metadata":{"length":26,"sloc":21,"mass":77},"fragment":"{\r\n\t\tConnection con = AllTests.getConnection();\r\n\t\ttry{\t\t\t\r\n\t\t    con.createStatement().execute(\"Create Table transactions (i int identity, v varchar(20))\");\r\n\t\t\tcon.setAutoCommit(false);\r\n\t\t\tassertRowCount( 0, \"Select * from transactions\");\r\n\r\n\t\t\tcon.createStatement().execute(\"Insert Into transactions(v) Values('qwert')\");\r\n\t\t\tassertRowCount( 1, \"Select * from transactions\");\r\n\r\n\t\t\tcon.createStatement().execute(\"Insert Into transactions(v) Select v From transactions\");\r\n\t\t\tassertRowCount( 2, \"Select * from transactions\");\r\n\r\n\t\t\tcon.createStatement().execute(\"Insert Into transactions(v) (Select v From transactions)\");\r\n\t\t\tassertRowCount( 4, \"Select * from transactions\");\r\n\t\t\t\r\n\t\t\tcon.rollback();\r\n\t\t\tassertRowCount( 0, \"Select * from transactions\");\r\n\t\t\t\r\n\t\t}finally{\r\n\t\t\ttry{\r\n\t\t\t\tcon.createStatement().execute(\"Drop Table transactions\");\r\n\t\t\t}catch(Throwable e){e.printStackTrace();}\r\n\t\t\tcon.setAutoCommit(true);\r\n\t\t}\r\n\t}","location":{"offset":[4645,932],"column":44,"row":138,"file":"smallsql0.21_src/src/smallsql/junit/TestTransactions.java"},"clone_class":"107b7bad-4f18-4052-8633-454060333486","pairs":[{"type":3,"id":"41c69b23-359a-4c20-a888-5e5bf13e83e3"},{"type":3,"id":"bb06d102-20bc-48b6-b5c6-0de1f2b7798d"},{"type":3,"id":"af6d6b6f-30fb-4d4e-a6a2-e21831c71ada"},{"type":3,"id":"07df25be-ad88-478b-be39-536480c90934"}],"id":"75270c78-f253-4db6-8054-1b9760d9d49b"},{"src":"|project://smallsql0.21_src/src/smallsql/junit/TestTransactions.java|(3539,1055,<107,1>,<135,2>)","metadata":{"length":29,"sloc":21,"mass":81},"fragment":"/**\r\n\t * In the table there is already one row that is committed.\r\n\t */\r\n\tpublic void testCommitWithOneCommitRow() throws Exception{\r\n\t\tConnection con = AllTests.getConnection();\r\n\t\ttry{\t\t\t\r\n\t\t\tcon.createStatement().execute(\"Create Table transactions (i int identity, v varchar(20))\");\r\n\t\t\tassertRowCount( 0, \"Select * from transactions\");\r\n\r\n\t\t\tcon.createStatement().execute(\"Insert Into transactions(v) Values('qwert')\");\r\n\t\t\tassertRowCount( 1, \"Select * from transactions\");\r\n\r\n\t\t\tcon.setAutoCommit(false);\r\n\t\t\tcon.createStatement().execute(\"Insert Into transactions(v) Select v From transactions\");\r\n\t\t\tassertRowCount( 2, \"Select * from transactions\");\r\n\r\n\t\t\tcon.createStatement().execute(\"Insert Into transactions (Select * From transactions)\");\r\n\t\t\tassertRowCount( 4, \"Select * from transactions\");\r\n\t\t\t\r\n\t\t\tcon.commit();\r\n\t\t\tassertRowCount( 4, \"Select * from transactions\");\r\n\t\t\t\r\n\t\t}finally{\r\n\t\t\ttry{\r\n\t\t\t\tcon.createStatement().execute(\"Drop Table transactions\");\r\n\t\t\t}catch(Throwable e){e.printStackTrace();}\r\n\t\t\tcon.setAutoCommit(true);\r\n\t\t}\r\n\t}","location":{"offset":[3539,1055],"column":1,"row":107,"file":"smallsql0.21_src/src/smallsql/junit/TestTransactions.java"},"clone_class":"107b7bad-4f18-4052-8633-454060333486","pairs":[{"type":3,"id":"41c69b23-359a-4c20-a888-5e5bf13e83e3"},{"type":3,"id":"bb06d102-20bc-48b6-b5c6-0de1f2b7798d"},{"type":3,"id":"75270c78-f253-4db6-8054-1b9760d9d49b"},{"type":3,"id":"07df25be-ad88-478b-be39-536480c90934"}],"id":"af6d6b6f-30fb-4d4e-a6a2-e21831c71ada"},{"src":"|project://smallsql0.21_src/src/smallsql/junit/TestTransactions.java|(2568,963,<79,1>,<104,2>)","metadata":{"length":26,"sloc":21,"mass":81},"fragment":"public void testCommit() throws Exception{\r\n\t\tConnection con = AllTests.getConnection();\r\n\t\ttry{\t\t\t\r\n\t\t\tcon.setAutoCommit(false);\r\n\t\t\tcon.createStatement().execute(\"Create Table transactions (i int identity, v varchar(20))\");\r\n\t\t\tassertRowCount( 0, \"Select * from transactions\");\r\n\r\n\t\t\tcon.createStatement().execute(\"Insert Into transactions(v) Values('qwert')\");\r\n\t\t\tassertRowCount( 1, \"Select * from transactions\");\r\n\r\n\t\t\tcon.createStatement().execute(\"Insert Into transactions(v) Select v From transactions\");\r\n\t\t\tassertRowCount( 2, \"Select * from transactions\");\r\n\r\n\t\t\tcon.createStatement().execute(\"Insert Into transactions Select * From transactions\");\r\n\t\t\tassertRowCount( 4, \"Select * from transactions\");\r\n\t\t\t\r\n\t\t\tcon.commit();\r\n\t\t\tassertRowCount( 4, \"Select * from transactions\");\r\n\t\t\t\r\n\t\t}finally{\r\n\t\t\ttry{\r\n\t\t\t\tcon.createStatement().execute(\"Drop Table transactions\");\r\n\t\t\t}catch(Throwable e){e.printStackTrace();}\r\n\t\t\tcon.setAutoCommit(true);\r\n\t\t}\r\n\t}","location":{"offset":[2568,963],"column":1,"row":79,"file":"smallsql0.21_src/src/smallsql/junit/TestTransactions.java"},"clone_class":"107b7bad-4f18-4052-8633-454060333486","pairs":[{"type":3,"id":"41c69b23-359a-4c20-a888-5e5bf13e83e3"},{"type":3,"id":"bb06d102-20bc-48b6-b5c6-0de1f2b7798d"},{"type":3,"id":"75270c78-f253-4db6-8054-1b9760d9d49b"},{"type":3,"id":"af6d6b6f-30fb-4d4e-a6a2-e21831c71ada"}],"id":"07df25be-ad88-478b-be39-536480c90934"}]