[{"src":"|project://smallsql0.21_src/src/smallsql/database/SSResultSet.java|(26143,513,<778,4>,<790,5>)","metadata":{"length":13,"sloc":13,"mass":56},"fragment":"public Time getTime(int columnIndex, Calendar cal) throws SQLException {\r\n        try{\r\n            if(cal == null){\r\n                return getTime(columnIndex);\r\n            }\r\n            Expression expr = getValue(columnIndex);\r\n            wasNull = expr.isNull();\r\n            if(wasNull) return null;\r\n            return new Time(DateTime.addDateTimeOffset( expr.getLong(), cal.getTimeZone() ));\r\n        }catch(Exception e){\r\n            throw SmallSQLException.createFromException( e );\r\n        }\r\n    }","location":{"offset":[26143,513],"column":4,"row":778,"file":"smallsql0.21_src/src/smallsql/database/SSResultSet.java"},"clone_class":"fb13f843-6e8d-4197-a2ed-084d6bf0f657","pairs":[{"type":2,"id":"539af46f-f992-46fa-88f0-f92457cf3f5f"},{"type":2,"id":"4c032a94-afe7-4b4f-af7a-3caf67581256"}],"id":"09836ca2-5881-4e08-aa33-b18e5f6296f3"},{"src":"|project://smallsql0.21_src/src/smallsql/database/SSResultSet.java|(25455,513,<758,4>,<770,5>)","metadata":{"length":13,"sloc":13,"mass":56},"fragment":"public Date getDate(int columnIndex, Calendar cal) throws SQLException {\r\n        try{\r\n            if(cal == null){\r\n                return getDate(columnIndex);\r\n            }\r\n            Expression expr = getValue(columnIndex);\r\n            wasNull = expr.isNull();\r\n            if(wasNull) return null;\r\n            return new Date(DateTime.addDateTimeOffset( expr.getLong(), cal.getTimeZone() ));\r\n        }catch(Exception e){\r\n            throw SmallSQLException.createFromException( e );\r\n        }\r\n    }","location":{"offset":[25455,513],"column":4,"row":758,"file":"smallsql0.21_src/src/smallsql/database/SSResultSet.java"},"clone_class":"fb13f843-6e8d-4197-a2ed-084d6bf0f657","pairs":[{"type":2,"id":"09836ca2-5881-4e08-aa33-b18e5f6296f3"},{"type":2,"id":"4c032a94-afe7-4b4f-af7a-3caf67581256"}],"id":"539af46f-f992-46fa-88f0-f92457cf3f5f"},{"src":"|project://smallsql0.21_src/src/smallsql/database/SSResultSet.java|(26831,533,<798,4>,<810,5>)","metadata":{"length":13,"sloc":13,"mass":56},"fragment":"public Timestamp getTimestamp(int columnIndex, Calendar cal) throws SQLException {\r\n        try{\r\n            if(cal == null){\r\n                return getTimestamp(columnIndex);\r\n            }\r\n            Expression expr = getValue(columnIndex);\r\n            wasNull = expr.isNull();\r\n            if(wasNull) return null;\r\n            return new Timestamp(DateTime.addDateTimeOffset( expr.getLong(), cal.getTimeZone() ));\r\n        }catch(Exception e){\r\n            throw SmallSQLException.createFromException( e );\r\n        }\r\n    }","location":{"offset":[26831,533],"column":4,"row":798,"file":"smallsql0.21_src/src/smallsql/database/SSResultSet.java"},"clone_class":"fb13f843-6e8d-4197-a2ed-084d6bf0f657","pairs":[{"type":2,"id":"09836ca2-5881-4e08-aa33-b18e5f6296f3"},{"type":2,"id":"539af46f-f992-46fa-88f0-f92457cf3f5f"}],"id":"4c032a94-afe7-4b4f-af7a-3caf67581256"}]