[{"src":"|project://smallsql0.21_src/src/smallsql/database/ExpressionArithmetic.java|(10231,887,<308,4>,<332,5>)","metadata":{"length":25,"sloc":25,"mass":91},"fragment":"float getFloat() throws java.lang.Exception {\r\n        if(isNull()) return 0;\r\n        int dataType = getDataType();\r\n        switch(dataType){\r\n            case SQLTokenizer.BIT:\r\n            case SQLTokenizer.BOOLEAN:\r\n\t\t\t\treturn getBoolean() ? 1 : 0;\r\n            case SQLTokenizer.TINYINT:\r\n            case SQLTokenizer.SMALLINT:\r\n            case SQLTokenizer.INT:\r\n\t\t\t\treturn getIntImpl();\r\n            case SQLTokenizer.BIGINT:\r\n                return getLongImpl();\r\n\t\t\tcase SQLTokenizer.REAL:\r\n                return getFloatImpl();\r\n\t\t\tcase SQLTokenizer.FLOAT:\r\n\t\t\tcase SQLTokenizer.DOUBLE:\r\n            case SQLTokenizer.MONEY:\r\n            case SQLTokenizer.SMALLMONEY:\r\n            case SQLTokenizer.NUMERIC:\r\n            case SQLTokenizer.DECIMAL:\r\n                return (float)getDoubleImpl();\r\n        }\r\n\t\tthrow createUnspportedConversion( SQLTokenizer.DOUBLE);\r\n    }","location":{"offset":[10231,887],"column":4,"row":308,"file":"smallsql0.21_src/src/smallsql/database/ExpressionArithmetic.java"},"clone_class":"c6db81d8-e385-4d36-8560-eb8b68911293","pairs":[{"type":3,"id":"871f2e00-43d5-461b-a992-405d287d61b0"},{"type":3,"id":"f47c1d80-ea9b-4bd0-b68a-cc4ffd1ccb95"},{"type":3,"id":"f149a0ae-7342-4108-9629-277e9f721c2e"}],"id":"15e949e2-dbec-4b0a-9665-9d49377d9732"},{"src":"|project://smallsql0.21_src/src/smallsql/database/ExpressionArithmetic.java|(5419,1033,<175,44>,<202,5>)","metadata":{"length":28,"sloc":25,"mass":88},"fragment":"{\r\n        if(isNull()) return 0;\r\n        int dataType = getDataType();\r\n        switch(dataType){\r\n            case SQLTokenizer.BIT:\r\n            case SQLTokenizer.BOOLEAN:\r\n\t\t\t\treturn getBoolean() ? 1 : 0;\r\n            case SQLTokenizer.TINYINT:\r\n            case SQLTokenizer.SMALLINT:\r\n            case SQLTokenizer.INT:\r\n\t\t\t\treturn getIntImpl();\r\n            case SQLTokenizer.BIGINT:\r\n                return (int)getLongImpl();\r\n\t\t\tcase SQLTokenizer.REAL:\r\n                return (int)getFloatImpl();\r\n\t\t\tcase SQLTokenizer.FLOAT:\r\n\t\t\tcase SQLTokenizer.DOUBLE:\r\n            case SQLTokenizer.MONEY:\r\n            case SQLTokenizer.SMALLMONEY:\r\n            case SQLTokenizer.NUMERIC:\r\n            case SQLTokenizer.DECIMAL:\r\n            \t// FIXME: bug! if get returns a number outside of\r\n            \t// integer interval, it's not rounded to max/min, \r\n            \t// instead it returns a wrong value\r\n                return (int)getDoubleImpl();\r\n        }\r\n        throw createUnspportedConversion( SQLTokenizer.INT);\r\n    }","location":{"offset":[5419,1033],"column":44,"row":175,"file":"smallsql0.21_src/src/smallsql/database/ExpressionArithmetic.java"},"clone_class":"c6db81d8-e385-4d36-8560-eb8b68911293","pairs":[{"type":3,"id":"15e949e2-dbec-4b0a-9665-9d49377d9732"},{"type":3,"id":"f47c1d80-ea9b-4bd0-b68a-cc4ffd1ccb95"},{"type":3,"id":"f149a0ae-7342-4108-9629-277e9f721c2e"}],"id":"871f2e00-43d5-461b-a992-405d287d61b0"},{"src":"|project://smallsql0.21_src/src/smallsql/database/ExpressionArithmetic.java|(7115,888,<219,1>,<243,5>)","metadata":{"length":25,"sloc":25,"mass":93},"fragment":"long getLong() throws java.lang.Exception {\r\n        if(isNull()) return 0;\r\n        int dataType = getDataType();\r\n        switch(dataType){\r\n            case SQLTokenizer.BIT:\r\n            case SQLTokenizer.BOOLEAN:\r\n\t\t\t\treturn getBoolean() ? 1 : 0;\r\n            case SQLTokenizer.TINYINT:\r\n            case SQLTokenizer.SMALLINT:\r\n            case SQLTokenizer.INT:\r\n\t\t\t\treturn getIntImpl();\r\n            case SQLTokenizer.BIGINT:\r\n                return getLongImpl();\r\n\t\t\tcase SQLTokenizer.REAL:\r\n                return (long)getFloatImpl();\r\n\t\t\tcase SQLTokenizer.FLOAT:\r\n\t\t\tcase SQLTokenizer.DOUBLE:\r\n            case SQLTokenizer.MONEY:\r\n            case SQLTokenizer.SMALLMONEY:\r\n            case SQLTokenizer.NUMERIC:\r\n            case SQLTokenizer.DECIMAL:\r\n                return (long)getDoubleImpl();\r\n        }\r\n\t\tthrow createUnspportedConversion( SQLTokenizer.LONG);\r\n    }","location":{"offset":[7115,888],"column":1,"row":219,"file":"smallsql0.21_src/src/smallsql/database/ExpressionArithmetic.java"},"clone_class":"c6db81d8-e385-4d36-8560-eb8b68911293","pairs":[{"type":3,"id":"15e949e2-dbec-4b0a-9665-9d49377d9732"},{"type":3,"id":"871f2e00-43d5-461b-a992-405d287d61b0"},{"type":3,"id":"f149a0ae-7342-4108-9629-277e9f721c2e"}],"id":"f47c1d80-ea9b-4bd0-b68a-cc4ffd1ccb95"},{"src":"|project://smallsql0.21_src/src/smallsql/database/ExpressionArithmetic.java|(8661,882,<261,4>,<285,5>)","metadata":{"length":25,"sloc":25,"mass":89},"fragment":"double getDouble() throws java.lang.Exception {\r\n        if(isNull()) return 0;\r\n        int dataType = getDataType();\r\n        switch(dataType){\r\n            case SQLTokenizer.BIT:\r\n            case SQLTokenizer.BOOLEAN:\r\n\t\t\t\treturn getBoolean() ? 1 : 0;\r\n            case SQLTokenizer.TINYINT:\r\n            case SQLTokenizer.SMALLINT:\r\n            case SQLTokenizer.INT:\r\n\t\t\t\treturn getIntImpl();\r\n            case SQLTokenizer.BIGINT:\r\n                return getLongImpl();\r\n\t\t\tcase SQLTokenizer.REAL:\r\n                return getFloatImpl();\r\n\t\t\tcase SQLTokenizer.FLOAT:\r\n\t\t\tcase SQLTokenizer.DOUBLE:\r\n            case SQLTokenizer.MONEY:\r\n            case SQLTokenizer.SMALLMONEY:\r\n            case SQLTokenizer.NUMERIC:\r\n            case SQLTokenizer.DECIMAL:\r\n                return getDoubleImpl();\r\n        }\r\n\t\tthrow createUnspportedConversion( SQLTokenizer.DOUBLE);\r\n    }","location":{"offset":[8661,882],"column":4,"row":261,"file":"smallsql0.21_src/src/smallsql/database/ExpressionArithmetic.java"},"clone_class":"c6db81d8-e385-4d36-8560-eb8b68911293","pairs":[{"type":3,"id":"15e949e2-dbec-4b0a-9665-9d49377d9732"},{"type":3,"id":"871f2e00-43d5-461b-a992-405d287d61b0"},{"type":3,"id":"f47c1d80-ea9b-4bd0-b68a-cc4ffd1ccb95"}],"id":"f149a0ae-7342-4108-9629-277e9f721c2e"}]