[{"src":"|project://smallsql0.21_src/src/smallsql/junit/TestThreads.java|(2560,632,<88,40>,<104,13>)","metadata":{"length":17,"sloc":15,"mass":54},"fragment":"{\r\n                Thread thread = new Thread(new Runnable(){\r\n\r\n                    public void run(){\r\n                        try{\r\n                            Statement st2 = con.createStatement();\r\n                            int count = st2.executeUpdate(\"UPDATE ConcurrentWrite SET value = value + 1\");\r\n                            assertEquals(\"Update Count\", 1, count);\r\n                        }catch(Throwable ex){\r\n                            throwable = ex;\r\n                        }\r\n                    }\r\n\r\n                });\r\n                threadList.add(thread);\r\n                thread.start();\r\n            }","location":{"offset":[2560,632],"column":40,"row":88,"file":"smallsql0.21_src/src/smallsql/junit/TestThreads.java"},"clone_class":"7b54b6ed-7bdf-49b1-a270-a5546894dcde","pairs":[{"type":3,"id":"79765185-1c40-4390-a81f-996b5c517e39"}],"id":"732dfb4b-51fd-438f-9874-56797ae04451"},{"src":"|project://smallsql0.21_src/src/smallsql/junit/TestThreads.java|(4458,627,<141,32>,<155,18>)","metadata":{"length":15,"sloc":13,"mass":51},"fragment":"new Thread(new Runnable(){\r\n\r\n                    public void run(){\r\n                        try{\r\n                            Connection con2 = AllTests.createConnection();\r\n                            Statement st2 = con2.createStatement();\r\n                            int count = st2.executeUpdate(\"UPDATE ConcurrentWrite SET value = value + 1\");\r\n                            assertEquals(\"Update Count\", 1, count);\r\n                            con2.close();\r\n                        }catch(Throwable ex){\r\n                            throwable = ex;\r\n                        }\r\n                    }\r\n\r\n                })","location":{"offset":[4458,627],"column":32,"row":141,"file":"smallsql0.21_src/src/smallsql/junit/TestThreads.java"},"clone_class":"7b54b6ed-7bdf-49b1-a270-a5546894dcde","pairs":[{"type":3,"id":"732dfb4b-51fd-438f-9874-56797ae04451"}],"id":"79765185-1c40-4390-a81f-996b5c517e39"}]