[{"src":"|project://smallsql0.21_src/src/smallsql/junit/TestAlterTable.java|(3525,885,<95,4>,<115,5>)","metadata":{"length":21,"sloc":21,"mass":85},"fragment":"public void testAddWithTableLock_READ_COMMITTED() throws Exception{\r\n        Connection con = AllTests.getConnection();\r\n        Statement st = con.createStatement();\r\n        int isolation = con.getTransactionIsolation();\r\n        con.setAutoCommit(false);\r\n        try{\r\n            con.setTransactionIsolation( Connection.TRANSACTION_READ_COMMITTED );\r\n            ResultSet rs = st.executeQuery(\"Select * From \" + table);\r\n            rs.next();\r\n            st.execute(\"Alter Table \" + table + \" Add a Varchar(20)\");\r\n            try {\r\n                rs.next();\r\n                fail(\"Alter Table should not work on a table with a lock.\");\r\n            } catch (SQLException ex) {\r\n                assertSQLException( \"01000\", 0, ex );\r\n            }\r\n        }finally{\r\n            con.setTransactionIsolation(isolation);\r\n            con.setAutoCommit(true);\r\n        }\r\n    }","location":{"offset":[3525,885],"column":4,"row":95,"file":"smallsql0.21_src/src/smallsql/junit/TestAlterTable.java"},"clone_class":"20c1686c-add8-444f-a49a-00c879308328","pairs":[{"type":3,"id":"b087af74-1ae3-45c2-a903-c6cb1047c4f4"}],"id":"0ad9e91e-d1f5-4e40-9cb9-25fcb3a91ee3"},{"src":"|project://smallsql0.21_src/src/smallsql/junit/TestAlterTable.java|(2687,820,<72,71>,<92,5>)","metadata":{"length":21,"sloc":21,"mass":81},"fragment":"{\r\n        Connection con = AllTests.getConnection();\r\n        Statement st = con.createStatement();\r\n        int isolation = con.getTransactionIsolation();\r\n        con.setAutoCommit(false);\r\n        try{\r\n            con.setTransactionIsolation( Connection.TRANSACTION_REPEATABLE_READ );\r\n            ResultSet rs = st.executeQuery(\"Select * From \" + table);\r\n            rs.next();\r\n            try {\r\n                st.execute(\"Alter Table \" + table + \" Add a Varchar(20)\");\r\n                fail(\"Alter Table should not work on a table with a lock.\");\r\n            } catch (SQLException ex) {\r\n                assertSQLException( \"01000\", 0, ex );\r\n            }\r\n            rs.next();\r\n        }finally{\r\n            con.setTransactionIsolation(isolation);\r\n            con.setAutoCommit(true);\r\n        }\r\n    }","location":{"offset":[2687,820],"column":71,"row":72,"file":"smallsql0.21_src/src/smallsql/junit/TestAlterTable.java"},"clone_class":"20c1686c-add8-444f-a49a-00c879308328","pairs":[{"type":3,"id":"0ad9e91e-d1f5-4e40-9cb9-25fcb3a91ee3"}],"id":"b087af74-1ae3-45c2-a903-c6cb1047c4f4"}]