[{"src":"|project://smallsql0.21_src/src/smallsql/database/ExpressionFunctionRound.java|(1590,488,<45,4>,<68,5>)","metadata":{"length":24,"sloc":24,"mass":95},"fragment":"final double getDouble() throws Exception{\r\n\t\tif(isNull()) return 0;\r\n\t\tfinal int places = param2.getInt();\r\n\t\tdouble value = param1.getDouble();\r\n\t\tlong factor = 1;\r\n\t\tif(places > 0){\r\n\t\t\tfor(int i=0; i<places; i++){\r\n\t\t\t\tfactor *= 10;\r\n\t\t\t}\r\n\t\t\tvalue *= factor;\r\n\t\t}else{\r\n\t\t\tfor(int i=0; i>places; i--){\r\n\t\t\t\tfactor *= 10;\r\n\t\t\t}\r\n\t\t\tvalue /= factor;\r\n\t\t}\r\n\t\tvalue = Math.rint( value );\r\n\t\tif(places > 0){\r\n\t\t\tvalue /= factor;\r\n\t\t}else{\r\n\t\t\tvalue *= factor;\r\n\t\t}\r\n\t\treturn value;\r\n    }","location":{"offset":[1590,488],"column":4,"row":45,"file":"smallsql0.21_src/src/smallsql/database/ExpressionFunctionRound.java"},"clone_class":"c27acd4e-8e46-4d9d-a806-6745930e7f0c","pairs":[{"type":3,"id":"e15fcd12-732a-48a4-aaae-b7e68740794b"}],"id":"a825740e-120b-4998-a046-382787ffc75d"},{"src":"|project://smallsql0.21_src/src/smallsql/database/ExpressionFunctionTruncate.java|(1640,488,<45,45>,<68,5>)","metadata":{"length":24,"sloc":24,"mass":91},"fragment":"{\r\n\t\tif(isNull()) return 0;\r\n\t\tfinal int places = param2.getInt();\r\n\t\tdouble value = param1.getDouble();\r\n\t\tlong factor = 1;\r\n\t\tif(places > 0){\r\n\t\t\tfor(int i=0; i<places; i++){\r\n\t\t\t\tfactor *= 10;\r\n\t\t\t}\r\n\t\t\tvalue *= factor;\r\n\t\t}else{\r\n\t\t\tfor(int i=0; i>places; i--){\r\n\t\t\t\tfactor *= 10;\r\n\t\t\t}\r\n\t\t\tvalue /= factor;\r\n\t\t}\r\n        value -= value % 1; //modulo also work with values larger long\r\n\t\tif(places > 0){\r\n\t\t\tvalue /= factor;\r\n\t\t}else{\r\n\t\t\tvalue *= factor;\r\n\t\t}\r\n\t\treturn value;\r\n    }","location":{"offset":[1640,488],"column":45,"row":45,"file":"smallsql0.21_src/src/smallsql/database/ExpressionFunctionTruncate.java"},"clone_class":"c27acd4e-8e46-4d9d-a806-6745930e7f0c","pairs":[{"type":3,"id":"a825740e-120b-4998-a046-382787ffc75d"}],"id":"e15fcd12-732a-48a4-aaae-b7e68740794b"}]