[{"src":"|project://smallsql0.21_src/src/smallsql/database/StoreImpl.java|(40303,2625,<1085,4>,<1147,5>)","metadata":{"length":63,"sloc":60,"mass":232},"fragment":"/**\r\n     * It used for ResultSet.getDouble()\r\n     */\r\n    @Override\r\n    double getDouble(int valueOffset, int dataType) throws Exception{\r\n        this.offset = valueOffset;\r\n        if(readBoolean()) return 0;\r\n        switch(dataType){\r\n            case SQLTokenizer.BIT:\r\n            case SQLTokenizer.BOOLEAN:\r\n                    return readBoolean() ? 1 : 0;\r\n            case SQLTokenizer.BINARY:\r\n            case SQLTokenizer.VARBINARY:\r\n                    return Utils.bytes2double( readBinary() );\r\n            case SQLTokenizer.TINYINT:\r\n                    return readUnsignedByte();\r\n            case SQLTokenizer.SMALLINT:\r\n                    return readShort();\r\n            case SQLTokenizer.INT:\r\n                    return readInt();\r\n            case SQLTokenizer.BIGINT:\r\n                    return readLong();\r\n            case SQLTokenizer.REAL:\r\n                    return readFloat();\r\n            case SQLTokenizer.FLOAT:\r\n            case SQLTokenizer.DOUBLE:\r\n                    return readDouble();\r\n            case SQLTokenizer.MONEY:\r\n                    return readLong() / 10000.0;\r\n            case SQLTokenizer.SMALLMONEY:\r\n                    return readInt() / 10000.0;\r\n            case SQLTokenizer.NUMERIC:\r\n            case SQLTokenizer.DECIMAL:\r\n                    return readNumeric().doubleValue();\r\n            case SQLTokenizer.CHAR:\r\n            case SQLTokenizer.NCHAR:\r\n            case SQLTokenizer.VARCHAR:\r\n            case SQLTokenizer.NVARCHAR:\r\n                    return Double.parseDouble( readString() );\r\n\t\t\tcase SQLTokenizer.CLOB:\r\n\t\t\tcase SQLTokenizer.NCLOB:\r\n            case SQLTokenizer.LONGNVARCHAR:\r\n            case SQLTokenizer.LONGVARCHAR:\r\n                    return Double.parseDouble( readLongString() );\r\n            case SQLTokenizer.JAVA_OBJECT:\r\n                    ByteArrayInputStream bais = new ByteArrayInputStream(readLongBinary());\r\n                    ObjectInputStream ois = new ObjectInputStream(bais);\r\n                    return Double.parseDouble( ois.readObject().toString() );\r\n            case SQLTokenizer.LONGVARBINARY:\r\n            case SQLTokenizer.BLOB:\r\n                    return Utils.bytes2double( readLongBinary() );\r\n\t\t\tcase SQLTokenizer.TIMESTAMP:\r\n\t\t\t\t\treturn readTimestamp();\r\n\t\t\tcase SQLTokenizer.TIME:\r\n\t\t\t\t\treturn readTime();\r\n\t\t\tcase SQLTokenizer.DATE:\r\n\t\t\t\t\treturn readDate();\r\n\t\t\tcase SQLTokenizer.SMALLDATETIME:\r\n\t\t\t\t\treturn readSmallDateTime();\r\n\t\t\tdefault:\r\n\t\t\t\tthrow SmallSQLException.create(Language.VALUE_CANT_CONVERT, new Object[] { SQLTokenizer.getKeyWord(dataType), \"NUMERIC\" });\r\n        }\r\n    }","location":{"offset":[40303,2625],"column":4,"row":1085,"file":"smallsql0.21_src/src/smallsql/database/StoreImpl.java"},"clone_class":"5be5e03c-d0a8-4b5d-9841-ea684cafb167","pairs":[{"type":3,"id":"5e6d17aa-bf38-42ed-80f9-fb26d4378929"}],"id":"53394d34-7202-463e-a3b7-30966904da66"},{"src":"|project://smallsql0.21_src/src/smallsql/database/StoreImpl.java|(35138,2506,<959,64>,<1017,5>)","metadata":{"length":59,"sloc":59,"mass":230},"fragment":"{\r\n        this.offset = valueOffset;\r\n        if(readBoolean()) return 0;\r\n        switch(dataType){\r\n            case SQLTokenizer.BIT:\r\n            case SQLTokenizer.BOOLEAN:\r\n                    return readBoolean() ? 1 : 0;\r\n            case SQLTokenizer.BINARY:\r\n            case SQLTokenizer.VARBINARY:\r\n                    return Utils.bytes2long( readBinary() );\r\n            case SQLTokenizer.TINYINT:\r\n                    return readUnsignedByte();\r\n            case SQLTokenizer.SMALLINT:\r\n                    return readShort();\r\n            case SQLTokenizer.INT:\r\n                    return readInt();\r\n            case SQLTokenizer.BIGINT:\r\n                    return readLong();\r\n            case SQLTokenizer.REAL:\r\n                    return (long)readFloat();\r\n            case SQLTokenizer.FLOAT:\r\n            case SQLTokenizer.DOUBLE:\r\n                    return (long)readDouble();\r\n            case SQLTokenizer.MONEY:\r\n                    return readLong() / 10000;\r\n            case SQLTokenizer.SMALLMONEY:\r\n                    return readInt() / 10000;\r\n            case SQLTokenizer.NUMERIC:\r\n            case SQLTokenizer.DECIMAL:\r\n                    return readNumeric().longValue();\r\n            case SQLTokenizer.CHAR:\r\n            case SQLTokenizer.NCHAR:\r\n            case SQLTokenizer.VARCHAR:\r\n            case SQLTokenizer.NVARCHAR:\r\n                    return Long.parseLong( readString() );\r\n\t\t\tcase SQLTokenizer.CLOB:\r\n\t\t\tcase SQLTokenizer.NCLOB:\r\n            case SQLTokenizer.LONGNVARCHAR:\r\n            case SQLTokenizer.LONGVARCHAR:\r\n                    return Long.parseLong( readLongString() );\r\n            case SQLTokenizer.JAVA_OBJECT:\r\n                    ByteArrayInputStream bais = new ByteArrayInputStream(readLongBinary());\r\n                    ObjectInputStream ois = new ObjectInputStream(bais);\r\n                    return ExpressionValue.getLong( ois.readObject().toString(), SQLTokenizer.VARCHAR );\r\n            case SQLTokenizer.LONGVARBINARY:\r\n            case SQLTokenizer.BLOB:\r\n                    return Utils.bytes2long( readLongBinary() );\r\n\t\t\tcase SQLTokenizer.TIMESTAMP:\r\n\t\t\t\t\treturn readTimestamp();\r\n\t\t\tcase SQLTokenizer.TIME:\r\n\t\t\t\t\treturn readTime();\r\n\t\t\tcase SQLTokenizer.DATE:\r\n\t\t\t\t\treturn readDate();\r\n\t\t\tcase SQLTokenizer.SMALLDATETIME:\r\n\t\t\t\t\treturn readSmallDateTime();\r\n\t\t\tdefault:\r\n\t\t\t\tthrow SmallSQLException.create(Language.VALUE_CANT_CONVERT, new Object[] { SQLTokenizer.getKeyWord(dataType), \"BIGINT\" });\r\n        }\r\n    }","location":{"offset":[35138,2506],"column":64,"row":959,"file":"smallsql0.21_src/src/smallsql/database/StoreImpl.java"},"clone_class":"5be5e03c-d0a8-4b5d-9841-ea684cafb167","pairs":[{"type":3,"id":"53394d34-7202-463e-a3b7-30966904da66"}],"id":"5e6d17aa-bf38-42ed-80f9-fb26d4378929"}]