[{"src":"|project://smallsql0.21_src/src/smallsql/database/ExpressionFunctionRound.java|(1631,447,<45,45>,<68,5>)","metadata":{"length":24,"sloc":24,"mass":91},"fragment":"{\r\n\t\tif(isNull()) return 0;\r\n\t\tfinal int places = param2.getInt();\r\n\t\tdouble value = param1.getDouble();\r\n\t\tlong factor = 1;\r\n\t\tif(places > 0){\r\n\t\t\tfor(int i=0; i<places; i++){\r\n\t\t\t\tfactor *= 10;\r\n\t\t\t}\r\n\t\t\tvalue *= factor;\r\n\t\t}else{\r\n\t\t\tfor(int i=0; i>places; i--){\r\n\t\t\t\tfactor *= 10;\r\n\t\t\t}\r\n\t\t\tvalue /= factor;\r\n\t\t}\r\n\t\tvalue = Math.rint( value );\r\n\t\tif(places > 0){\r\n\t\t\tvalue /= factor;\r\n\t\t}else{\r\n\t\t\tvalue *= factor;\r\n\t\t}\r\n\t\treturn value;\r\n    }","location":{"offset":[1631,447],"column":45,"row":45,"file":"smallsql0.21_src/src/smallsql/database/ExpressionFunctionRound.java"},"clone_class":"0dea72a8-9ca2-4801-904b-6a4311591562","pairs":[{"type":3,"id":"27b3c1b2-2501-4de1-9997-d5ab5d12b188"},{"type":3,"id":"e15fcd12-732a-48a4-aaae-b7e68740794b"}],"id":"a59835b4-d19c-41db-b590-c2b13d0df39b"},{"src":"|project://smallsql0.21_src/src/smallsql/database/ExpressionFunctionTruncate.java|(1599,529,<45,4>,<68,5>)","metadata":{"length":24,"sloc":24,"mass":95},"fragment":"final double getDouble() throws Exception{\r\n\t\tif(isNull()) return 0;\r\n\t\tfinal int places = param2.getInt();\r\n\t\tdouble value = param1.getDouble();\r\n\t\tlong factor = 1;\r\n\t\tif(places > 0){\r\n\t\t\tfor(int i=0; i<places; i++){\r\n\t\t\t\tfactor *= 10;\r\n\t\t\t}\r\n\t\t\tvalue *= factor;\r\n\t\t}else{\r\n\t\t\tfor(int i=0; i>places; i--){\r\n\t\t\t\tfactor *= 10;\r\n\t\t\t}\r\n\t\t\tvalue /= factor;\r\n\t\t}\r\n        value -= value % 1; //modulo also work with values larger long\r\n\t\tif(places > 0){\r\n\t\t\tvalue /= factor;\r\n\t\t}else{\r\n\t\t\tvalue *= factor;\r\n\t\t}\r\n\t\treturn value;\r\n    }","location":{"offset":[1599,529],"column":4,"row":45,"file":"smallsql0.21_src/src/smallsql/database/ExpressionFunctionTruncate.java"},"clone_class":"0dea72a8-9ca2-4801-904b-6a4311591562","pairs":[{"type":3,"id":"a59835b4-d19c-41db-b590-c2b13d0df39b"},{"type":3,"id":"e15fcd12-732a-48a4-aaae-b7e68740794b"}],"id":"27b3c1b2-2501-4de1-9997-d5ab5d12b188"}]