[{"src":"|project://smallsql0.21_src/src/smallsql/database/SQLTokenizer.java|(32226,1147,<799,4>,<823,5>)","metadata":{"length":25,"sloc":25,"mass":95},"fragment":"static{\r\n        addKeyWord( \"CURDATE\",      CURDATE);\r\n        addKeyWord( \"CURTIME\",      CURTIME);\r\n        addKeyWord( \"CURRENT_DATE\", CURRENTDATE);\r\n        addKeyWord( \"DAYNAME\",      DAYNAME);\r\n        addKeyWord( \"DAYOFMONTH\",   DAYOFMONTH);\r\n        addKeyWord( \"DAYOFWEEK\",    DAYOFWEEK);\r\n        addKeyWord( \"DAYOFYEAR\",    DAYOFYEAR);\r\n\t\taddKeyWord( \"DAY\",    \t\tDAY);\r\n        addKeyWord( \"HOUR\",         HOUR);\r\n\t\taddKeyWord( \"MILLISECOND\",  MILLISECOND);\r\n        addKeyWord( \"MINUTE\",       MINUTE);\r\n        addKeyWord( \"MONTH\",        MONTH);\r\n        addKeyWord( \"MONTHNAME\",    MONTHNAME);\r\n\t\taddKeyWord( \"GETDATE\",      NOW); //alias for MS SQL Server\r\n        addKeyWord( \"NOW\",          NOW);\r\n        addKeyWord( \"QUARTER\",      QUARTER);\r\n        addKeyWord( \"SECOND\",       SECOND);\r\n\t\taddKeyWord( \"DATEADD\", \t\tTIMESTAMPADD); //alias for MS SQL Server\r\n        addKeyWord( \"TIMESTAMPADD\", TIMESTAMPADD);\r\n\t\taddKeyWord( \"DATEDIFF\",\t\tTIMESTAMPDIFF); //alias for MS SQL Server\r\n        addKeyWord( \"TIMESTAMPDIFF\",TIMESTAMPDIFF);\r\n        addKeyWord( \"WEEK\",         WEEK);\r\n        addKeyWord( \"YEAR\",         YEAR);\r\n    }","location":{"offset":[32226,1147],"column":4,"row":799,"file":"smallsql0.21_src/src/smallsql/database/SQLTokenizer.java"},"clone_class":"74724723-a7df-4bf2-8937-aa02d30d8735","pairs":[{"type":3,"id":"96fbeb63-43c8-4293-8a2b-8539df7cd753"},{"type":3,"id":"7a2c3121-d78d-478c-a5d1-fd818495cb47"}],"id":"40528cf3-169c-4ca9-ae0d-a5157e4bf354"},{"src":"|project://smallsql0.21_src/src/smallsql/database/SQLTokenizer.java|(33791,1119,<835,7>,<861,2>)","metadata":{"length":27,"sloc":26,"mass":97},"fragment":"{\r\n\t\taddKeyWord( \"MS\",\t\t\t\t\tSQL_TSI_FRAC_SECOND);\r\n\t\taddKeyWord( \"SQL_TSI_FRAC_SECOND\",\tSQL_TSI_FRAC_SECOND);\r\n\t\taddKeyWord( \"S\",\t\t\t\t\tSQL_TSI_SECOND);\r\n\t\taddKeyWord( \"SS\",\t\t\t\t\tSQL_TSI_SECOND);\r\n\t\taddKeyWord( \"SQL_TSI_SECOND\",\t\tSQL_TSI_SECOND);\r\n\t\taddKeyWord( \"MI\",\t\t\t\t\tSQL_TSI_MINUTE);\r\n\t\taddKeyWord( \"N\",\t\t\t\t\tSQL_TSI_MINUTE);\r\n\t\taddKeyWord( \"SQL_TSI_MINUTE\",\t\tSQL_TSI_MINUTE);\r\n\t\taddKeyWord( \"HH\",\t\t\t\t\tSQL_TSI_HOUR);\r\n\t\taddKeyWord( \"SQL_TSI_HOUR\",\t\t\tSQL_TSI_HOUR);\r\n\t\t//addKeyWord( \"D\",\t\t\t\t\tSQL_TSI_DAY);\r\n\t\taddKeyWord( \"DD\",\t\t\t\t\tSQL_TSI_DAY);\r\n\t\taddKeyWord( \"SQL_TSI_DAY\",\t\t\tSQL_TSI_DAY);\r\n\t\taddKeyWord( \"WK\",\t\t\t\t\tSQL_TSI_WEEK);\r\n\t\taddKeyWord( \"WW\",\t\t\t\t\tSQL_TSI_WEEK);\r\n\t\taddKeyWord( \"SQL_TSI_WEEK\",\t\t\tSQL_TSI_WEEK);\r\n\t\taddKeyWord( \"M\",\t\t\t\t\tSQL_TSI_MONTH);\r\n\t\taddKeyWord( \"MM\",\t\t\t\t\tSQL_TSI_MONTH);\r\n\t\taddKeyWord( \"SQL_TSI_MONTH\",\t\tSQL_TSI_MONTH);\r\n\t\taddKeyWord( \"Q\",\t\t\t\t\tSQL_TSI_QUARTER);\r\n\t\taddKeyWord( \"QQ\",\t\t\t\t\tSQL_TSI_QUARTER);\r\n\t\taddKeyWord( \"SQL_TSI_QUARTER\",\t\tSQL_TSI_QUARTER);\r\n\t\taddKeyWord( \"YY\",\t\t\t\t\tSQL_TSI_YEAR);\r\n\t\taddKeyWord( \"YYYY\",\t\t\t\t\tSQL_TSI_YEAR);\r\n\t\taddKeyWord( \"SQL_TSI_YEAR\",\t\t\tSQL_TSI_YEAR);\r\n\t}","location":{"offset":[33791,1119],"column":7,"row":835,"file":"smallsql0.21_src/src/smallsql/database/SQLTokenizer.java"},"clone_class":"74724723-a7df-4bf2-8937-aa02d30d8735","pairs":[{"type":3,"id":"40528cf3-169c-4ca9-ae0d-a5157e4bf354"},{"type":3,"id":"7a2c3121-d78d-478c-a5d1-fd818495cb47"}],"id":"96fbeb63-43c8-4293-8a2b-8539df7cd753"},{"src":"|project://smallsql0.21_src/src/smallsql/database/SQLTokenizer.java|(27802,1043,<696,10>,<722,5>)","metadata":{"length":27,"sloc":27,"mass":101},"fragment":"{\r\n        addKeyWord( \"ABS\",      ABS);\r\n        addKeyWord( \"ACOS\",     ACOS);\r\n        addKeyWord( \"ASIN\",     ASIN);\r\n        addKeyWord( \"ATAN\",     ATAN);\r\n        addKeyWord( \"ATN2\",    \tATAN2); //alias for MS SQL Server\r\n        addKeyWord( \"ATAN2\",    ATAN2);\r\n        addKeyWord( \"CEILING\",  CEILING);\r\n        addKeyWord( \"COS\",      COS);\r\n        addKeyWord( \"COT\",      COT);\r\n        addKeyWord( \"DEGREES\",  DEGREES);\r\n        addKeyWord( \"EXP\",      EXP);\r\n        addKeyWord( \"FLOOR\",    FLOOR);\r\n        addKeyWord( \"LOG\",      LOG);\r\n        addKeyWord( \"LOG10\",    LOG10);\r\n        addKeyWord( \"MOD\",      MOD);\r\n        addKeyWord( \"PI\",       PI);\r\n        addKeyWord( \"POWER\",    POWER);\r\n        addKeyWord( \"RADIANS\",  RADIANS);\r\n        addKeyWord( \"RAND\",     RAND);\r\n        addKeyWord( \"ROUND\",    ROUND);\r\n        addKeyWord( \"SIGN\",     SIGN);\r\n        addKeyWord( \"SIN\",      SIN);\r\n        addKeyWord( \"SQRT\",     SQRT);\r\n        addKeyWord( \"TAN\",      TAN);\r\n        addKeyWord( \"TRUNCATE\", TRUNCATE);\r\n    }","location":{"offset":[27802,1043],"column":10,"row":696,"file":"smallsql0.21_src/src/smallsql/database/SQLTokenizer.java"},"clone_class":"74724723-a7df-4bf2-8937-aa02d30d8735","pairs":[{"type":3,"id":"40528cf3-169c-4ca9-ae0d-a5157e4bf354"},{"type":3,"id":"96fbeb63-43c8-4293-8a2b-8539df7cd753"}],"id":"7a2c3121-d78d-478c-a5d1-fd818495cb47"}]