[{"src":"|project://smallsql0.21_src/src/smallsql/junit/BenchTest.java|(22305,1129,<522,16>,<543,14>)","metadata":{"length":22,"sloc":22,"mass":134},"fragment":"for (int r=0; r<batchSize; r++){\r\n\t                pr.setBytes (  1, byteArray );\r\n\t                pr.setString(  2 , \"Test\" );\r\n\t                pr.setDate  (  3 , new Date( System.currentTimeMillis() ) );\r\n\t                pr.setFloat (  4, (float)1234.56789 );\r\n\t                pr.setFloat (  5 , (float)9876.54321 );\r\n\t                pr.setBytes (  6, largeByteArray );\r\n\t                pr.setInt   (  7 , i*batchSize + r );\r\n\t                pr.setDouble(  8 , 23.45 );\r\n\t                pr.setDouble(  9 , 567.45 );\r\n\t                pr.setFloat (  10 , (float)78.89 );\r\n\t                pr.setTime  (  11, new Time( System.currentTimeMillis() ) );\r\n\t                pr.setShort (  12, (short)23456 );\r\n\t                pr.setFloat (  13, (float)34.56 );\r\n\t                pr.setString(  14, \"sysname (30) NULL\" );\r\n\t                pr.setString(  15 , \"text NULL\" );\r\n\t                pr.setByte  (  16, (byte)28 );\r\n\t                pr.setBytes (  17, byteArray );\r\n\t                pr.setString(  18, \"varchar (255) NULL\" );\r\n\t                pr.setInt   (  19 , i );\r\n\t                pr.addBatch();\r\n\t            }","location":{"offset":[22305,1129],"column":16,"row":522,"file":"smallsql0.21_src/src/smallsql/junit/BenchTest.java"},"clone_class":"1163c8d2-7cae-44d3-aea1-deb92b338716","pairs":[{"type":3,"id":"f23f4582-8f92-49ca-a070-fb3f92673d19"}],"id":"9b45d1fa-b5a7-4ed3-8cb4-48681316fc90"},{"src":"|project://smallsql0.21_src/src/smallsql/junit/BenchTest.java|(17096,1228,<414,42>,<439,13>)","metadata":{"length":26,"sloc":26,"mass":138},"fragment":"{\r\n\t            pr.setBytes (  1, byteArray );\r\n\t            pr.setString(  2 , \"Test\" );\r\n\t            pr.setDate  (  3 , new Date( System.currentTimeMillis() ) );\r\n\t            pr.setFloat (  4, (float)1234.56789 );\r\n\t            pr.setFloat (  5 , (float)9876.54321 );\r\n\t            pr.setBytes (  6, largeByteArray );\r\n\t            pr.setInt   (  7 , i );\r\n\t            pr.setDouble(  8 , 23.45 );\r\n\t            pr.setDouble(  9 , 567.45 );\r\n\t            pr.setFloat (  10 , (float)78.89 );\r\n\t            pr.setTime  (  11, new Time( System.currentTimeMillis() ) );\r\n\t            pr.setShort (  12, (short)23456 );\r\n\t            pr.setFloat (  13, (float)34.56 );\r\n\t            pr.setString(  14, \"sysname (30) NULL\" );\r\n\t            pr.setString(  15 , \"text NULL\" );\r\n\t            pr.setByte  (  16, (byte)28 );\r\n\t            pr.setBytes (  17, byteArray );\r\n\t            pr.setString(  18, \"varchar (255) NULL\" );\r\n\t            pr.setInt   (  19 , i );\r\n                int updateCount = pr.executeUpdate();\r\n                if (updateCount != 1){\r\n                    System.out.println( \"  Failed: Update count should be 1 but it is \" + updateCount + \".\");\r\n                    return;\r\n                }\r\n            }","location":{"offset":[17096,1228],"column":42,"row":414,"file":"smallsql0.21_src/src/smallsql/junit/BenchTest.java"},"clone_class":"1163c8d2-7cae-44d3-aea1-deb92b338716","pairs":[{"type":3,"id":"9b45d1fa-b5a7-4ed3-8cb4-48681316fc90"}],"id":"f23f4582-8f92-49ca-a070-fb3f92673d19"}]