[{"src":"|project://smallsql0.21_src/src/smallsql/junit/TestGroupBy.java|(5357,494,<168,1>,<179,2>)","metadata":{"length":12,"sloc":12,"mass":77},"fragment":"public void testComplex() throws Exception{\r\n\t\tinit();\r\n\t\tConnection con = AllTests.getConnection();\r\n\t\tPreparedStatement pr = con.prepareStatement(\"Select abs(sum(abs(3-id))+2) FROM \" + table1 + \" Group By name+'a' Order By 'b'+(Name+'a')\");\r\n\t\tfor(int i=1; i<=3; i++){\r\n\t\t\tResultSet rs = pr.executeQuery( );\r\n\t\t\tassertTrue  ( \"loop:\"+i, rs.next());\r\n\t\t\tassertEquals( \"loop:\"+i, 5, rs.getInt(1));\r\n\t\t\tassertTrue  ( \"loop:\"+i, rs.next());\r\n\t\t\tassertEquals( \"loop:\"+i, 4, rs.getInt(1));\r\n\t\t}\r\n\t}","location":{"offset":[5357,494],"column":1,"row":168,"file":"smallsql0.21_src/src/smallsql/junit/TestGroupBy.java"},"clone_class":"dc1374c7-7fd0-48c2-9af7-f95c9c53fd36","pairs":[{"type":2,"id":"84fe5393-cdca-489b-a8a1-9510135abf79"}],"id":"f909cfdc-4871-48c8-883d-7afba3d03851"},{"src":"|project://smallsql0.21_src/src/smallsql/junit/TestGroupBy.java|(4248,477,<141,1>,<152,2>)","metadata":{"length":12,"sloc":12,"mass":77},"fragment":"public void testCountOrderBy() throws Exception{\r\n\t\tinit();\r\n\t\tConnection con = AllTests.getConnection();\r\n\t\tPreparedStatement pr = con.prepareStatement(\"Select count(*) FROM \" + table1 + \" Group By name Order By name DESC\");\r\n\t\tfor(int i=1; i<=3; i++){\r\n\t\t\tResultSet rs = pr.executeQuery( );\r\n\t\t\tassertTrue  ( \"loop:\"+i, rs.next());\r\n\t\t\tassertEquals( \"loop:\"+i, 1, rs.getInt(1));\r\n\t\t\tassertTrue  ( \"loop:\"+i, rs.next());\r\n\t\t\tassertEquals( \"loop:\"+i, 3, rs.getInt(1));\r\n\t\t}\r\n\t}","location":{"offset":[4248,477],"column":1,"row":141,"file":"smallsql0.21_src/src/smallsql/junit/TestGroupBy.java"},"clone_class":"dc1374c7-7fd0-48c2-9af7-f95c9c53fd36","pairs":[{"type":2,"id":"f909cfdc-4871-48c8-883d-7afba3d03851"}],"id":"84fe5393-cdca-489b-a8a1-9510135abf79"}]