[{"src":"|project://smallsql0.21_src/src/smallsql/database/language/Language.java|(12108,343,<292,33>,<306,2>)","metadata":{"length":15,"sloc":13,"mass":62},"fragment":"{\r\n\t\tSet inserted = new HashSet(); // for duplicates checking\r\n\t\t\r\n\t\tfor (int i = 0; i < entries.length; i++) {\r\n\t\t\tString key = entries[i][0];\r\n\t\t\t\r\n\t\t\tif (! inserted.add(key)) {\r\n\t\t\t\tthrow new IllegalArgumentException(\"Duplicate key: \" + key);\r\n\t\t\t}\r\n\t\t\telse {\r\n\t\t\t\tString value = entries[i][1];\r\n\t\t\t\tmessages.put(key, value);\r\n\t\t\t}\r\n\t\t}\r\n\t}","location":{"offset":[12108,343],"column":33,"row":292,"file":"smallsql0.21_src/src/smallsql/database/language/Language.java"},"clone_class":"9ad17392-9389-4590-87ff-488cbcc1c9cf","pairs":[{"type":2,"id":"9552a5b3-2393-4a03-a9fb-9e50a8ddc49a"}],"id":"80cda947-1c78-4d74-988c-da058a3dbafb"},{"src":"|project://smallsql0.21_src/src/smallsql/database/language/Language.java|(12780,353,<318,35>,<332,2>)","metadata":{"length":15,"sloc":13,"mass":62},"fragment":"{\r\n\t\tSet inserted = new HashSet(); // for duplicates checking\r\n\t\t\r\n\t\tfor (int i = 0; i < SQL_STATES.length; i++) {\r\n\t\t\tString key = SQL_STATES[i][0];\r\n\t\t\t\r\n\t\t\tif (! inserted.add(key)) {\r\n\t\t\t\tthrow new IllegalArgumentException(\"Duplicate key: \" + key);\r\n\t\t\t}\r\n\t\t\telse {\r\n\t\t\t\tString value = SQL_STATES[i][1];\r\n\t\t\t\tsqlStates.put(key, value);\r\n\t\t\t}\r\n\t\t}\r\n\t}","location":{"offset":[12780,353],"column":35,"row":318,"file":"smallsql0.21_src/src/smallsql/database/language/Language.java"},"clone_class":"9ad17392-9389-4590-87ff-488cbcc1c9cf","pairs":[{"type":2,"id":"80cda947-1c78-4d74-988c-da058a3dbafb"}],"id":"9552a5b3-2393-4a03-a9fb-9e50a8ddc49a"}]