[{"src":"|project://smallsql0.21_src/src/smallsql/database/Utils.java|(6330,321,<205,4>,<212,5>)","metadata":{"length":8,"sloc":8,"mass":62},"fragment":"static String bytes2hex( byte[] bytes ){\r\n        StringBuffer buf = new StringBuffer(bytes.length << 1);\r\n        for(int i=0; i<bytes.length; i++){\r\n            buf.append( digits[ (bytes[i] >> 4) & 0x0F ] );\r\n            buf.append( digits[ (bytes[i]     ) & 0x0F ] );\r\n        }\r\n        return buf.toString();\r\n    }","location":{"offset":[6330,321],"column":4,"row":205,"file":"smallsql0.21_src/src/smallsql/database/Utils.java"},"clone_class":"93902060-fe83-427c-b83a-c7a811b7d34b","pairs":[{"type":1,"id":"647abe15-3e77-4b4f-ae02-f4e651c45b35"}],"id":"c1432573-000c-4ffb-a4c5-ea67164a0217"},{"src":"|project://smallsql0.21_src/src/smallsql/junit/BasicTestCase.java|(3529,284,<102,1>,<109,2>)","metadata":{"length":8,"sloc":8,"mass":63},"fragment":"private static String bytes2hex( byte[] bytes ){\r\n\t\tStringBuffer buf = new StringBuffer(bytes.length << 1);\r\n\t\tfor(int i=0; i<bytes.length; i++){\r\n\t\t\tbuf.append( digits[ (bytes[i] >> 4) & 0x0F ] );\r\n\t\t\tbuf.append( digits[ (bytes[i]     ) & 0x0F ] );\r\n\t\t}\r\n\t\treturn buf.toString();\r\n\t}","location":{"offset":[3529,284],"column":1,"row":102,"file":"smallsql0.21_src/src/smallsql/junit/BasicTestCase.java"},"clone_class":"93902060-fe83-427c-b83a-c7a811b7d34b","pairs":[{"type":1,"id":"c1432573-000c-4ffb-a4c5-ea67164a0217"}],"id":"647abe15-3e77-4b4f-ae02-f4e651c45b35"}]