[{"src":"|project://smallsql0.21_src/src/smallsql/database/SSDatabaseMetaData.java|(19963,511,<820,2>,<826,3>)","metadata":{"length":7,"sloc":7,"mass":56},"fragment":"try {\r\n\t\t\tString[] colNames = {\"PKTABLE_CAT\", \"PKTABLE_SCHEM\", \"PKTABLE_NAME\", \"PKCOLUMN_NAME\", \"FKTABLE_CAT\", \"FKTABLE_SCHEM\", \"FKTABLE_NAME\", \"FKCOLUMN_NAME\", \"KEY_SEQ\", \"UPDATE_RULE\", \"DELETE_RULE\", \"FK_NAME\", \"PK_NAME\", \"DEFERRABILITY\"};\r\n\t\t\tObject[][] data   = con.getDatabase(false).getReferenceKeys(con, primaryTable, foreignTable);\r\n\t\t\treturn new SSResultSet( st, Utils.createMemoryCommandSelect( con, colNames, data));\r\n\t\t} catch (Exception e) {\r\n\t\t\tthrow SmallSQLException.createFromException(e);\r\n\t\t}","location":{"offset":[19963,511],"column":2,"row":820,"file":"smallsql0.21_src/src/smallsql/database/SSDatabaseMetaData.java"},"clone_class":"a48255b9-d5fe-4eec-9894-f3507a7744ff","pairs":[{"type":3,"id":"ccd54bf3-f2c3-4115-88de-617c0b154f7b"}],"id":"60dfb67a-df1f-43f8-9630-b05f2a8613d8"},{"src":"|project://smallsql0.21_src/src/smallsql/database/SSDatabaseMetaData.java|(32456,487,<870,136>,<878,5>)","metadata":{"length":9,"sloc":9,"mass":56},"fragment":"{\r\n\t\ttry {\r\n\t\t\tString[] colNames = {\"TABLE_CAT\", \"TABLE_SCHEM\", \"TABLE_NAME\", \"NON_UNIQUE\", \"INDEX_QUALIFIER\", \"INDEX_NAME\", \"TYPE\", \"ORDINAL_POSITION\", \"COLUMN_NAME\", \"ASC_OR_DESC\", \"CARDINALITY\", \"PAGES\", \"FILTER_CONDITION\"};\r\n\t\t\tObject[][] data   = con.getDatabase(false).getIndexInfo(con, table, unique);\r\n\t\t\treturn new SSResultSet( st, Utils.createMemoryCommandSelect( con, colNames, data));\r\n\t\t} catch (Exception e) {\r\n\t\t\tthrow SmallSQLException.createFromException(e);\r\n\t\t}\r\n    }","location":{"offset":[32456,487],"column":136,"row":870,"file":"smallsql0.21_src/src/smallsql/database/SSDatabaseMetaData.java"},"clone_class":"a48255b9-d5fe-4eec-9894-f3507a7744ff","pairs":[{"type":3,"id":"60dfb67a-df1f-43f8-9630-b05f2a8613d8"}],"id":"ccd54bf3-f2c3-4115-88de-617c0b154f7b"}]