[{"src":"|project://smallsql0.21_src/src/smallsql/database/ExpressionArithmetic.java|(10275,843,<308,48>,<332,5>)","metadata":{"length":25,"sloc":25,"mass":84},"fragment":"{\r\n        if(isNull()) return 0;\r\n        int dataType = getDataType();\r\n        switch(dataType){\r\n            case SQLTokenizer.BIT:\r\n            case SQLTokenizer.BOOLEAN:\r\n\t\t\t\treturn getBoolean() ? 1 : 0;\r\n            case SQLTokenizer.TINYINT:\r\n            case SQLTokenizer.SMALLINT:\r\n            case SQLTokenizer.INT:\r\n\t\t\t\treturn getIntImpl();\r\n            case SQLTokenizer.BIGINT:\r\n                return getLongImpl();\r\n\t\t\tcase SQLTokenizer.REAL:\r\n                return getFloatImpl();\r\n\t\t\tcase SQLTokenizer.FLOAT:\r\n\t\t\tcase SQLTokenizer.DOUBLE:\r\n            case SQLTokenizer.MONEY:\r\n            case SQLTokenizer.SMALLMONEY:\r\n            case SQLTokenizer.NUMERIC:\r\n            case SQLTokenizer.DECIMAL:\r\n                return (float)getDoubleImpl();\r\n        }\r\n\t\tthrow createUnspportedConversion( SQLTokenizer.DOUBLE);\r\n    }","location":{"offset":[10275,843],"column":48,"row":308,"file":"smallsql0.21_src/src/smallsql/database/ExpressionArithmetic.java"},"clone_class":"f7ce23ce-25e3-42d3-aa3b-444a38e0c598","pairs":[{"type":3,"id":"f149a0ae-7342-4108-9629-277e9f721c2e"}],"id":"82d04c23-368c-4c4c-9c60-6eddba169dfa"},{"src":"|project://smallsql0.21_src/src/smallsql/database/ExpressionArithmetic.java|(8661,882,<261,4>,<285,5>)","metadata":{"length":25,"sloc":25,"mass":89},"fragment":"double getDouble() throws java.lang.Exception {\r\n        if(isNull()) return 0;\r\n        int dataType = getDataType();\r\n        switch(dataType){\r\n            case SQLTokenizer.BIT:\r\n            case SQLTokenizer.BOOLEAN:\r\n\t\t\t\treturn getBoolean() ? 1 : 0;\r\n            case SQLTokenizer.TINYINT:\r\n            case SQLTokenizer.SMALLINT:\r\n            case SQLTokenizer.INT:\r\n\t\t\t\treturn getIntImpl();\r\n            case SQLTokenizer.BIGINT:\r\n                return getLongImpl();\r\n\t\t\tcase SQLTokenizer.REAL:\r\n                return getFloatImpl();\r\n\t\t\tcase SQLTokenizer.FLOAT:\r\n\t\t\tcase SQLTokenizer.DOUBLE:\r\n            case SQLTokenizer.MONEY:\r\n            case SQLTokenizer.SMALLMONEY:\r\n            case SQLTokenizer.NUMERIC:\r\n            case SQLTokenizer.DECIMAL:\r\n                return getDoubleImpl();\r\n        }\r\n\t\tthrow createUnspportedConversion( SQLTokenizer.DOUBLE);\r\n    }","location":{"offset":[8661,882],"column":4,"row":261,"file":"smallsql0.21_src/src/smallsql/database/ExpressionArithmetic.java"},"clone_class":"f7ce23ce-25e3-42d3-aa3b-444a38e0c598","pairs":[{"type":3,"id":"82d04c23-368c-4c4c-9c60-6eddba169dfa"}],"id":"f149a0ae-7342-4108-9629-277e9f721c2e"}]