[{"src":"|project://smallsql0.21_src/src/smallsql/database/SSDatabaseMetaData.java|(16355,585,<752,2>,<758,3>)","metadata":{"length":7,"sloc":7,"mass":60},"fragment":"try {\r\n\t\t\tString[] colNames = {\"TABLE_CAT\", \"TABLE_SCHEM\", \"TABLE_NAME\", \"COLUMN_NAME\", \"DATA_TYPE\", \"TYPE_NAME\", \"COLUMN_SIZE\", \"BUFFER_LENGTH\", \"DECIMAL_DIGITS\", \"NUM_PREC_RADIX\", \"NULLABLE\", \"REMARKS\", \"COLUMN_DEF\", \"SQL_DATA_TYPE\", \"SQL_DATETIME_SUB\", \"CHAR_OCTET_LENGTH\", \"ORDINAL_POSITION\", \"IS_NULLABLE\"};\r\n\t\t\tObject[][] data   = con.getDatabase(false).getColumns(con, tableNamePattern, columnNamePattern);\r\n\t\t\treturn new SSResultSet( st, Utils.createMemoryCommandSelect( con, colNames, data));\r\n\t\t} catch (Exception e) {\r\n\t\t\tthrow SmallSQLException.createFromException(e);\r\n\t\t}","location":{"offset":[16355,585],"column":2,"row":752,"file":"smallsql0.21_src/src/smallsql/database/SSDatabaseMetaData.java"},"clone_class":"4b240da4-a553-408a-bd79-baa94be54541","pairs":[{"type":3,"id":"89721620-ecbb-4074-bc77-2f3624e4a9ef"}],"id":"c97c168a-bf52-46f3-b75b-e51274311a3f"},{"src":"|project://smallsql0.21_src/src/smallsql/database/SSDatabaseMetaData.java|(19958,523,<819,191>,<827,5>)","metadata":{"length":9,"sloc":9,"mass":57},"fragment":"{\r\n\t\ttry {\r\n\t\t\tString[] colNames = {\"PKTABLE_CAT\", \"PKTABLE_SCHEM\", \"PKTABLE_NAME\", \"PKCOLUMN_NAME\", \"FKTABLE_CAT\", \"FKTABLE_SCHEM\", \"FKTABLE_NAME\", \"FKCOLUMN_NAME\", \"KEY_SEQ\", \"UPDATE_RULE\", \"DELETE_RULE\", \"FK_NAME\", \"PK_NAME\", \"DEFERRABILITY\"};\r\n\t\t\tObject[][] data   = con.getDatabase(false).getReferenceKeys(con, primaryTable, foreignTable);\r\n\t\t\treturn new SSResultSet( st, Utils.createMemoryCommandSelect( con, colNames, data));\r\n\t\t} catch (Exception e) {\r\n\t\t\tthrow SmallSQLException.createFromException(e);\r\n\t\t}\r\n    }","location":{"offset":[19958,523],"column":191,"row":819,"file":"smallsql0.21_src/src/smallsql/database/SSDatabaseMetaData.java"},"clone_class":"4b240da4-a553-408a-bd79-baa94be54541","pairs":[{"type":3,"id":"c97c168a-bf52-46f3-b75b-e51274311a3f"}],"id":"89721620-ecbb-4074-bc77-2f3624e4a9ef"}]