[{"src":"|project://smallsql0.21_src/src/smallsql/junit/TestScrollable.java|(7768,903,<184,5>,<197,3>)","metadata":{"length":14,"sloc":12,"mass":58},"fragment":"{\t\t\t\r\n\t\t\tcon.createStatement().execute(\"Create Table Scrollable (i counter, v varchar(20))\");\r\n\t\t\tassertRowCount( 0, \"Select * from Scrollable\");\r\n\r\n\t\t\tcon.createStatement().execute(\"Insert Into Scrollable(v) Values('qwert1')\");\r\n\t\t\tcon.createStatement().execute(\"Insert Into Scrollable(v) Values('qwert2')\");\r\n\t\t\tcon.createStatement().execute(\"Insert Into Scrollable(v) Values('qwert3')\");\r\n\r\n            Statement st = con.createStatement(ResultSet.TYPE_SCROLL_SENSITIVE, ResultSet.CONCUR_UPDATABLE);\r\n            testAbsoluteRelativeAssert( st.executeQuery(\"Select * from Scrollable\") );\r\n            testAbsoluteRelativeAssert( st.executeQuery(\"Select * from Scrollable Order By i\") );\r\n            testAbsoluteRelativeAssert( st.executeQuery(\"Select v from Scrollable Group By v\") );\r\n            testAbsoluteRelativeAssert( st.executeQuery(\"Select v from Scrollable Group By v Order By v\") );\r\n\t\t}","location":{"offset":[7768,903],"column":5,"row":184,"file":"smallsql0.21_src/src/smallsql/junit/TestScrollable.java"},"clone_class":"34044165-672f-46e4-b225-eb74b5dfb284","pairs":[{"type":3,"id":"f936496b-3675-4adf-8a8f-7e037c5ae58c"}],"id":"83a451bf-8b0b-4227-957a-df349a4c02df"},{"src":"|project://smallsql0.21_src/src/smallsql/junit/TestTransactions.java|(14077,636,<380,5>,<397,3>)","metadata":{"length":18,"sloc":14,"mass":58},"fragment":"{\t\t\t\r\n\t\t\tcon.createStatement().execute(\"Create Table transactions (i int identity, v varchar(20))\");\r\n\t\t\tassertRowCount( 0, \"Select * from transactions\");\r\n\r\n\t\t\tcon.createStatement().execute(\"Insert Into transactions(v) Values('qwert2')\");\r\n\r\n\t\t\tResultSet rs = con.createStatement(ResultSet.TYPE_SCROLL_SENSITIVE, ResultSet.CONCUR_UPDATABLE)\r\n\t\t\t\t\t\t\t\t.executeQuery(\"Select * from transactions Where v = 'qwert'\");\r\n\t\t\t\r\n\t\t\trs.moveToInsertRow();\r\n\t\t\trs.updateString(\"v\", \"qwert\");\r\n\t\t\trs.insertRow();\r\n\t\t\t\r\n\t\t\trs.beforeFirst();\r\n\t\t\tassertTrue( rs.next() );\r\n\t\t\tassertEquals(\"qwert\", rs.getString(\"v\"));\r\n\t\t\tassertFalse( rs.next() );\r\n\t\t}","location":{"offset":[14077,636],"column":5,"row":380,"file":"smallsql0.21_src/src/smallsql/junit/TestTransactions.java"},"clone_class":"34044165-672f-46e4-b225-eb74b5dfb284","pairs":[{"type":3,"id":"83a451bf-8b0b-4227-957a-df349a4c02df"}],"id":"f936496b-3675-4adf-8a8f-7e037c5ae58c"}]