[{"src":"|project://smallsql0.21_src/src/smallsql/database/StoreImpl.java|(35005,2639,<955,4>,<1017,5>)","metadata":{"length":63,"sloc":60,"mass":239},"fragment":"/**\r\n     * It used for ResultSet.getLong()\r\n     */\r\n    @Override\r\n    long getLong(int valueOffset, int dataType) throws Exception{\r\n        this.offset = valueOffset;\r\n        if(readBoolean()) return 0;\r\n        switch(dataType){\r\n            case SQLTokenizer.BIT:\r\n            case SQLTokenizer.BOOLEAN:\r\n                    return readBoolean() ? 1 : 0;\r\n            case SQLTokenizer.BINARY:\r\n            case SQLTokenizer.VARBINARY:\r\n                    return Utils.bytes2long( readBinary() );\r\n            case SQLTokenizer.TINYINT:\r\n                    return readUnsignedByte();\r\n            case SQLTokenizer.SMALLINT:\r\n                    return readShort();\r\n            case SQLTokenizer.INT:\r\n                    return readInt();\r\n            case SQLTokenizer.BIGINT:\r\n                    return readLong();\r\n            case SQLTokenizer.REAL:\r\n                    return (long)readFloat();\r\n            case SQLTokenizer.FLOAT:\r\n            case SQLTokenizer.DOUBLE:\r\n                    return (long)readDouble();\r\n            case SQLTokenizer.MONEY:\r\n                    return readLong() / 10000;\r\n            case SQLTokenizer.SMALLMONEY:\r\n                    return readInt() / 10000;\r\n            case SQLTokenizer.NUMERIC:\r\n            case SQLTokenizer.DECIMAL:\r\n                    return readNumeric().longValue();\r\n            case SQLTokenizer.CHAR:\r\n            case SQLTokenizer.NCHAR:\r\n            case SQLTokenizer.VARCHAR:\r\n            case SQLTokenizer.NVARCHAR:\r\n                    return Long.parseLong( readString() );\r\n\t\t\tcase SQLTokenizer.CLOB:\r\n\t\t\tcase SQLTokenizer.NCLOB:\r\n            case SQLTokenizer.LONGNVARCHAR:\r\n            case SQLTokenizer.LONGVARCHAR:\r\n                    return Long.parseLong( readLongString() );\r\n            case SQLTokenizer.JAVA_OBJECT:\r\n                    ByteArrayInputStream bais = new ByteArrayInputStream(readLongBinary());\r\n                    ObjectInputStream ois = new ObjectInputStream(bais);\r\n                    return ExpressionValue.getLong( ois.readObject().toString(), SQLTokenizer.VARCHAR );\r\n            case SQLTokenizer.LONGVARBINARY:\r\n            case SQLTokenizer.BLOB:\r\n                    return Utils.bytes2long( readLongBinary() );\r\n\t\t\tcase SQLTokenizer.TIMESTAMP:\r\n\t\t\t\t\treturn readTimestamp();\r\n\t\t\tcase SQLTokenizer.TIME:\r\n\t\t\t\t\treturn readTime();\r\n\t\t\tcase SQLTokenizer.DATE:\r\n\t\t\t\t\treturn readDate();\r\n\t\t\tcase SQLTokenizer.SMALLDATETIME:\r\n\t\t\t\t\treturn readSmallDateTime();\r\n\t\t\tdefault:\r\n\t\t\t\tthrow SmallSQLException.create(Language.VALUE_CANT_CONVERT, new Object[] { SQLTokenizer.getKeyWord(dataType), \"BIGINT\" });\r\n        }\r\n    }","location":{"offset":[35005,2639],"column":4,"row":955,"file":"smallsql0.21_src/src/smallsql/database/StoreImpl.java"},"clone_class":"abdab920-7766-4532-b742-bdcfcd48187e","pairs":[{"type":3,"id":"3c4330b9-bb8a-41a7-9758-60f7ed9ab979"},{"type":3,"id":"c345993b-4abe-4bd7-987e-042fb70c8b48"}],"id":"e99fde82-9ce3-4945-a0af-08997098bdb7"},{"src":"|project://smallsql0.21_src/src/smallsql/database/StoreImpl.java|(32497,2487,<896,8>,<951,9>)","metadata":{"length":56,"sloc":56,"mass":237},"fragment":"switch(dataType){\r\n            case SQLTokenizer.BIT:\r\n            case SQLTokenizer.BOOLEAN:\r\n                    return readBoolean() ? 1 : 0;\r\n            case SQLTokenizer.BINARY:\r\n            case SQLTokenizer.VARBINARY:\r\n                    return Utils.bytes2int( readBinary() );\r\n            case SQLTokenizer.TINYINT:\r\n                    return readUnsignedByte();\r\n            case SQLTokenizer.SMALLINT:\r\n                    return readShort();\r\n            case SQLTokenizer.INT:\r\n                    return readInt();\r\n            case SQLTokenizer.BIGINT:\r\n                    return (int)readLong();\r\n            case SQLTokenizer.REAL:\r\n                    return (int)readFloat();\r\n            case SQLTokenizer.FLOAT:\r\n            case SQLTokenizer.DOUBLE:\r\n                    return (int)readDouble();\r\n            case SQLTokenizer.MONEY:\r\n            \t\tlong longValue = readLong() / 10000;\r\n            \t\treturn Utils.money2int(longValue);\r\n            case SQLTokenizer.SMALLMONEY:\r\n                    return readInt() / 10000;\r\n            case SQLTokenizer.NUMERIC:\r\n            case SQLTokenizer.DECIMAL:\r\n                    return readNumeric().intValue();\r\n            case SQLTokenizer.CHAR:\r\n            case SQLTokenizer.NCHAR:\r\n            case SQLTokenizer.VARCHAR:\r\n            case SQLTokenizer.NVARCHAR:\r\n                    return Integer.parseInt( readString() );\r\n\t\t\tcase SQLTokenizer.CLOB:\r\n\t\t\tcase SQLTokenizer.NCLOB:\r\n            case SQLTokenizer.LONGNVARCHAR:\r\n            case SQLTokenizer.LONGVARCHAR:\r\n                    return Integer.parseInt( readLongString() );\r\n            case SQLTokenizer.JAVA_OBJECT:\r\n                    ByteArrayInputStream bais = new ByteArrayInputStream(readLongBinary());\r\n                    ObjectInputStream ois = new ObjectInputStream(bais);\r\n                    return ExpressionValue.getInt(ois.readObject().toString(), SQLTokenizer.VARCHAR);\r\n            case SQLTokenizer.LONGVARBINARY:\r\n            case SQLTokenizer.BLOB:\r\n                    return Utils.bytes2int( readLongBinary() );\r\n\t\t\tcase SQLTokenizer.TIMESTAMP:\r\n\t\t\t\t\treturn (int)readTimestamp();\r\n\t\t\tcase SQLTokenizer.TIME:\r\n\t\t\t\t\treturn (int)readTime();\r\n\t\t\tcase SQLTokenizer.DATE:\r\n\t\t\t\t\treturn (int)readDate();\r\n\t\t\tcase SQLTokenizer.SMALLDATETIME:\r\n\t\t\t\t\treturn (int)readSmallDateTime();\r\n\t\t\tdefault:\r\n\t\t\t\tthrow SmallSQLException.create(Language.VALUE_CANT_CONVERT, new Object[] { SQLTokenizer.getKeyWord(dataType), \"INT\" });\r\n        }","location":{"offset":[32497,2487],"column":8,"row":896,"file":"smallsql0.21_src/src/smallsql/database/StoreImpl.java"},"clone_class":"abdab920-7766-4532-b742-bdcfcd48187e","pairs":[{"type":3,"id":"e99fde82-9ce3-4945-a0af-08997098bdb7"},{"type":3,"id":"c345993b-4abe-4bd7-987e-042fb70c8b48"}],"id":"3c4330b9-bb8a-41a7-9758-60f7ed9ab979"},{"src":"|project://smallsql0.21_src/src/smallsql/database/StoreImpl.java|(37658,2631,<1020,4>,<1082,5>)","metadata":{"length":63,"sloc":60,"mass":238},"fragment":"/**\r\n     * It used for ResultSet.getFloat()\r\n     */\r\n    @Override\r\n    float getFloat(int valueOffset, int dataType) throws Exception{\r\n        this.offset = valueOffset;\r\n        if(readBoolean()) return 0;\r\n        switch(dataType){\r\n            case SQLTokenizer.BIT:\r\n            case SQLTokenizer.BOOLEAN:\r\n                    return readBoolean() ? 1 : 0;\r\n            case SQLTokenizer.BINARY:\r\n            case SQLTokenizer.VARBINARY:\r\n                    return Utils.bytes2float( readBinary() );\r\n            case SQLTokenizer.TINYINT:\r\n                    return readUnsignedByte();\r\n            case SQLTokenizer.SMALLINT:\r\n                    return readShort();\r\n            case SQLTokenizer.INT:\r\n                    return readInt();\r\n            case SQLTokenizer.BIGINT:\r\n                    return readLong();\r\n            case SQLTokenizer.REAL:\r\n                    return readFloat();\r\n            case SQLTokenizer.FLOAT:\r\n            case SQLTokenizer.DOUBLE:\r\n                    return (float)readDouble();\r\n            case SQLTokenizer.MONEY:\r\n                    return readLong() / (float)10000.0;\r\n            case SQLTokenizer.SMALLMONEY:\r\n                    return readInt() / (float)10000.0;\r\n            case SQLTokenizer.NUMERIC:\r\n            case SQLTokenizer.DECIMAL:\r\n                    return readNumeric().floatValue();\r\n            case SQLTokenizer.CHAR:\r\n            case SQLTokenizer.NCHAR:\r\n            case SQLTokenizer.VARCHAR:\r\n            case SQLTokenizer.NVARCHAR:\r\n                    return Float.parseFloat( readString() );\r\n\t\t\tcase SQLTokenizer.CLOB:\r\n\t\t\tcase SQLTokenizer.NCLOB:\r\n            case SQLTokenizer.LONGNVARCHAR:\r\n            case SQLTokenizer.LONGVARCHAR:\r\n                    return Float.parseFloat( readLongString() );\r\n            case SQLTokenizer.JAVA_OBJECT:\r\n                    ByteArrayInputStream bais = new ByteArrayInputStream(readLongBinary());\r\n                    ObjectInputStream ois = new ObjectInputStream(bais);\r\n                    return Float.parseFloat( ois.readObject().toString() );\r\n            case SQLTokenizer.LONGVARBINARY:\r\n            case SQLTokenizer.BLOB:\r\n                    return Utils.bytes2float( readLongBinary() );\r\n\t\t\tcase SQLTokenizer.TIMESTAMP:\r\n\t\t\t\t\treturn readTimestamp();\r\n\t\t\tcase SQLTokenizer.TIME:\r\n\t\t\t\t\treturn readTime();\r\n\t\t\tcase SQLTokenizer.DATE:\r\n\t\t\t\t\treturn readDate();\r\n\t\t\tcase SQLTokenizer.SMALLDATETIME:\r\n\t\t\t\t\treturn readSmallDateTime();\r\n\t\t\tdefault:\r\n\t\t\t\tthrow SmallSQLException.create(Language.VALUE_CANT_CONVERT, new Object[] { SQLTokenizer.getKeyWord(dataType), \"REAL\" });\r\n        }\r\n    }","location":{"offset":[37658,2631],"column":4,"row":1020,"file":"smallsql0.21_src/src/smallsql/database/StoreImpl.java"},"clone_class":"abdab920-7766-4532-b742-bdcfcd48187e","pairs":[{"type":3,"id":"e99fde82-9ce3-4945-a0af-08997098bdb7"},{"type":3,"id":"3c4330b9-bb8a-41a7-9758-60f7ed9ab979"}],"id":"c345993b-4abe-4bd7-987e-042fb70c8b48"}]