[{"src":"|project://smallsql0.21_src/src/smallsql/junit/BenchTest.java|(6491,1185,<164,52>,<190,5>)","metadata":{"length":27,"sloc":26,"mass":141},"fragment":"{\r\n        System.out.println();\r\n        System.out.println( \"Test insert empty rows with insertRow(): \" + rowCount + \" rows\");\r\n        \r\n        try{\r\n            Statement st = con.createStatement( ResultSet.TYPE_SCROLL_SENSITIVE, ResultSet.CONCUR_UPDATABLE );\r\n            ResultSet rs = st.executeQuery(\"SELECT * FROM \"+tableName);\r\n            long time = -System.currentTimeMillis();\r\n            for (int i=0; i<rowCount; i++){\r\n                rs.moveToInsertRow();\r\n                rs.insertRow();\r\n            }\r\n            time += System.currentTimeMillis();\r\n            rs = st.executeQuery( \"SELECT count(*) FROM \" + tableName);\r\n            rs.next();\r\n            int count = rs.getInt(1);\r\n            if (count != rowCount)\r\n                 System.out.println( \"  Failed: Only \" + count + \" rows were inserted.\");\r\n            else System.out.println( \"  Test time: \" + time + \" ms\");\r\n            st.close();\r\n        }catch(Exception e){\r\n            System.out.println(\"  Failed:\"+e);\r\n        }finally{\r\n            System.out.println();\r\n            System.out.println(\"===================================================================\");\r\n        }\r\n    }","location":{"offset":[6491,1185],"column":52,"row":164,"file":"smallsql0.21_src/src/smallsql/junit/BenchTest.java"},"clone_class":"4e0ded84-dc85-45bf-bc26-4df4c2505167","pairs":[{"type":3,"id":"53c83144-c51e-4b46-a4e6-dacde19b3b5e"}],"id":"8af8a218-8d50-4f4b-a3c2-8905bde2cfb4"},{"src":"|project://smallsql0.21_src/src/smallsql/junit/BenchTest.java|(4282,1160,<107,50>,<131,5>)","metadata":{"length":25,"sloc":24,"mass":139},"fragment":"{\r\n        System.out.println();\r\n        System.out.println( \"Test insert rows with default values with a classic insert statement: \" + rowCount + \" rows\");\r\n        \r\n        try{\r\n            Statement st = con.createStatement( ResultSet.TYPE_SCROLL_SENSITIVE, ResultSet.CONCUR_UPDATABLE );\r\n            long time = -System.currentTimeMillis();\r\n            for (int i=0; i<rowCount; i++){\r\n                st.execute(\"INSERT INTO \" + tableName + \"(i) VALUES(\" + i +\")\");\r\n            }\r\n            time += System.currentTimeMillis();\r\n            ResultSet rs = st.executeQuery( \"SELECT count(*) FROM \" + tableName);\r\n            rs.next();\r\n            int count = rs.getInt(1);\r\n            if (count != rowCount)\r\n                System.out.println( \"  Failed: Only \" + count + \" rows were inserted.\");\r\n            else System.out.println( \"  Test time: \" + time + \" ms\");\r\n            st.close();\r\n        }catch(Exception e){\r\n            System.out.println(\"  Failed:\"+e);\r\n        }finally{\r\n            System.out.println();\r\n            System.out.println(\"===================================================================\");\r\n        }\r\n    }","location":{"offset":[4282,1160],"column":50,"row":107,"file":"smallsql0.21_src/src/smallsql/junit/BenchTest.java"},"clone_class":"4e0ded84-dc85-45bf-bc26-4df4c2505167","pairs":[{"type":3,"id":"8af8a218-8d50-4f4b-a3c2-8905bde2cfb4"}],"id":"53c83144-c51e-4b46-a4e6-dacde19b3b5e"}]