[{"src":"|project://smallsql0.21_src/src/smallsql/junit/TestTransactions.java|(5584,1061,<166,1>,<194,2>)","metadata":{"length":29,"sloc":21,"mass":81},"fragment":"/**\r\n\t * In the table there is already one row that is commited.\r\n\t */\r\n\tpublic void testRollbackWithOneCommitRow() throws Exception{\r\n\t\tConnection con = AllTests.getConnection();\r\n\t\ttry{\t\t\t\r\n\t\t\tcon.createStatement().execute(\"Create Table transactions (i int identity, v varchar(20))\");\r\n\t\t\tassertRowCount( 0, \"Select * from transactions\");\r\n\r\n\t\t\tcon.createStatement().execute(\"Insert Into transactions(v) Values('qwert')\");\r\n\t\t\tassertRowCount( 1, \"Select * from transactions\");\r\n\r\n\t\t\tcon.setAutoCommit(false);\r\n\t\t\tcon.createStatement().execute(\"Insert Into transactions(v) Select v From transactions\");\r\n\t\t\tassertRowCount( 2, \"Select * from transactions\");\r\n\r\n\t\t\tcon.createStatement().execute(\"Insert Into transactions(v) (Select v From transactions)\");\r\n\t\t\tassertRowCount( 4, \"Select * from transactions\");\r\n\t\t\t\r\n\t\t\tcon.rollback();\r\n\t\t\tassertRowCount( 1, \"Select * from transactions\");\r\n\t\t\t\r\n\t\t}finally{\r\n\t\t\ttry{\r\n\t\t\t\tcon.createStatement().execute(\"Drop Table transactions\");\r\n\t\t\t}catch(Throwable e){e.printStackTrace();}\r\n\t\t\tcon.setAutoCommit(true);\r\n\t\t}\r\n\t}","location":{"offset":[5584,1061],"column":1,"row":166,"file":"smallsql0.21_src/src/smallsql/junit/TestTransactions.java"},"clone_class":"3283a0f5-9cfd-4050-853d-486b977909bf","pairs":[{"type":2,"id":"af6d6b6f-30fb-4d4e-a6a2-e21831c71ada"}],"id":"e174d020-d703-4c7f-b813-cf555b291849"},{"src":"|project://smallsql0.21_src/src/smallsql/junit/TestTransactions.java|(3539,1055,<107,1>,<135,2>)","metadata":{"length":29,"sloc":21,"mass":81},"fragment":"/**\r\n\t * In the table there is already one row that is committed.\r\n\t */\r\n\tpublic void testCommitWithOneCommitRow() throws Exception{\r\n\t\tConnection con = AllTests.getConnection();\r\n\t\ttry{\t\t\t\r\n\t\t\tcon.createStatement().execute(\"Create Table transactions (i int identity, v varchar(20))\");\r\n\t\t\tassertRowCount( 0, \"Select * from transactions\");\r\n\r\n\t\t\tcon.createStatement().execute(\"Insert Into transactions(v) Values('qwert')\");\r\n\t\t\tassertRowCount( 1, \"Select * from transactions\");\r\n\r\n\t\t\tcon.setAutoCommit(false);\r\n\t\t\tcon.createStatement().execute(\"Insert Into transactions(v) Select v From transactions\");\r\n\t\t\tassertRowCount( 2, \"Select * from transactions\");\r\n\r\n\t\t\tcon.createStatement().execute(\"Insert Into transactions (Select * From transactions)\");\r\n\t\t\tassertRowCount( 4, \"Select * from transactions\");\r\n\t\t\t\r\n\t\t\tcon.commit();\r\n\t\t\tassertRowCount( 4, \"Select * from transactions\");\r\n\t\t\t\r\n\t\t}finally{\r\n\t\t\ttry{\r\n\t\t\t\tcon.createStatement().execute(\"Drop Table transactions\");\r\n\t\t\t}catch(Throwable e){e.printStackTrace();}\r\n\t\t\tcon.setAutoCommit(true);\r\n\t\t}\r\n\t}","location":{"offset":[3539,1055],"column":1,"row":107,"file":"smallsql0.21_src/src/smallsql/junit/TestTransactions.java"},"clone_class":"3283a0f5-9cfd-4050-853d-486b977909bf","pairs":[{"type":2,"id":"e174d020-d703-4c7f-b813-cf555b291849"}],"id":"af6d6b6f-30fb-4d4e-a6a2-e21831c71ada"}]