[{"src":"|project://smallsql0.21_src/src/smallsql/database/SQLParser.java|(77633,532,<1969,1>,<1969,533>)","metadata":{"length":1,"sloc":1,"mass":62},"fragment":"private static final int[] MISSING_SQL_DATATYPE = { SQLTokenizer.SQL_BIGINT , SQLTokenizer.SQL_BINARY , SQLTokenizer.SQL_BIT , SQLTokenizer.SQL_CHAR , SQLTokenizer.SQL_DATE , SQLTokenizer.SQL_DECIMAL , SQLTokenizer.SQL_DOUBLE , SQLTokenizer.SQL_FLOAT , SQLTokenizer.SQL_INTEGER , SQLTokenizer.SQL_LONGVARBINARY , SQLTokenizer.SQL_LONGVARCHAR , SQLTokenizer.SQL_REAL , SQLTokenizer.SQL_SMALLINT , SQLTokenizer.SQL_TIME , SQLTokenizer.SQL_TIMESTAMP , SQLTokenizer.SQL_TINYINT , SQLTokenizer.SQL_VARBINARY , SQLTokenizer.SQL_VARCHAR };","location":{"offset":[77633,532],"column":1,"row":1969,"file":"smallsql0.21_src/src/smallsql/database/SQLParser.java"},"clone_class":"e45761a7-733d-4eaa-a65d-b72686121c42","pairs":[{"type":3,"id":"c8237f07-be5b-43a9-a7c7-81c10e703f3f"},{"type":3,"id":"9a837912-be12-4e0f-b3fc-1b3acdcdabcf"},{"type":3,"id":"ca8af69a-58fe-4415-bbf2-077e98a76f26"}],"id":"53ae7656-ecbb-4c77-bcf8-2f78cf5bf1aa"},{"src":"|project://smallsql0.21_src/src/smallsql/junit/TestDBMetaData.java|(8442,274,<183,8>,<183,282>)","metadata":{"length":1,"sloc":1,"mass":60},"fragment":"int[] colTypes = {Types.VARCHAR, Types.NULL, Types.VARCHAR, Types.VARCHAR, Types.SMALLINT, Types.VARCHAR, Types.INTEGER, Types.NULL, Types.INTEGER, Types.INTEGER, Types.INTEGER, Types.NULL, Types.VARCHAR, Types.NULL, Types.NULL, Types.INTEGER, Types.INTEGER, Types.VARCHAR};","location":{"offset":[8442,274],"column":8,"row":183,"file":"smallsql0.21_src/src/smallsql/junit/TestDBMetaData.java"},"clone_class":"e45761a7-733d-4eaa-a65d-b72686121c42","pairs":[{"type":3,"id":"53ae7656-ecbb-4c77-bcf8-2f78cf5bf1aa"},{"type":3,"id":"9a837912-be12-4e0f-b3fc-1b3acdcdabcf"},{"type":3,"id":"ca8af69a-58fe-4415-bbf2-077e98a76f26"}],"id":"c8237f07-be5b-43a9-a7c7-81c10e703f3f"},{"src":"|project://smallsql0.21_src/src/smallsql/database/SQLParser.java|(80848,478,<2000,28>,<2000,506>)","metadata":{"length":1,"sloc":1,"mass":59},"fragment":"MISSING_INTERVALS = {SQLTokenizer.SQL_TSI_FRAC_SECOND, SQLTokenizer.SQL_TSI_SECOND, SQLTokenizer.SQL_TSI_MINUTE, SQLTokenizer.SQL_TSI_HOUR, SQLTokenizer.SQL_TSI_DAY, SQLTokenizer.SQL_TSI_WEEK, SQLTokenizer.SQL_TSI_MONTH, SQLTokenizer.SQL_TSI_QUARTER, SQLTokenizer.SQL_TSI_YEAR, SQLTokenizer.MILLISECOND, SQLTokenizer.SECOND, SQLTokenizer.MINUTE, SQLTokenizer.HOUR, SQLTokenizer.DAY, SQLTokenizer.WEEK, SQLTokenizer.MONTH, SQLTokenizer.QUARTER, SQLTokenizer.YEAR, SQLTokenizer.D}","location":{"offset":[80848,478],"column":28,"row":2000,"file":"smallsql0.21_src/src/smallsql/database/SQLParser.java"},"clone_class":"e45761a7-733d-4eaa-a65d-b72686121c42","pairs":[{"type":3,"id":"53ae7656-ecbb-4c77-bcf8-2f78cf5bf1aa"},{"type":3,"id":"c8237f07-be5b-43a9-a7c7-81c10e703f3f"},{"type":3,"id":"9a837912-be12-4e0f-b3fc-1b3acdcdabcf"}],"id":"ca8af69a-58fe-4415-bbf2-077e98a76f26"}]