[{"src":"|project://smallsql0.21_src/src/smallsql/database/StoreImpl.java|(14362,535,<402,4>,<412,5>)","metadata":{"length":11,"sloc":10,"mass":97},"fragment":"long readLong(){\r\n        //return (((long)readInt()) << 32) | (readInt() & 0xFFFFFFFFL);\r\n        return  ((long)(page[ offset++ ]) << 56) |\r\n                ((long)(page[ offset++ ] & 0xFF) << 48) |\r\n                ((long)(page[ offset++ ] & 0xFF) << 40) |\r\n                ((long)(page[ offset++ ] & 0xFF) << 32) |\r\n                ((long)(page[ offset++ ] & 0xFF) << 24) |\r\n                ((page[ offset++ ] & 0xFF) << 16) |\r\n                ((page[ offset++ ] & 0xFF) << 8) |\r\n                ((page[ offset++ ] & 0xFF));\r\n    }","location":{"offset":[14362,535],"column":4,"row":402,"file":"smallsql0.21_src/src/smallsql/database/StoreImpl.java"},"clone_class":"62463f6f-1412-422b-a88d-34ce7d6491c3","pairs":[{"type":3,"id":"2a8c3043-10ad-48ae-a410-ef1e24f81619"},{"type":3,"id":"f5c7ba60-7949-449b-8f77-abc3bcff186a"},{"type":3,"id":"86326d49-0632-4bc2-a71c-ad1041d279db"},{"type":3,"id":"d9ac1754-35d7-4785-843b-5b780d52fa19"}],"id":"e2b010f7-683f-4308-b4d6-d095c2dde94e"},{"src":"|project://smallsql0.21_src/src/smallsql/database/MemoryStream.java|(3776,392,<137,1>,<146,2>)","metadata":{"length":10,"sloc":10,"mass":100},"fragment":"long readLong(){\r\n\t\treturn (((long)(puffer[ offset++ ] & 0xFF)) << 56)\r\n\t\t\t | (((long)(puffer[ offset++ ] & 0xFF)) << 48)\r\n\t\t\t | (((long)(puffer[ offset++ ] & 0xFF)) << 40)\r\n\t\t\t | (((long)(puffer[ offset++ ] & 0xFF)) << 32)\r\n\t\t\t | ((puffer[ offset++ ] & 0xFF) << 24)\r\n\t\t\t | ((puffer[ offset++ ] & 0xFF) << 16)\r\n\t\t\t | ((puffer[ offset++ ] & 0xFF) << 8)\r\n\t\t\t |  (puffer[ offset++ ] & 0xFF);\r\n\t}","location":{"offset":[3776,392],"column":1,"row":137,"file":"smallsql0.21_src/src/smallsql/database/MemoryStream.java"},"clone_class":"62463f6f-1412-422b-a88d-34ce7d6491c3","pairs":[{"type":3,"id":"2a8c3043-10ad-48ae-a410-ef1e24f81619"},{"type":3,"id":"e2b010f7-683f-4308-b4d6-d095c2dde94e"},{"type":3,"id":"f5c7ba60-7949-449b-8f77-abc3bcff186a"},{"type":3,"id":"86326d49-0632-4bc2-a71c-ad1041d279db"}],"id":"d9ac1754-35d7-4785-843b-5b780d52fa19"}]