[{"src":"|project://smallsql0.21_src/src/smallsql/junit/TestTransactions.java|(2609,922,<79,42>,<104,2>)","metadata":{"length":26,"sloc":21,"mass":77},"fragment":"{\r\n\t\tConnection con = AllTests.getConnection();\r\n\t\ttry{\t\t\t\r\n\t\t\tcon.setAutoCommit(false);\r\n\t\t\tcon.createStatement().execute(\"Create Table transactions (i int identity, v varchar(20))\");\r\n\t\t\tassertRowCount( 0, \"Select * from transactions\");\r\n\r\n\t\t\tcon.createStatement().execute(\"Insert Into transactions(v) Values('qwert')\");\r\n\t\t\tassertRowCount( 1, \"Select * from transactions\");\r\n\r\n\t\t\tcon.createStatement().execute(\"Insert Into transactions(v) Select v From transactions\");\r\n\t\t\tassertRowCount( 2, \"Select * from transactions\");\r\n\r\n\t\t\tcon.createStatement().execute(\"Insert Into transactions Select * From transactions\");\r\n\t\t\tassertRowCount( 4, \"Select * from transactions\");\r\n\t\t\t\r\n\t\t\tcon.commit();\r\n\t\t\tassertRowCount( 4, \"Select * from transactions\");\r\n\t\t\t\r\n\t\t}finally{\r\n\t\t\ttry{\r\n\t\t\t\tcon.createStatement().execute(\"Drop Table transactions\");\r\n\t\t\t}catch(Throwable e){e.printStackTrace();}\r\n\t\t\tcon.setAutoCommit(true);\r\n\t\t}\r\n\t}","location":{"offset":[2609,922],"column":42,"row":79,"file":"smallsql0.21_src/src/smallsql/junit/TestTransactions.java"},"clone_class":"1796383c-709b-478d-ad39-9b2f5ebeda7e","pairs":[{"type":3,"id":"816d7705-8dc5-4d26-b5ed-725f1177a505"},{"type":3,"id":"75270c78-f253-4db6-8054-1b9760d9d49b"},{"type":3,"id":"4f5910bd-76fc-479d-9e99-b15f1f9a1b78"},{"type":3,"id":"6012efba-1687-412a-af24-bad5991e3388"}],"id":"41c69b23-359a-4c20-a888-5e5bf13e83e3"},{"src":"|project://smallsql0.21_src/src/smallsql/junit/TestTransactions.java|(4645,932,<138,44>,<163,2>)","metadata":{"length":26,"sloc":21,"mass":77},"fragment":"{\r\n\t\tConnection con = AllTests.getConnection();\r\n\t\ttry{\t\t\t\r\n\t\t    con.createStatement().execute(\"Create Table transactions (i int identity, v varchar(20))\");\r\n\t\t\tcon.setAutoCommit(false);\r\n\t\t\tassertRowCount( 0, \"Select * from transactions\");\r\n\r\n\t\t\tcon.createStatement().execute(\"Insert Into transactions(v) Values('qwert')\");\r\n\t\t\tassertRowCount( 1, \"Select * from transactions\");\r\n\r\n\t\t\tcon.createStatement().execute(\"Insert Into transactions(v) Select v From transactions\");\r\n\t\t\tassertRowCount( 2, \"Select * from transactions\");\r\n\r\n\t\t\tcon.createStatement().execute(\"Insert Into transactions(v) (Select v From transactions)\");\r\n\t\t\tassertRowCount( 4, \"Select * from transactions\");\r\n\t\t\t\r\n\t\t\tcon.rollback();\r\n\t\t\tassertRowCount( 0, \"Select * from transactions\");\r\n\t\t\t\r\n\t\t}finally{\r\n\t\t\ttry{\r\n\t\t\t\tcon.createStatement().execute(\"Drop Table transactions\");\r\n\t\t\t}catch(Throwable e){e.printStackTrace();}\r\n\t\t\tcon.setAutoCommit(true);\r\n\t\t}\r\n\t}","location":{"offset":[4645,932],"column":44,"row":138,"file":"smallsql0.21_src/src/smallsql/junit/TestTransactions.java"},"clone_class":"1796383c-709b-478d-ad39-9b2f5ebeda7e","pairs":[{"type":3,"id":"41c69b23-359a-4c20-a888-5e5bf13e83e3"},{"type":3,"id":"816d7705-8dc5-4d26-b5ed-725f1177a505"},{"type":3,"id":"4f5910bd-76fc-479d-9e99-b15f1f9a1b78"},{"type":3,"id":"6012efba-1687-412a-af24-bad5991e3388"}],"id":"75270c78-f253-4db6-8054-1b9760d9d49b"},{"src":"|project://smallsql0.21_src/src/smallsql/junit/TestTransactions.java|(5767,874,<171,2>,<193,3>)","metadata":{"length":23,"sloc":18,"mass":69},"fragment":"try{\t\t\t\r\n\t\t\tcon.createStatement().execute(\"Create Table transactions (i int identity, v varchar(20))\");\r\n\t\t\tassertRowCount( 0, \"Select * from transactions\");\r\n\r\n\t\t\tcon.createStatement().execute(\"Insert Into transactions(v) Values('qwert')\");\r\n\t\t\tassertRowCount( 1, \"Select * from transactions\");\r\n\r\n\t\t\tcon.setAutoCommit(false);\r\n\t\t\tcon.createStatement().execute(\"Insert Into transactions(v) Select v From transactions\");\r\n\t\t\tassertRowCount( 2, \"Select * from transactions\");\r\n\r\n\t\t\tcon.createStatement().execute(\"Insert Into transactions(v) (Select v From transactions)\");\r\n\t\t\tassertRowCount( 4, \"Select * from transactions\");\r\n\t\t\t\r\n\t\t\tcon.rollback();\r\n\t\t\tassertRowCount( 1, \"Select * from transactions\");\r\n\t\t\t\r\n\t\t}finally{\r\n\t\t\ttry{\r\n\t\t\t\tcon.createStatement().execute(\"Drop Table transactions\");\r\n\t\t\t}catch(Throwable e){e.printStackTrace();}\r\n\t\t\tcon.setAutoCommit(true);\r\n\t\t}","location":{"offset":[5767,874],"column":2,"row":171,"file":"smallsql0.21_src/src/smallsql/junit/TestTransactions.java"},"clone_class":"1796383c-709b-478d-ad39-9b2f5ebeda7e","pairs":[{"type":3,"id":"41c69b23-359a-4c20-a888-5e5bf13e83e3"},{"type":3,"id":"816d7705-8dc5-4d26-b5ed-725f1177a505"},{"type":3,"id":"75270c78-f253-4db6-8054-1b9760d9d49b"},{"type":3,"id":"6012efba-1687-412a-af24-bad5991e3388"}],"id":"4f5910bd-76fc-479d-9e99-b15f1f9a1b78"},{"src":"|project://smallsql0.21_src/src/smallsql/junit/TestTransactions.java|(3721,869,<112,2>,<134,3>)","metadata":{"length":23,"sloc":18,"mass":69},"fragment":"try{\t\t\t\r\n\t\t\tcon.createStatement().execute(\"Create Table transactions (i int identity, v varchar(20))\");\r\n\t\t\tassertRowCount( 0, \"Select * from transactions\");\r\n\r\n\t\t\tcon.createStatement().execute(\"Insert Into transactions(v) Values('qwert')\");\r\n\t\t\tassertRowCount( 1, \"Select * from transactions\");\r\n\r\n\t\t\tcon.setAutoCommit(false);\r\n\t\t\tcon.createStatement().execute(\"Insert Into transactions(v) Select v From transactions\");\r\n\t\t\tassertRowCount( 2, \"Select * from transactions\");\r\n\r\n\t\t\tcon.createStatement().execute(\"Insert Into transactions (Select * From transactions)\");\r\n\t\t\tassertRowCount( 4, \"Select * from transactions\");\r\n\t\t\t\r\n\t\t\tcon.commit();\r\n\t\t\tassertRowCount( 4, \"Select * from transactions\");\r\n\t\t\t\r\n\t\t}finally{\r\n\t\t\ttry{\r\n\t\t\t\tcon.createStatement().execute(\"Drop Table transactions\");\r\n\t\t\t}catch(Throwable e){e.printStackTrace();}\r\n\t\t\tcon.setAutoCommit(true);\r\n\t\t}","location":{"offset":[3721,869],"column":2,"row":112,"file":"smallsql0.21_src/src/smallsql/junit/TestTransactions.java"},"clone_class":"1796383c-709b-478d-ad39-9b2f5ebeda7e","pairs":[{"type":3,"id":"41c69b23-359a-4c20-a888-5e5bf13e83e3"},{"type":3,"id":"816d7705-8dc5-4d26-b5ed-725f1177a505"},{"type":3,"id":"75270c78-f253-4db6-8054-1b9760d9d49b"},{"type":3,"id":"4f5910bd-76fc-479d-9e99-b15f1f9a1b78"}],"id":"6012efba-1687-412a-af24-bad5991e3388"}]