[{"src":"|project://smallsql0.21_src/src/smallsql/database/Index.java|(2975,1017,<85,1>,<109,5>)","metadata":{"length":25,"sloc":14,"mass":75},"fragment":"/**\r\n     * Returns a Long (unique) or a LongTreeList with rowOffsets. If the value in expressions does not exist then it\r\n     * return a null.\r\n     * \r\n     * @param expressions\r\n     *            The value that are search in the Index.\r\n     * @param searchNullValues\r\n     *            expressions with NULL values should return a result.\r\n     * @param nodeList\r\n     *            optional, can be null. The search path in the index tree.\r\n     */\r\n\tfinal Object findRows(Expressions expressions, boolean searchNullValues, ArrayList nodeList) throws Exception{\r\n        IndexNode page = rootPage;\r\n        int count = expressions.size();\r\n        for(int i = 0; i < count; i++){\r\n            page = findRows(page, expressions.get(i), searchNullValues, nodeList);\r\n            if(page == null)\r\n                return null;\r\n            if(i + 1 == count)\r\n                return page.getValue();\r\n            else\r\n                page = (IndexNode)page.getValue();\r\n        }\r\n        throw new Error();\r\n    }","location":{"offset":[2975,1017],"column":1,"row":85,"file":"smallsql0.21_src/src/smallsql/database/Index.java"},"clone_class":"f1e27f21-5cf8-405e-b83b-f607968f32c0","pairs":[{"type":3,"id":"85af35fc-bda1-4b60-a25b-bf905a10605c"}],"id":"b9fd177c-c859-4ea8-bef0-18b28eb34357"},{"src":"|project://smallsql0.21_src/src/smallsql/database/Index.java|(4001,1018,<112,1>,<136,5>)","metadata":{"length":25,"sloc":14,"mass":77},"fragment":"/**\r\n     * Returns a Long (unique) or a LongTreeList with rowOffsets. If the value in expressions does not exist then it\r\n     * return a null.\r\n     * \r\n     * @param expressions\r\n     *            The value that are search in the Index.\r\n     * @param searchNullValues\r\n     *            a expression with NULL values should return a result.\r\n     * @param nodeList\r\n     *            optional, can be null. The search path in the index tree.\r\n     */\r\n    final Object findRows(Expression[] expressions, boolean searchNullValues, ArrayList nodeList) throws Exception{\r\n        IndexNode page = rootPage;\r\n        int count = expressions.length;\r\n        for(int i = 0; i < count; i++){\r\n            page = findRows(page, expressions[i], searchNullValues, nodeList);\r\n            if(page == null)\r\n                return null;\r\n            if(i + 1 == count)\r\n                return page.getValue();\r\n            else\r\n                page = (IndexNode)page.getValue();\r\n        }\r\n        throw new Error();\r\n    }","location":{"offset":[4001,1018],"column":1,"row":112,"file":"smallsql0.21_src/src/smallsql/database/Index.java"},"clone_class":"f1e27f21-5cf8-405e-b83b-f607968f32c0","pairs":[{"type":3,"id":"b9fd177c-c859-4ea8-bef0-18b28eb34357"}],"id":"85af35fc-bda1-4b60-a25b-bf905a10605c"}]