[{"src":"|project://smallsql0.21_src/src/smallsql/junit/TestOrderBy.java|(13970,591,<519,43>,<542,2>)","metadata":{"length":24,"sloc":20,"mass":103},"fragment":"{\r\n\t\tinit();\r\n\t\tConnection con = AllTests.getConnection();\r\n\t\tStatement st = con.createStatement();\r\n\t\tResultSet rs;\r\n\t\tLong oldValue;\r\n\t\t\r\n\t\trs = st.executeQuery(\"SELECT * FROM \" + table1 + \" ORDER  by bi\");\r\n\t\t\r\n\t\tassertTrue( rs.next() );\r\n\t\t\r\n\t\toldValue = (Long)rs.getObject(\"bi\");\r\n\t\tassertNull(oldValue);\r\n\t\tassertTrue( rs.next() );\r\n\t\toldValue = (Long)rs.getObject(\"bi\");\r\n\t\t\r\n\t\tint count = 1;\r\n\t\twhile(rs.next()){\r\n\t\t\tassertTrue( oldValue.compareTo( (Long)rs.getObject(\"bi\") ) < 0 );\r\n\t\t\toldValue = (Long)rs.getObject(\"bi\");\r\n\t\t\tcount++;\r\n\t\t}\r\n\t\tassertEquals( valueCount, count );\r\n\t}","location":{"offset":[13970,591],"column":43,"row":519,"file":"smallsql0.21_src/src/smallsql/junit/TestOrderBy.java"},"clone_class":"5400556a-42d3-4eba-b1d3-17f93f28e8b7","pairs":[{"type":3,"id":"5b919966-a071-4cef-b008-3163d2a2b433"},{"type":3,"id":"b4e51401-5ba8-43df-a3eb-c3c0f38d9729"},{"type":3,"id":"de7c3322-6763-49fa-8cfe-1122c3d754c1"},{"type":3,"id":"3f060df5-a4c3-4126-8bba-7d269144efe6"}],"id":"e391eb65-d672-4976-9051-5b47093d99a3"},{"src":"|project://smallsql0.21_src/src/smallsql/junit/TestOrderBy.java|(5248,660,<170,1>,<195,2>)","metadata":{"length":26,"sloc":22,"mass":102},"fragment":"public void testOrderBy_varchar_asc() throws Exception{\r\n\t\tinit();\r\n\t\tConnection con = AllTests.getConnection();\r\n\t\tStatement st = con.createStatement();\r\n\t\tResultSet rs;\r\n\t\tString oldValue;\r\n\t\t\r\n\t\trs = st.executeQuery(\"SELECT * FROM \" + table1 + \" ORDER  by v ASC\");\r\n\t\t\r\n\t\tassertTrue( rs.next() );\r\n\t\t\r\n\t\toldValue = rs.getString(\"v\");\r\n\t\tassertNull(oldValue);\r\n\t\tassertTrue( rs.next() );\r\n\t\toldValue = rs.getString(\"v\");\r\n\t\t\r\n\t\tint count = 1;\r\n\t\twhile(rs.next()){\r\n\t\t\tString newValue = rs.getString(\"v\");\r\n\t\t\tassertTrue( oldValue.compareTo( newValue ) < 0 );\r\n\t\t\toldValue = newValue;\r\n\t\t\tcount++;\r\n\t\t}\r\n\t\trs.close();\r\n\t\tassertEquals( valueCount, count );\r\n\t}","location":{"offset":[5248,660],"column":1,"row":170,"file":"smallsql0.21_src/src/smallsql/junit/TestOrderBy.java"},"clone_class":"5400556a-42d3-4eba-b1d3-17f93f28e8b7","pairs":[{"type":3,"id":"e391eb65-d672-4976-9051-5b47093d99a3"},{"type":3,"id":"5b919966-a071-4cef-b008-3163d2a2b433"},{"type":3,"id":"de7c3322-6763-49fa-8cfe-1122c3d754c1"},{"type":3,"id":"3f060df5-a4c3-4126-8bba-7d269144efe6"}],"id":"b4e51401-5ba8-43df-a3eb-c3c0f38d9729"},{"src":"|project://smallsql0.21_src/src/smallsql/junit/TestOrderBy.java|(7278,654,<254,1>,<277,2>)","metadata":{"length":24,"sloc":20,"mass":95},"fragment":"public void testOrderBy_varchar_GroupBy() throws Exception{\r\n\t\tinit();\r\n\t\tConnection con = AllTests.getConnection();\r\n\t\tStatement st = con.createStatement();\r\n\t\tResultSet rs;\r\n\t\tString oldValue;\r\n\t\t\r\n\t\trs = st.executeQuery(\"SELECT first(v) cc FROM \" + table1 + \" Group By i ORDER  by first(V)\");\r\n\t\t\r\n\t\tassertTrue( rs.next() );\r\n\t\t\r\n\t\toldValue = rs.getString(\"cc\");\r\n\t\tassertNull(oldValue);\r\n\t\tassertTrue( rs.next() );\r\n\t\toldValue = rs.getString(\"cc\");\r\n\t\t\r\n\t\tint count = 1;\r\n\t\twhile(rs.next()){\r\n\t\t\tassertTrue( oldValue.compareTo( rs.getString(\"cc\") ) < 0 );\r\n\t\t\toldValue = rs.getString(\"cc\");\r\n\t\t\tcount++;\r\n\t\t}\r\n\t\tassertEquals( valueCount, count );\r\n\t}","location":{"offset":[7278,654],"column":1,"row":254,"file":"smallsql0.21_src/src/smallsql/junit/TestOrderBy.java"},"clone_class":"5400556a-42d3-4eba-b1d3-17f93f28e8b7","pairs":[{"type":3,"id":"e391eb65-d672-4976-9051-5b47093d99a3"},{"type":3,"id":"5b919966-a071-4cef-b008-3163d2a2b433"},{"type":3,"id":"b4e51401-5ba8-43df-a3eb-c3c0f38d9729"},{"type":3,"id":"3f060df5-a4c3-4126-8bba-7d269144efe6"}],"id":"de7c3322-6763-49fa-8cfe-1122c3d754c1"},{"src":"|project://smallsql0.21_src/src/smallsql/junit/TestOrderBy.java|(8575,599,<303,52>,<326,2>)","metadata":{"length":24,"sloc":20,"mass":94},"fragment":"{\r\n\t\tinit();\r\n\t\tConnection con = AllTests.getConnection();\r\n\t\tStatement st = con.createStatement();\r\n\t\tResultSet rs;\r\n\t\tString oldValue;\r\n\t\t\r\n\t\trs = st.executeQuery(\"SELECT * FROM \" + table1 + \" ORDER  by nv\");\r\n\t\t\r\n\t\tassertTrue( rs.next() );\r\n\t\t\r\n\t\toldValue = rs.getString(\"nv\");\r\n\t\tassertNull(oldValue);\r\n\t\tassertTrue( rs.next() );\r\n\t\toldValue = rs.getString(\"nv\");\r\n\t\t\r\n\t\tint count = 1;\r\n\t\twhile(rs.next()){\r\n\t\t\tassertTrue( String.CASE_INSENSITIVE_ORDER.compare( oldValue, rs.getString(\"nv\") ) <= 0 );\r\n\t\t\toldValue = rs.getString(\"nv\");\r\n\t\t\tcount++;\r\n\t\t}\r\n\t\tassertEquals( valueCount, count );\r\n\t}","location":{"offset":[8575,599],"column":52,"row":303,"file":"smallsql0.21_src/src/smallsql/junit/TestOrderBy.java"},"clone_class":"5400556a-42d3-4eba-b1d3-17f93f28e8b7","pairs":[{"type":3,"id":"e391eb65-d672-4976-9051-5b47093d99a3"},{"type":3,"id":"5b919966-a071-4cef-b008-3163d2a2b433"},{"type":3,"id":"b4e51401-5ba8-43df-a3eb-c3c0f38d9729"},{"type":3,"id":"de7c3322-6763-49fa-8cfe-1122c3d754c1"}],"id":"3f060df5-a4c3-4126-8bba-7d269144efe6"}]