[{"src":"|project://smallsql0.21_src/src/smallsql/junit/TestOrderBy.java|(4576,664,<143,1>,<167,2>)","metadata":{"length":25,"sloc":21,"mass":104},"fragment":"public void testOrderBy_varchar() throws Exception{\r\n\t\tinit();\r\n\t\tConnection con = AllTests.getConnection();\r\n\t\tStatement st = con.createStatement();\r\n\t\tResultSet rs;\r\n\t\tString oldValue;\r\n\t\t\r\n\t\trs = st.executeQuery(\"SELECT * FROM \" + table1 + \" ORDER  by v\");\r\n\t\t\r\n\t\tassertTrue( rs.next() );\r\n\t\t\r\n\t\toldValue = rs.getString(\"v\");\r\n\t\tassertNull(oldValue);\r\n\t\tassertTrue( rs.next() );\r\n\t\toldValue = rs.getString(\"v\");\r\n\t\t\r\n\t\tint count = 1;\r\n\t\twhile(rs.next()){\r\n\t\t\tString newValue = rs.getString(\"v\");\r\n\t\t\tassertTrue( oldValue + \"<\" + newValue, oldValue.compareTo( newValue ) < 0 );\r\n\t\t\toldValue = newValue;\r\n\t\t\tcount++;\r\n\t\t}\r\n\t\tassertEquals( valueCount, count );\r\n\t}","location":{"offset":[4576,664],"column":1,"row":143,"file":"smallsql0.21_src/src/smallsql/junit/TestOrderBy.java"},"clone_class":"8c6efda7-b0dc-401e-8b2b-468ec5831167","pairs":[{"type":3,"id":"e391eb65-d672-4976-9051-5b47093d99a3"},{"type":3,"id":"fcafd195-ef4f-4c03-a7cd-2fb8dc169a24"},{"type":3,"id":"1f43038f-5149-4015-988a-61ac872480ee"},{"type":3,"id":"5b919966-a071-4cef-b008-3163d2a2b433"},{"type":3,"id":"13387840-bf39-4cc3-8864-a783d1336ff2"},{"type":3,"id":"b4e51401-5ba8-43df-a3eb-c3c0f38d9729"}],"id":"d2691a1a-5736-4e7f-98f5-9516cfc94439"},{"src":"|project://smallsql0.21_src/src/smallsql/junit/TestOrderBy.java|(13928,633,<519,1>,<542,2>)","metadata":{"length":24,"sloc":20,"mass":107},"fragment":"public void test_bigint() throws Exception{\r\n\t\tinit();\r\n\t\tConnection con = AllTests.getConnection();\r\n\t\tStatement st = con.createStatement();\r\n\t\tResultSet rs;\r\n\t\tLong oldValue;\r\n\t\t\r\n\t\trs = st.executeQuery(\"SELECT * FROM \" + table1 + \" ORDER  by bi\");\r\n\t\t\r\n\t\tassertTrue( rs.next() );\r\n\t\t\r\n\t\toldValue = (Long)rs.getObject(\"bi\");\r\n\t\tassertNull(oldValue);\r\n\t\tassertTrue( rs.next() );\r\n\t\toldValue = (Long)rs.getObject(\"bi\");\r\n\t\t\r\n\t\tint count = 1;\r\n\t\twhile(rs.next()){\r\n\t\t\tassertTrue( oldValue.compareTo( (Long)rs.getObject(\"bi\") ) < 0 );\r\n\t\t\toldValue = (Long)rs.getObject(\"bi\");\r\n\t\t\tcount++;\r\n\t\t}\r\n\t\tassertEquals( valueCount, count );\r\n\t}","location":{"offset":[13928,633],"column":1,"row":519,"file":"smallsql0.21_src/src/smallsql/junit/TestOrderBy.java"},"clone_class":"8c6efda7-b0dc-401e-8b2b-468ec5831167","pairs":[{"type":3,"id":"e391eb65-d672-4976-9051-5b47093d99a3"},{"type":3,"id":"d2691a1a-5736-4e7f-98f5-9516cfc94439"},{"type":3,"id":"1f43038f-5149-4015-988a-61ac872480ee"},{"type":3,"id":"5b919966-a071-4cef-b008-3163d2a2b433"},{"type":3,"id":"13387840-bf39-4cc3-8864-a783d1336ff2"},{"type":3,"id":"b4e51401-5ba8-43df-a3eb-c3c0f38d9729"}],"id":"fcafd195-ef4f-4c03-a7cd-2fb8dc169a24"},{"src":"|project://smallsql0.21_src/src/smallsql/junit/TestOrderBy.java|(8524,650,<303,1>,<326,2>)","metadata":{"length":24,"sloc":20,"mass":98},"fragment":"public void testOrderBy_nvarchar() throws Exception{\r\n\t\tinit();\r\n\t\tConnection con = AllTests.getConnection();\r\n\t\tStatement st = con.createStatement();\r\n\t\tResultSet rs;\r\n\t\tString oldValue;\r\n\t\t\r\n\t\trs = st.executeQuery(\"SELECT * FROM \" + table1 + \" ORDER  by nv\");\r\n\t\t\r\n\t\tassertTrue( rs.next() );\r\n\t\t\r\n\t\toldValue = rs.getString(\"nv\");\r\n\t\tassertNull(oldValue);\r\n\t\tassertTrue( rs.next() );\r\n\t\toldValue = rs.getString(\"nv\");\r\n\t\t\r\n\t\tint count = 1;\r\n\t\twhile(rs.next()){\r\n\t\t\tassertTrue( String.CASE_INSENSITIVE_ORDER.compare( oldValue, rs.getString(\"nv\") ) <= 0 );\r\n\t\t\toldValue = rs.getString(\"nv\");\r\n\t\t\tcount++;\r\n\t\t}\r\n\t\tassertEquals( valueCount, count );\r\n\t}","location":{"offset":[8524,650],"column":1,"row":303,"file":"smallsql0.21_src/src/smallsql/junit/TestOrderBy.java"},"clone_class":"8c6efda7-b0dc-401e-8b2b-468ec5831167","pairs":[{"type":3,"id":"e391eb65-d672-4976-9051-5b47093d99a3"},{"type":3,"id":"d2691a1a-5736-4e7f-98f5-9516cfc94439"},{"type":3,"id":"fcafd195-ef4f-4c03-a7cd-2fb8dc169a24"},{"type":3,"id":"1f43038f-5149-4015-988a-61ac872480ee"},{"type":3,"id":"5b919966-a071-4cef-b008-3163d2a2b433"},{"type":3,"id":"b4e51401-5ba8-43df-a3eb-c3c0f38d9729"}],"id":"13387840-bf39-4cc3-8864-a783d1336ff2"},{"src":"|project://smallsql0.21_src/src/smallsql/junit/TestOrderBy.java|(5248,660,<170,1>,<195,2>)","metadata":{"length":26,"sloc":22,"mass":102},"fragment":"public void testOrderBy_varchar_asc() throws Exception{\r\n\t\tinit();\r\n\t\tConnection con = AllTests.getConnection();\r\n\t\tStatement st = con.createStatement();\r\n\t\tResultSet rs;\r\n\t\tString oldValue;\r\n\t\t\r\n\t\trs = st.executeQuery(\"SELECT * FROM \" + table1 + \" ORDER  by v ASC\");\r\n\t\t\r\n\t\tassertTrue( rs.next() );\r\n\t\t\r\n\t\toldValue = rs.getString(\"v\");\r\n\t\tassertNull(oldValue);\r\n\t\tassertTrue( rs.next() );\r\n\t\toldValue = rs.getString(\"v\");\r\n\t\t\r\n\t\tint count = 1;\r\n\t\twhile(rs.next()){\r\n\t\t\tString newValue = rs.getString(\"v\");\r\n\t\t\tassertTrue( oldValue.compareTo( newValue ) < 0 );\r\n\t\t\toldValue = newValue;\r\n\t\t\tcount++;\r\n\t\t}\r\n\t\trs.close();\r\n\t\tassertEquals( valueCount, count );\r\n\t}","location":{"offset":[5248,660],"column":1,"row":170,"file":"smallsql0.21_src/src/smallsql/junit/TestOrderBy.java"},"clone_class":"8c6efda7-b0dc-401e-8b2b-468ec5831167","pairs":[{"type":3,"id":"e391eb65-d672-4976-9051-5b47093d99a3"},{"type":3,"id":"d2691a1a-5736-4e7f-98f5-9516cfc94439"},{"type":3,"id":"fcafd195-ef4f-4c03-a7cd-2fb8dc169a24"},{"type":3,"id":"1f43038f-5149-4015-988a-61ac872480ee"},{"type":3,"id":"5b919966-a071-4cef-b008-3163d2a2b433"},{"type":3,"id":"13387840-bf39-4cc3-8864-a783d1336ff2"}],"id":"b4e51401-5ba8-43df-a3eb-c3c0f38d9729"}]