[{"src":"|project://smallsql0.21_src/src/smallsql/junit/TestTransactions.java|(13853,995,<375,1>,<402,2>)","metadata":{"length":28,"sloc":21,"mass":87},"fragment":"/**\r\n\t * A row that was inserted and committed with a valid WHERE expression should not count 2 times.\r\n\t */\r\n\tpublic void testInsertRow_withRightWhere() throws Exception{\r\n\t\tConnection con = AllTests.getConnection();\r\n\t\ttry{\t\t\t\r\n\t\t\tcon.createStatement().execute(\"Create Table transactions (i int identity, v varchar(20))\");\r\n\t\t\tassertRowCount( 0, \"Select * from transactions\");\r\n\r\n\t\t\tcon.createStatement().execute(\"Insert Into transactions(v) Values('qwert2')\");\r\n\r\n\t\t\tResultSet rs = con.createStatement(ResultSet.TYPE_SCROLL_SENSITIVE, ResultSet.CONCUR_UPDATABLE)\r\n\t\t\t\t\t\t\t\t.executeQuery(\"Select * from transactions Where v = 'qwert'\");\r\n\t\t\t\r\n\t\t\trs.moveToInsertRow();\r\n\t\t\trs.updateString(\"v\", \"qwert\");\r\n\t\t\trs.insertRow();\r\n\t\t\t\r\n\t\t\trs.beforeFirst();\r\n\t\t\tassertTrue( rs.next() );\r\n\t\t\tassertEquals(\"qwert\", rs.getString(\"v\"));\r\n\t\t\tassertFalse( rs.next() );\r\n\t\t}finally{\r\n\t\t\ttry{\r\n\t\t\t\tcon.createStatement().execute(\"Drop Table transactions\");\r\n\t\t\t}catch(Throwable e){e.printStackTrace();}\r\n\t\t}\r\n\t}","location":{"offset":[13853,995],"column":1,"row":375,"file":"smallsql0.21_src/src/smallsql/junit/TestTransactions.java"},"clone_class":"b9372795-55ee-482b-b47d-8680e8509ca5","pairs":[{"type":3,"id":"20011edf-297c-4e96-b579-1af805c943cf"}],"id":"36d72fff-37c8-44c5-8447-49fa552578f3"},{"src":"|project://smallsql0.21_src/src/smallsql/junit/TestTransactions.java|(12965,877,<345,60>,<371,2>)","metadata":{"length":27,"sloc":23,"mass":91},"fragment":"{\r\n\t\tConnection con = AllTests.getConnection();\r\n\t\ttry{\t\t\t\r\n\t\t\tcon.setAutoCommit(false);\r\n\t\t\tcon.createStatement().execute(\"Create Table transactions (i int identity, v varchar(20))\");\r\n\t\t\tassertRowCount( 0, \"Select * from transactions\");\r\n\r\n\t\t\tcon.createStatement().execute(\"Insert Into transactions(v) Values('qwert')\");\r\n\r\n\t\t\tResultSet rs = con.createStatement(ResultSet.TYPE_SCROLL_SENSITIVE, ResultSet.CONCUR_UPDATABLE)\r\n\t\t\t\t\t\t\t\t.executeQuery(\"Select * from transactions Where 1=0\");\r\n\t\t\t\r\n\t\t\trs.moveToInsertRow();\r\n\t\t\trs.updateString(\"v\", \"qwert2\");\r\n\t\t\trs.insertRow();\r\n\t\t\t\r\n\t\t\trs.beforeFirst();\r\n\t\t\tassertTrue( rs.next() );\r\n\t\t\tassertEquals(\"qwert2\", rs.getString(\"v\"));\r\n\t\t\tassertFalse( rs.next() );\r\n\t\t}finally{\r\n\t\t\ttry{\r\n\t\t\t\tcon.createStatement().execute(\"Drop Table transactions\");\r\n\t\t\t}catch(Throwable e){e.printStackTrace();}\r\n\t\t\tcon.setAutoCommit(true);\r\n\t\t}\r\n\t}","location":{"offset":[12965,877],"column":60,"row":345,"file":"smallsql0.21_src/src/smallsql/junit/TestTransactions.java"},"clone_class":"b9372795-55ee-482b-b47d-8680e8509ca5","pairs":[{"type":3,"id":"36d72fff-37c8-44c5-8447-49fa552578f3"}],"id":"20011edf-297c-4e96-b579-1af805c943cf"}]