[{"src":"|project://smallsql0.21_src/src/smallsql/database/Index.java|(3540,452,<96,110>,<109,5>)","metadata":{"length":14,"sloc":14,"mass":62},"fragment":"{\r\n        IndexNode page = rootPage;\r\n        int count = expressions.size();\r\n        for(int i = 0; i < count; i++){\r\n            page = findRows(page, expressions.get(i), searchNullValues, nodeList);\r\n            if(page == null)\r\n                return null;\r\n            if(i + 1 == count)\r\n                return page.getValue();\r\n            else\r\n                page = (IndexNode)page.getValue();\r\n        }\r\n        throw new Error();\r\n    }","location":{"offset":[3540,452],"column":110,"row":96,"file":"smallsql0.21_src/src/smallsql/database/Index.java"},"clone_class":"11d832d0-b017-4297-bab2-05b2dd0659e1","pairs":[{"type":3,"id":"66219a14-c074-41ab-b313-6384d71c3aa7"}],"id":"521c158c-9feb-4c04-8230-ec76bcf5dac8"},{"src":"|project://smallsql0.21_src/src/smallsql/database/Index.java|(4571,448,<123,114>,<136,5>)","metadata":{"length":14,"sloc":14,"mass":63},"fragment":"{\r\n        IndexNode page = rootPage;\r\n        int count = expressions.length;\r\n        for(int i = 0; i < count; i++){\r\n            page = findRows(page, expressions[i], searchNullValues, nodeList);\r\n            if(page == null)\r\n                return null;\r\n            if(i + 1 == count)\r\n                return page.getValue();\r\n            else\r\n                page = (IndexNode)page.getValue();\r\n        }\r\n        throw new Error();\r\n    }","location":{"offset":[4571,448],"column":114,"row":123,"file":"smallsql0.21_src/src/smallsql/database/Index.java"},"clone_class":"11d832d0-b017-4297-bab2-05b2dd0659e1","pairs":[{"type":3,"id":"521c158c-9feb-4c04-8230-ec76bcf5dac8"}],"id":"66219a14-c074-41ab-b313-6384d71c3aa7"}]