[{"src":"|project://smallsql0.21_src/src/smallsql/junit/TestTransactions.java|(2609,922,<79,42>,<104,2>)","metadata":{"length":26,"sloc":21,"mass":77},"fragment":"{\r\n\t\tConnection con = AllTests.getConnection();\r\n\t\ttry{\t\t\t\r\n\t\t\tcon.setAutoCommit(false);\r\n\t\t\tcon.createStatement().execute(\"Create Table transactions (i int identity, v varchar(20))\");\r\n\t\t\tassertRowCount( 0, \"Select * from transactions\");\r\n\r\n\t\t\tcon.createStatement().execute(\"Insert Into transactions(v) Values('qwert')\");\r\n\t\t\tassertRowCount( 1, \"Select * from transactions\");\r\n\r\n\t\t\tcon.createStatement().execute(\"Insert Into transactions(v) Select v From transactions\");\r\n\t\t\tassertRowCount( 2, \"Select * from transactions\");\r\n\r\n\t\t\tcon.createStatement().execute(\"Insert Into transactions Select * From transactions\");\r\n\t\t\tassertRowCount( 4, \"Select * from transactions\");\r\n\t\t\t\r\n\t\t\tcon.commit();\r\n\t\t\tassertRowCount( 4, \"Select * from transactions\");\r\n\t\t\t\r\n\t\t}finally{\r\n\t\t\ttry{\r\n\t\t\t\tcon.createStatement().execute(\"Drop Table transactions\");\r\n\t\t\t}catch(Throwable e){e.printStackTrace();}\r\n\t\t\tcon.setAutoCommit(true);\r\n\t\t}\r\n\t}","location":{"offset":[2609,922],"column":42,"row":79,"file":"smallsql0.21_src/src/smallsql/junit/TestTransactions.java"},"clone_class":"c6d66cb7-79c5-4654-9600-417d0a3c36c7","pairs":[{"type":3,"id":"816d7705-8dc5-4d26-b5ed-725f1177a505"},{"type":3,"id":"bb06d102-20bc-48b6-b5c6-0de1f2b7798d"},{"type":3,"id":"b8c8c01f-cd44-4583-ad5b-1c00f8090eab"},{"type":3,"id":"6012efba-1687-412a-af24-bad5991e3388"}],"id":"41c69b23-359a-4c20-a888-5e5bf13e83e3"},{"src":"|project://smallsql0.21_src/src/smallsql/junit/TestTransactions.java|(3670,924,<110,58>,<135,2>)","metadata":{"length":26,"sloc":21,"mass":77},"fragment":"{\r\n\t\tConnection con = AllTests.getConnection();\r\n\t\ttry{\t\t\t\r\n\t\t\tcon.createStatement().execute(\"Create Table transactions (i int identity, v varchar(20))\");\r\n\t\t\tassertRowCount( 0, \"Select * from transactions\");\r\n\r\n\t\t\tcon.createStatement().execute(\"Insert Into transactions(v) Values('qwert')\");\r\n\t\t\tassertRowCount( 1, \"Select * from transactions\");\r\n\r\n\t\t\tcon.setAutoCommit(false);\r\n\t\t\tcon.createStatement().execute(\"Insert Into transactions(v) Select v From transactions\");\r\n\t\t\tassertRowCount( 2, \"Select * from transactions\");\r\n\r\n\t\t\tcon.createStatement().execute(\"Insert Into transactions (Select * From transactions)\");\r\n\t\t\tassertRowCount( 4, \"Select * from transactions\");\r\n\t\t\t\r\n\t\t\tcon.commit();\r\n\t\t\tassertRowCount( 4, \"Select * from transactions\");\r\n\t\t\t\r\n\t\t}finally{\r\n\t\t\ttry{\r\n\t\t\t\tcon.createStatement().execute(\"Drop Table transactions\");\r\n\t\t\t}catch(Throwable e){e.printStackTrace();}\r\n\t\t\tcon.setAutoCommit(true);\r\n\t\t}\r\n\t}","location":{"offset":[3670,924],"column":58,"row":110,"file":"smallsql0.21_src/src/smallsql/junit/TestTransactions.java"},"clone_class":"c6d66cb7-79c5-4654-9600-417d0a3c36c7","pairs":[{"type":3,"id":"41c69b23-359a-4c20-a888-5e5bf13e83e3"},{"type":3,"id":"816d7705-8dc5-4d26-b5ed-725f1177a505"},{"type":3,"id":"b8c8c01f-cd44-4583-ad5b-1c00f8090eab"},{"type":3,"id":"6012efba-1687-412a-af24-bad5991e3388"}],"id":"bb06d102-20bc-48b6-b5c6-0de1f2b7798d"},{"src":"|project://smallsql0.21_src/src/smallsql/junit/TestTransactions.java|(4696,877,<140,2>,<162,3>)","metadata":{"length":23,"sloc":18,"mass":69},"fragment":"try{\t\t\t\r\n\t\t    con.createStatement().execute(\"Create Table transactions (i int identity, v varchar(20))\");\r\n\t\t\tcon.setAutoCommit(false);\r\n\t\t\tassertRowCount( 0, \"Select * from transactions\");\r\n\r\n\t\t\tcon.createStatement().execute(\"Insert Into transactions(v) Values('qwert')\");\r\n\t\t\tassertRowCount( 1, \"Select * from transactions\");\r\n\r\n\t\t\tcon.createStatement().execute(\"Insert Into transactions(v) Select v From transactions\");\r\n\t\t\tassertRowCount( 2, \"Select * from transactions\");\r\n\r\n\t\t\tcon.createStatement().execute(\"Insert Into transactions(v) (Select v From transactions)\");\r\n\t\t\tassertRowCount( 4, \"Select * from transactions\");\r\n\t\t\t\r\n\t\t\tcon.rollback();\r\n\t\t\tassertRowCount( 0, \"Select * from transactions\");\r\n\t\t\t\r\n\t\t}finally{\r\n\t\t\ttry{\r\n\t\t\t\tcon.createStatement().execute(\"Drop Table transactions\");\r\n\t\t\t}catch(Throwable e){e.printStackTrace();}\r\n\t\t\tcon.setAutoCommit(true);\r\n\t\t}","location":{"offset":[4696,877],"column":2,"row":140,"file":"smallsql0.21_src/src/smallsql/junit/TestTransactions.java"},"clone_class":"c6d66cb7-79c5-4654-9600-417d0a3c36c7","pairs":[{"type":3,"id":"41c69b23-359a-4c20-a888-5e5bf13e83e3"},{"type":3,"id":"816d7705-8dc5-4d26-b5ed-725f1177a505"},{"type":3,"id":"bb06d102-20bc-48b6-b5c6-0de1f2b7798d"},{"type":3,"id":"6012efba-1687-412a-af24-bad5991e3388"}],"id":"b8c8c01f-cd44-4583-ad5b-1c00f8090eab"}]