[{"src":"|project://smallsql0.21_src/src/smallsql/junit/BenchTest.java|(27602,1349,<654,8>,<681,9>)","metadata":{"length":28,"sloc":28,"mass":182},"fragment":"try{\r\n            java.io.FileOutputStream fos = new java.io.FileOutputStream(tableName+\".bin\");\r\n            byte bytes[] = new byte[1024];\r\n            for(int i=0; i<rowCount; i++){\r\n                fos.write(bytes);\r\n            }\r\n            fos.close();\r\n            java.io.FileInputStream fis = new java.io.FileInputStream(tableName+\".bin\");\r\n            long time = -System.currentTimeMillis();\r\n            Statement st = con.createStatement();\r\n            st.execute(\"CREATE PROCEDURE #UpdateLargeBinary(@im image) as Update \" + tableName + \" set im=@im WHERE pr=2\");\r\n            PreparedStatement pr = con.prepareStatement(\"exec #UpdateLargeBinary ?\");\r\n            pr.setBinaryStream( 1, fis, rowCount*1024 );\r\n            pr.execute();\r\n            st.execute(\"DROP PROCEDURE #UpdateLargeBinary\");\r\n            st.close();\r\n            pr.close();\r\n            time += System.currentTimeMillis();\r\n            System.out.println( \"  Test time: \" + time + \" ms\");\r\n            fis.close();\r\n            java.io.File file = new java.io.File(tableName+\".bin\");\r\n            file.delete();\r\n        }catch(Exception e){\r\n            System.out.println(\"  Failed:\"+e);\r\n        }finally{\r\n            System.out.println();\r\n            System.out.println(\"===================================================================\");\r\n        }","location":{"offset":[27602,1349],"column":8,"row":654,"file":"smallsql0.21_src/src/smallsql/junit/BenchTest.java"},"clone_class":"c5bacc19-4045-44d6-bb7d-38325c897392","pairs":[{"type":3,"id":"31d116f9-f37b-4a8f-88bd-7b609826527f"}],"id":"85913e18-9d97-4ec6-baf2-115d52b72816"},{"src":"|project://smallsql0.21_src/src/smallsql/junit/BenchTest.java|(26029,1253,<613,54>,<641,5>)","metadata":{"length":29,"sloc":28,"mass":180},"fragment":"{\r\n        System.out.println();\r\n        System.out.println( \"Test update large binary data: \" + rowCount + \"KB bytes\");\r\n        \r\n        try{\r\n            java.io.FileOutputStream fos = new java.io.FileOutputStream(tableName+\".bin\");\r\n            byte bytes[] = new byte[1024];\r\n            for(int i=0; i<rowCount; i++){\r\n                fos.write(bytes);\r\n            }\r\n            fos.close();\r\n            java.io.FileInputStream fis = new java.io.FileInputStream(tableName+\".bin\");\r\n            long time = -System.currentTimeMillis();\r\n            PreparedStatement pr = con.prepareStatement(\"Update \" + tableName + \" set im=? WHERE pr=1\");\r\n            pr.setBinaryStream( 1, fis, rowCount*1024 );\r\n            pr.execute();\r\n            pr.close();\r\n            time += System.currentTimeMillis();\r\n            System.out.println( \"  Test time: \" + time + \" ms\");\r\n            fis.close();\r\n            java.io.File file = new java.io.File(tableName+\".bin\");\r\n            file.delete();\r\n        }catch(Exception e){\r\n            System.out.println(\"  Failed:\"+e);\r\n        }finally{\r\n            System.out.println();\r\n            System.out.println(\"===================================================================\");\r\n        }\r\n    }","location":{"offset":[26029,1253],"column":54,"row":613,"file":"smallsql0.21_src/src/smallsql/junit/BenchTest.java"},"clone_class":"c5bacc19-4045-44d6-bb7d-38325c897392","pairs":[{"type":3,"id":"85913e18-9d97-4ec6-baf2-115d52b72816"}],"id":"31d116f9-f37b-4a8f-88bd-7b609826527f"}]