[{"src":"|project://smallsql0.21_src/src/smallsql/database/ExpressionValue.java|(13277,608,<402,8>,<416,9>)","metadata":{"length":15,"sloc":15,"mass":69},"fragment":"switch(dataType){\r\n            case SQLTokenizer.BIT:\r\n            case SQLTokenizer.BOOLEAN:\r\n                return (obj.equals(Boolean.TRUE));\r\n            case SQLTokenizer.TINYINT:\r\n            case SQLTokenizer.SMALLINT:\r\n            case SQLTokenizer.INT:\r\n            case SQLTokenizer.BIGINT:\r\n                return ((Number)obj).intValue() != 0;\r\n            case SQLTokenizer.REAL:\r\n            case SQLTokenizer.DOUBLE:\r\n            case SQLTokenizer.MONEY:\r\n                return ((Number)obj).doubleValue() != 0;\r\n            default: return Utils.string2boolean( obj.toString() );\r\n        }","location":{"offset":[13277,608],"column":8,"row":402,"file":"smallsql0.21_src/src/smallsql/database/ExpressionValue.java"},"clone_class":"05690155-d804-43bd-9707-806ad621e029","pairs":[{"type":3,"id":"9355e3df-9720-4d88-8c51-a50baf3070ca"}],"id":"75a2c769-bdab-4e22-93a5-d13e68de72a2"},{"src":"|project://smallsql0.21_src/src/smallsql/database/ExpressionValue.java|(17323,567,<519,8>,<533,9>)","metadata":{"length":15,"sloc":15,"mass":68},"fragment":"switch(dataType){\r\n            case SQLTokenizer.BIT:\r\n                return (obj.equals(Boolean.TRUE)) ? 1 : 0;\r\n            case SQLTokenizer.INT:\r\n            case SQLTokenizer.BIGINT:\r\n            case SQLTokenizer.DOUBLE:\r\n            case SQLTokenizer.MONEY:\r\n                return ((Number)obj).doubleValue();\r\n\t\t\tcase SQLTokenizer.TIMESTAMP:\r\n\t\t\tcase SQLTokenizer.TIME:\r\n\t\t\tcase SQLTokenizer.DATE:\r\n\t\t\tcase SQLTokenizer.SMALLDATETIME:\r\n\t\t\t\treturn ((DateTime)obj).getTimeMillis();\r\n            default: return Double.parseDouble( obj.toString() );\r\n        }","location":{"offset":[17323,567],"column":8,"row":519,"file":"smallsql0.21_src/src/smallsql/database/ExpressionValue.java"},"clone_class":"05690155-d804-43bd-9707-806ad621e029","pairs":[{"type":3,"id":"75a2c769-bdab-4e22-93a5-d13e68de72a2"}],"id":"9355e3df-9720-4d88-8c51-a50baf3070ca"}]