[{"src":"|project://smallsql0.21_src/src/smallsql/database/ExpressionFunctionReturnString.java|(0,2539,<1,0>,<93,3>)","metadata":{"length":93,"sloc":37,"mass":122},"fragment":"/* =============================================================\r\n * SmallSQL : a free Java DBMS library for the Java(tm) platform\r\n * =============================================================\r\n *\r\n * (C) Copyright 2004-2006, by Volker Berlin.\r\n *\r\n * Project Info:  http://www.smallsql.de/\r\n *\r\n * This library is free software; you can redistribute it and/or modify it \r\n * under the terms of the GNU Lesser General Public License as published by \r\n * the Free Software Foundation; either version 2.1 of the License, or \r\n * (at your option) any later version.\r\n *\r\n * This library is distributed in the hope that it will be useful, but \r\n * WITHOUT ANY WARRANTY; without even the implied warranty of MERCHANTABILITY \r\n * or FITNESS FOR A PARTICULAR PURPOSE. See the GNU Lesser General Public \r\n * License for more details.\r\n *\r\n * You should have received a copy of the GNU Lesser General Public\r\n * License along with this library; if not, write to the Free Software\r\n * Foundation, Inc., 51 Franklin Street, Fifth Floor, Boston, MA  02110-1301, \r\n * USA.  \r\n *\r\n * [Java is a trademark or registered trademark of Sun Microsystems, Inc. \r\n * in the United States and other countries.]\r\n *\r\n * ---------------\r\n * ExpressionFunctionString.java\r\n * ---------------\r\n * Author: Volker Berlin\r\n * \r\n * Created on 23.06.2006\r\n */\r\npackage smallsql.database;\r\n\r\n\r\n/**\r\n * @author Volker Berlin\r\n */\r\nabstract class ExpressionFunctionReturnString extends ExpressionFunction {\r\n\r\n\r\n    boolean isNull() throws Exception {\r\n\t\treturn param1.isNull();\r\n\t}\r\n\r\n\r\n\tfinal boolean getBoolean() throws Exception {\r\n\t\tif(isNull()) return false;\r\n\t\treturn Utils.string2boolean(getString().trim());\r\n\t}\r\n\r\n\r\n\tfinal int getInt() throws Exception {\r\n\t\tif(isNull()) return 0;\r\n\t\treturn Integer.parseInt(getString().trim());\r\n\t}\r\n\r\n\r\n\tfinal long getLong() throws Exception {\r\n\t\tif(isNull()) return 0;\r\n\t\treturn Long.parseLong(getString().trim());\r\n\t}\r\n\r\n\r\n\tfinal float getFloat() throws Exception {\r\n\t\tif(isNull()) return 0;\r\n\t\treturn Float.parseFloat(getString().trim());\r\n\t}\r\n\r\n\r\n\tfinal double getDouble() throws Exception {\r\n\t\tif(isNull()) return 0;\r\n\t\treturn Double.parseDouble(getString().trim());\r\n\t}\r\n\r\n\r\n\tfinal long getMoney() throws Exception {\r\n\t\tif(isNull()) return 0;\r\n\t\treturn Money.parseMoney(getString().trim());\r\n\t}\r\n\r\n\r\n\tfinal MutableNumeric getNumeric() throws Exception {\r\n\t\tif(isNull()) return null;\r\n\t\treturn new MutableNumeric(getString().trim());\r\n\t}\r\n\r\n\r\n\tfinal Object getObject() throws Exception {\r\n\t\treturn getString();\r\n\t}\r\n}\r\n","location":{"offset":[0,2539],"column":0,"row":1,"file":"smallsql0.21_src/src/smallsql/database/ExpressionFunctionReturnString.java"},"clone_class":"5faa3ea7-f762-4e6e-a60c-170cdd66015f","pairs":[{"type":3,"id":"4cbe52ed-3934-4cad-afbb-f66b9f4c8335"}],"id":"863417bf-857a-48c4-8ee2-5e6fd3175415"},{"src":"|project://smallsql0.21_src/src/smallsql/database/ExpressionFunctionReturnP1StringAndBinary.java|(1383,1304,<37,0>,<91,1>)","metadata":{"length":55,"sloc":35,"mass":119},"fragment":"/**\r\n * Super Class for String and binary functions which extends the metadata from the first parameter.\r\n * @author Volker Berlin\r\n */\r\nabstract class ExpressionFunctionReturnP1StringAndBinary extends ExpressionFunctionReturnP1 {\r\n\r\n\r\n\tfinal boolean getBoolean() throws Exception {\r\n\t\tif(isNull()) return false;\r\n\t\treturn Utils.string2boolean(getString().trim());\r\n\t}\r\n\r\n\r\n\tfinal int getInt() throws Exception {\r\n\t\tif(isNull()) return 0;\r\n\t\treturn Integer.parseInt(getString().trim());\r\n\t}\r\n\r\n\r\n\tfinal long getLong() throws Exception {\r\n\t\tif(isNull()) return 0;\r\n\t\treturn Long.parseLong(getString().trim());\r\n\t}\r\n\r\n\r\n\tfinal float getFloat() throws Exception {\r\n\t\tif(isNull()) return 0;\r\n\t\treturn Float.parseFloat(getString().trim());\r\n\t}\r\n\r\n\r\n\tfinal double getDouble() throws Exception {\r\n\t\tif(isNull()) return 0;\r\n\t\treturn Double.parseDouble(getString().trim());\r\n\t}\r\n\r\n\r\n\tfinal long getMoney() throws Exception {\r\n\t\tif(isNull()) return 0;\r\n\t\treturn Money.parseMoney(getString().trim());\r\n\t}\r\n\r\n\r\n\tfinal MutableNumeric getNumeric() throws Exception {\r\n\t\tif(isNull()) return null;\r\n\t\treturn new MutableNumeric(getString().trim());\r\n\t}\r\n\r\n\r\n\tfinal Object getObject() throws Exception {\r\n\t\tif(SSResultSetMetaData.isBinaryDataType(param1.getDataType()))\r\n\t\t\treturn getBytes();\r\n\t\treturn getString();\r\n\t}\r\n}","location":{"offset":[1383,1304],"column":0,"row":37,"file":"smallsql0.21_src/src/smallsql/database/ExpressionFunctionReturnP1StringAndBinary.java"},"clone_class":"5faa3ea7-f762-4e6e-a60c-170cdd66015f","pairs":[{"type":3,"id":"863417bf-857a-48c4-8ee2-5e6fd3175415"}],"id":"4cbe52ed-3934-4cad-afbb-f66b9f4c8335"}]