[{"src":"|project://smallsql0.21_src/src/smallsql/database/Index.java|(5754,2300,<153,3>,<215,4>)","metadata":{"length":63,"sloc":62,"mass":264},"fragment":"if(expr.isNull()){\r\n                if(!searchNullValues){\r\n                    return null;\r\n                }\r\n\t\t\t\tpage = findNull(page);\r\n\t\t\t}else{\r\n\t\t\t\tswitch(expr.getDataType()){\r\n\t\t\t\t\tcase SQLTokenizer.REAL:\r\n\t\t\t\t\t\tpage = find( page, floatToBinarySortOrder( expr.getFloat()), 2, nodeList );\r\n\t\t\t\t\t\tbreak;\r\n\t\t\t\t\tcase SQLTokenizer.DOUBLE:\r\n\t\t\t\t\tcase SQLTokenizer.FLOAT:\r\n\t\t\t\t\t\tpage = find( page, doubleToBinarySortOrder( expr.getDouble()), 4, nodeList );\r\n\t\t\t\t\t\tbreak;\r\n\t\t\t\t\tcase SQLTokenizer.TINYINT:\r\n\t\t\t\t\t\tpage = find( page, expr.getInt(), 1, nodeList );\r\n\t\t\t\t\t\tbreak;\r\n\t\t\t\t\tcase SQLTokenizer.SMALLINT:\r\n\t\t\t\t\t\tpage = find( page, shortToBinarySortOrder( expr.getInt()), 1, nodeList );\r\n\t\t\t\t\t\tbreak;\r\n\t\t\t\t\tcase SQLTokenizer.INT:\r\n\t\t\t\t\t\tpage = find( page, intToBinarySortOrder( expr.getInt()), 2, nodeList );\r\n\t\t\t\t\t\tbreak;\r\n\t\t\t\t\tcase SQLTokenizer.BIGINT:\r\n\t\t\t\t\tcase SQLTokenizer.DATE:\r\n\t\t\t\t\tcase SQLTokenizer.TIME:\r\n\t\t\t\t\tcase SQLTokenizer.TIMESTAMP:\r\n\t\t\t\t\tcase SQLTokenizer.SMALLDATETIME:\r\n\t\t\t\t\tcase SQLTokenizer.MONEY:\r\n\t\t\t\t\tcase SQLTokenizer.SMALLMONEY:\r\n\t\t\t\t\t\tpage = find( page, longToBinarySortOrder( expr.getLong()), 4, nodeList );\r\n\t\t\t\t\t\tbreak;\r\n\t\t\t\t\tcase SQLTokenizer.VARCHAR:\r\n\t\t\t\t\tcase SQLTokenizer.NVARCHAR:\r\n\t\t\t\t\tcase SQLTokenizer.LONGVARCHAR:\r\n\t\t\t\t\tcase SQLTokenizer.LONGNVARCHAR:\r\n\t\t\t\t\tcase SQLTokenizer.CLOB:\r\n\t\t\t\t\t\tpage = find( page, stringToBinarySortOrder( expr.getString(), false ), nodeList );\r\n\t\t\t\t\t\tbreak;\r\n\t\t\t\t\tcase SQLTokenizer.NCHAR:\r\n\t\t\t\t\tcase SQLTokenizer.CHAR:\r\n\t\t\t\t\t\tpage = find( page, stringToBinarySortOrder( expr.getString(), true ), nodeList );\r\n\t\t\t\t\t\tbreak;\r\n\t\t\t\t\tcase SQLTokenizer.VARBINARY:\r\n\t\t\t\t\tcase SQLTokenizer.BINARY:\r\n\t\t\t\t\tcase SQLTokenizer.LONGVARBINARY:\r\n\t\t\t\t\tcase SQLTokenizer.BLOB:\r\n\t\t\t\t\tcase SQLTokenizer.UNIQUEIDENTIFIER:\r\n\t\t\t\t\t\tpage = find( page, bytesToBinarySortOrder( expr.getBytes()), nodeList );\r\n\t\t\t\t\t\tbreak;\r\n\t\t\t\t\tcase SQLTokenizer.BIT:\r\n\t\t\t\t\tcase SQLTokenizer.BOOLEAN:\r\n\t\t\t\t\t\tpage = find( page, expr.getBoolean() ? 2 : 1, 1, nodeList );\r\n\t\t\t\t\t\tbreak;\r\n\t\t\t\t\tcase SQLTokenizer.NUMERIC:\r\n\t\t\t\t\tcase SQLTokenizer.DECIMAL:\t\t\t\t\t\t\r\n\t\t\t\t\t\tpage = find( page, numericToBinarySortOrder( expr.getNumeric() ), nodeList );\r\n\t\t\t\t\t\tbreak;\r\n\t\t\t\t\tdefault: \r\n\t\t\t\t\t\t//TODO more data types\r\n\t\t\t\t\t\tthrow new Error(String.valueOf(expr.getDataType()));\r\n\t\t\t\t}\r\n\t\t\t}","location":{"offset":[5754,2300],"column":3,"row":153,"file":"smallsql0.21_src/src/smallsql/database/Index.java"},"clone_class":"2ead4a74-8ce8-4ad2-83ac-1f0ac60aefcf","pairs":[{"type":3,"id":"c6d63b7d-6ede-4a4e-a243-085b5cd0984b"}],"id":"a1c3a297-0968-402f-9931-65d9b6701517"},{"src":"|project://smallsql0.21_src/src/smallsql/database/Index.java|(8691,2255,<234,4>,<288,5>)","metadata":{"length":55,"sloc":54,"mass":255},"fragment":"switch(expr.getDataType()){\r\n\t\t\t\t\tcase SQLTokenizer.REAL:\r\n\t\t\t\t\t\tpage = add( page, rowOffset, floatToBinarySortOrder( expr.getFloat()), isLastValues, 2 );\r\n\t\t\t\t\t\tbreak;\r\n\t\t\t\t\tcase SQLTokenizer.DOUBLE:\r\n\t\t\t\t\tcase SQLTokenizer.FLOAT:\r\n\t\t\t\t\t\tpage = add( page, rowOffset, doubleToBinarySortOrder( expr.getDouble()), isLastValues, 4 );\r\n\t\t\t\t\t\tbreak;\r\n\t\t\t\t\tcase SQLTokenizer.TINYINT:\r\n\t\t\t\t\t\tpage = add( page, rowOffset, expr.getInt(), isLastValues, 1 );\r\n\t\t\t\t\t\tbreak;\r\n\t\t\t\t\tcase SQLTokenizer.SMALLINT:\r\n\t\t\t\t\t\tpage = add( page, rowOffset, shortToBinarySortOrder( expr.getInt()), isLastValues, 1 );\r\n\t\t\t\t\t\tbreak;\r\n\t\t\t\t\tcase SQLTokenizer.INT:\r\n\t\t\t\t\t\tpage = add( page, rowOffset, intToBinarySortOrder( expr.getInt()), isLastValues, 2 );\r\n\t\t\t\t\t\tbreak;\r\n\t\t\t\t\tcase SQLTokenizer.BIGINT:\r\n\t\t\t\t\tcase SQLTokenizer.DATE:\r\n\t\t\t\t\tcase SQLTokenizer.TIME:\r\n\t\t\t\t\tcase SQLTokenizer.TIMESTAMP:\r\n\t\t\t\t\tcase SQLTokenizer.SMALLDATETIME:\r\n\t\t\t\t\tcase SQLTokenizer.MONEY:\r\n\t\t\t\t\tcase SQLTokenizer.SMALLMONEY:\r\n\t\t\t\t\t\tpage = add( page, rowOffset, longToBinarySortOrder( expr.getLong()), isLastValues, 4 );\r\n\t\t\t\t\t\tbreak;\r\n\t\t\t\t\tcase SQLTokenizer.VARCHAR:\r\n\t\t\t\t\tcase SQLTokenizer.NVARCHAR:\r\n\t\t\t\t\tcase SQLTokenizer.LONGVARCHAR:\r\n\t\t\t\t\tcase SQLTokenizer.LONGNVARCHAR:\r\n\t\t\t\t\t\tpage = add( page, rowOffset, stringToBinarySortOrder( expr.getString(), false ), isLastValues );\r\n\t\t\t\t\t\tbreak;\r\n\t\t\t\t\tcase SQLTokenizer.NCHAR:\r\n\t\t\t\t\tcase SQLTokenizer.CHAR:\r\n\t\t\t\t\t\tpage = add( page, rowOffset, stringToBinarySortOrder( expr.getString(), true ), isLastValues );\r\n\t\t\t\t\t\tbreak;\r\n\t\t\t\t\tcase SQLTokenizer.VARBINARY:\r\n\t\t\t\t\tcase SQLTokenizer.BINARY:\r\n\t\t\t\t\tcase SQLTokenizer.LONGVARBINARY:\r\n\t\t\t\t\tcase SQLTokenizer.BLOB:\r\n\t\t\t\t\tcase SQLTokenizer.UNIQUEIDENTIFIER:\r\n\t\t\t\t\t\tpage = add( page, rowOffset, bytesToBinarySortOrder( expr.getBytes()), isLastValues );\r\n\t\t\t\t\t\tbreak;\r\n\t\t\t\t\tcase SQLTokenizer.BIT:\r\n\t\t\t\t\tcase SQLTokenizer.BOOLEAN:\r\n\t\t\t\t\t\tpage = add( page, rowOffset, expr.getBoolean() ? 2 : 1, isLastValues, 1 );\r\n\t\t\t\t\t\tbreak;\r\n\t\t\t\t\tcase SQLTokenizer.NUMERIC:\r\n\t\t\t\t\tcase SQLTokenizer.DECIMAL:\r\n\t\t\t\t\t\tpage = add( page, rowOffset, numericToBinarySortOrder( expr.getNumeric()), isLastValues );\r\n\t\t\t\t\t\tbreak;\r\n\t\t\t\t\tdefault: \r\n\t\t\t\t\t\t//TODO more data types\r\n\t\t\t\t\t\tthrow new Error(String.valueOf(expr.getDataType()));\r\n\t\t\t\t}","location":{"offset":[8691,2255],"column":4,"row":234,"file":"smallsql0.21_src/src/smallsql/database/Index.java"},"clone_class":"2ead4a74-8ce8-4ad2-83ac-1f0ac60aefcf","pairs":[{"type":3,"id":"a1c3a297-0968-402f-9931-65d9b6701517"}],"id":"c6d63b7d-6ede-4a4e-a243-085b5cd0984b"}]