[{"src":"|project://smallsql0.21_src/src/smallsql/junit/TestThreads.java|(2315,1402,<83,8>,<120,9>)","metadata":{"length":38,"sloc":29,"mass":122},"fragment":"try{\r\n            st.execute(\"CREATE TABLE ConcurrentWrite( value int)\");\r\n            st.execute(\"INSERT INTO ConcurrentWrite(value) Values(0)\");\r\n\r\n            // start threads that check the row count\r\n            for(int i = 0; i < 200; i++){\r\n                Thread thread = new Thread(new Runnable(){\r\n\r\n                    public void run(){\r\n                        try{\r\n                            Statement st2 = con.createStatement();\r\n                            int count = st2.executeUpdate(\"UPDATE ConcurrentWrite SET value = value + 1\");\r\n                            assertEquals(\"Update Count\", 1, count);\r\n                        }catch(Throwable ex){\r\n                            throwable = ex;\r\n                        }\r\n                    }\r\n\r\n                });\r\n                threadList.add(thread);\r\n                thread.start();\r\n            }\r\n\r\n            // wait until all threads are finish\r\n            for(int i = 0; i < threadList.size(); i++){\r\n                Thread thread = (Thread)threadList.get(i);\r\n                thread.join(5000);\r\n            }\r\n\r\n            // throw the exception if one occur\r\n            if(throwable != null){\r\n                throw throwable;\r\n            }\r\n\r\n            assertEqualsRsValue(new Integer(200), \"SELECT value FROM ConcurrentWrite\");\r\n        }finally{\r\n            dropTable(con, \"ConcurrentWrite\");\r\n        }","location":{"offset":[2315,1402],"column":8,"row":83,"file":"smallsql0.21_src/src/smallsql/junit/TestThreads.java"},"clone_class":"ac835767-f6fd-489f-a93a-b1b8c7bdc13a","pairs":[{"type":3,"id":"bb1113f2-11ee-4a45-b580-8105760a9d28"}],"id":"b78352e5-0134-4097-a062-71bf2de17ced"},{"src":"|project://smallsql0.21_src/src/smallsql/junit/TestThreads.java|(4181,1452,<135,11>,<172,9>)","metadata":{"length":38,"sloc":29,"mass":126},"fragment":"{\r\n            st.execute(\"CREATE TABLE ConcurrentWrite( value int)\");\r\n            st.execute(\"INSERT INTO ConcurrentWrite(value) Values(0)\");\r\n\r\n            // start threads that check the row count\r\n            for(int i = 0; i < 200; i++){\r\n                Thread thread = new Thread(new Runnable(){\r\n\r\n                    public void run(){\r\n                        try{\r\n                            Connection con2 = AllTests.createConnection();\r\n                            Statement st2 = con2.createStatement();\r\n                            int count = st2.executeUpdate(\"UPDATE ConcurrentWrite SET value = value + 1\");\r\n                            assertEquals(\"Update Count\", 1, count);\r\n                            con2.close();\r\n                        }catch(Throwable ex){\r\n                            throwable = ex;\r\n                        }\r\n                    }\r\n\r\n                });\r\n                threadList.add(thread);\r\n                thread.start();\r\n            }\r\n\r\n            // wait until all threads are finish\r\n            for(int i = 0; i < threadList.size(); i++){\r\n                Thread thread = (Thread)threadList.get(i);\r\n                thread.join(5000);\r\n            }\r\n\r\n            // throw the exception if one occur\r\n            if(throwable != null){\r\n                throw throwable;\r\n            }\r\n\r\n            assertEqualsRsValue(new Integer(200), \"SELECT value FROM ConcurrentWrite\");\r\n        }","location":{"offset":[4181,1452],"column":11,"row":135,"file":"smallsql0.21_src/src/smallsql/junit/TestThreads.java"},"clone_class":"ac835767-f6fd-489f-a93a-b1b8c7bdc13a","pairs":[{"type":3,"id":"b78352e5-0134-4097-a062-71bf2de17ced"}],"id":"bb1113f2-11ee-4a45-b580-8105760a9d28"}]