[{"src":"|project://smallsql0.21_src/src/smallsql/junit/BenchTest.java|(27602,1349,<654,8>,<681,9>)","metadata":{"length":28,"sloc":28,"mass":182},"fragment":"try{\r\n            java.io.FileOutputStream fos = new java.io.FileOutputStream(tableName+\".bin\");\r\n            byte bytes[] = new byte[1024];\r\n            for(int i=0; i<rowCount; i++){\r\n                fos.write(bytes);\r\n            }\r\n            fos.close();\r\n            java.io.FileInputStream fis = new java.io.FileInputStream(tableName+\".bin\");\r\n            long time = -System.currentTimeMillis();\r\n            Statement st = con.createStatement();\r\n            st.execute(\"CREATE PROCEDURE #UpdateLargeBinary(@im image) as Update \" + tableName + \" set im=@im WHERE pr=2\");\r\n            PreparedStatement pr = con.prepareStatement(\"exec #UpdateLargeBinary ?\");\r\n            pr.setBinaryStream( 1, fis, rowCount*1024 );\r\n            pr.execute();\r\n            st.execute(\"DROP PROCEDURE #UpdateLargeBinary\");\r\n            st.close();\r\n            pr.close();\r\n            time += System.currentTimeMillis();\r\n            System.out.println( \"  Test time: \" + time + \" ms\");\r\n            fis.close();\r\n            java.io.File file = new java.io.File(tableName+\".bin\");\r\n            file.delete();\r\n        }catch(Exception e){\r\n            System.out.println(\"  Failed:\"+e);\r\n        }finally{\r\n            System.out.println();\r\n            System.out.println(\"===================================================================\");\r\n        }","location":{"offset":[27602,1349],"column":8,"row":654,"file":"smallsql0.21_src/src/smallsql/junit/BenchTest.java"},"clone_class":"81f4a550-1875-4113-b140-b16b9d2f0887","pairs":[{"type":3,"id":"329e57ae-6a5c-44b5-a560-eb6f0b65cced"}],"id":"85913e18-9d97-4ec6-baf2-115d52b72816"},{"src":"|project://smallsql0.21_src/src/smallsql/junit/BenchTest.java|(25903,1379,<609,4>,<641,5>)","metadata":{"length":33,"sloc":28,"mass":186},"fragment":"/**\r\n      *  12. Test\r\n      *  Update large binary data.\r\n      */  \r\n    static void test_UpdateLargeBinary(Connection con){\r\n        System.out.println();\r\n        System.out.println( \"Test update large binary data: \" + rowCount + \"KB bytes\");\r\n        \r\n        try{\r\n            java.io.FileOutputStream fos = new java.io.FileOutputStream(tableName+\".bin\");\r\n            byte bytes[] = new byte[1024];\r\n            for(int i=0; i<rowCount; i++){\r\n                fos.write(bytes);\r\n            }\r\n            fos.close();\r\n            java.io.FileInputStream fis = new java.io.FileInputStream(tableName+\".bin\");\r\n            long time = -System.currentTimeMillis();\r\n            PreparedStatement pr = con.prepareStatement(\"Update \" + tableName + \" set im=? WHERE pr=1\");\r\n            pr.setBinaryStream( 1, fis, rowCount*1024 );\r\n            pr.execute();\r\n            pr.close();\r\n            time += System.currentTimeMillis();\r\n            System.out.println( \"  Test time: \" + time + \" ms\");\r\n            fis.close();\r\n            java.io.File file = new java.io.File(tableName+\".bin\");\r\n            file.delete();\r\n        }catch(Exception e){\r\n            System.out.println(\"  Failed:\"+e);\r\n        }finally{\r\n            System.out.println();\r\n            System.out.println(\"===================================================================\");\r\n        }\r\n    }","location":{"offset":[25903,1379],"column":4,"row":609,"file":"smallsql0.21_src/src/smallsql/junit/BenchTest.java"},"clone_class":"81f4a550-1875-4113-b140-b16b9d2f0887","pairs":[{"type":3,"id":"85913e18-9d97-4ec6-baf2-115d52b72816"}],"id":"329e57ae-6a5c-44b5-a560-eb6f0b65cced"}]