[{"src":"|project://smallsql0.21_src/src/smallsql/database/TableView.java|(4461,794,<128,1>,<147,2>)","metadata":{"length":20,"sloc":12,"mass":69},"fragment":"/**\r\n\t * Create an empty table or view file that only include the signature.\r\n\t * @param database The database that the table or view should include.\r\n\t * @return A file handle\r\n\t * @throws Exception if any error occur like\r\n\t * <li>file exist already\r\n\t * <li>SecurityException\r\n\t */\r\n\tFileChannel createFile(SSConnection con, Database database) throws Exception{\r\n\t    if( database.isReadOnly() ){\r\n\t        throw SmallSQLException.create(Language.DB_READONLY);\r\n\t    }\r\n\t\tFile file = getFile( database );\r\n\t\tboolean ok = file.createNewFile();\r\n\t\tif(!ok) throw SmallSQLException.create(Language.TABLE_EXISTENT, name);\r\n\t\tFileChannel raFile = Utils.openRaFile( file, database.isReadOnly() );\r\n\t\tcon.add(new CreateFile(file, raFile, con, database));\r\n\t\twriteMagic(raFile);\r\n\t\treturn raFile;\r\n\t}","location":{"offset":[4461,794],"column":1,"row":128,"file":"smallsql0.21_src/src/smallsql/database/TableView.java"},"clone_class":"c9ac312f-8b8b-4e8e-a446-fad906e4cd41","pairs":[{"type":3,"id":"c1ca19ec-7bf8-4be2-81d5-21cecc5a4833"}],"id":"daf9a4be-53b5-4bd5-9359-53a8525c69ea"},{"src":"|project://smallsql0.21_src/src/smallsql/database/IndexDescription.java|(4775,457,<154,85>,<165,2>)","metadata":{"length":12,"sloc":12,"mass":60},"fragment":"{\r\n\t    if( database.isReadOnly() ){\r\n\t        throw SmallSQLException.create(Language.DB_READONLY);\r\n\t    }\r\n\t\tFile file = getFile( database, name );\r\n\t\tboolean ok = file.createNewFile();\r\n\t\tif(!ok) throw SmallSQLException.create(Language.INDEX_EXISTS, name);\r\n\t\tFileChannel randomFile = Utils.openRaFile( file, database.isReadOnly() );\r\n        con.add(new CreateFile(file, randomFile, con, database));\r\n\t\twriteMagic(randomFile);\r\n\t\treturn randomFile;\r\n\t}","location":{"offset":[4775,457],"column":85,"row":154,"file":"smallsql0.21_src/src/smallsql/database/IndexDescription.java"},"clone_class":"c9ac312f-8b8b-4e8e-a446-fad906e4cd41","pairs":[{"type":3,"id":"daf9a4be-53b5-4bd5-9359-53a8525c69ea"}],"id":"c1ca19ec-7bf8-4be2-81d5-21cecc5a4833"}]