[{"src":"|project://smallsql0.21_src/src/smallsql/database/StoreImpl.java|(14388,502,<403,8>,<411,44>)","metadata":{"length":9,"sloc":8,"mass":94},"fragment":"//return (((long)readInt()) << 32) | (readInt() & 0xFFFFFFFFL);\r\n        return  ((long)(page[ offset++ ]) << 56) |\r\n                ((long)(page[ offset++ ] & 0xFF) << 48) |\r\n                ((long)(page[ offset++ ] & 0xFF) << 40) |\r\n                ((long)(page[ offset++ ] & 0xFF) << 32) |\r\n                ((long)(page[ offset++ ] & 0xFF) << 24) |\r\n                ((page[ offset++ ] & 0xFF) << 16) |\r\n                ((page[ offset++ ] & 0xFF) << 8) |\r\n                ((page[ offset++ ] & 0xFF));","location":{"offset":[14388,502],"column":8,"row":403,"file":"smallsql0.21_src/src/smallsql/database/StoreImpl.java"},"clone_class":"543725bb-610e-400f-9662-648f79e69fa7","pairs":[{"type":3,"id":"2a8c3043-10ad-48ae-a410-ef1e24f81619"},{"type":3,"id":"f5c7ba60-7949-449b-8f77-abc3bcff186a"},{"type":3,"id":"86326d49-0632-4bc2-a71c-ad1041d279db"},{"type":3,"id":"d9ac1754-35d7-4785-843b-5b780d52fa19"}],"id":"a71a4fde-40d1-448f-9876-d84f2a2b3af6"},{"src":"|project://smallsql0.21_src/src/smallsql/database/MemoryStream.java|(3776,392,<137,1>,<146,2>)","metadata":{"length":10,"sloc":10,"mass":100},"fragment":"long readLong(){\r\n\t\treturn (((long)(puffer[ offset++ ] & 0xFF)) << 56)\r\n\t\t\t | (((long)(puffer[ offset++ ] & 0xFF)) << 48)\r\n\t\t\t | (((long)(puffer[ offset++ ] & 0xFF)) << 40)\r\n\t\t\t | (((long)(puffer[ offset++ ] & 0xFF)) << 32)\r\n\t\t\t | ((puffer[ offset++ ] & 0xFF) << 24)\r\n\t\t\t | ((puffer[ offset++ ] & 0xFF) << 16)\r\n\t\t\t | ((puffer[ offset++ ] & 0xFF) << 8)\r\n\t\t\t |  (puffer[ offset++ ] & 0xFF);\r\n\t}","location":{"offset":[3776,392],"column":1,"row":137,"file":"smallsql0.21_src/src/smallsql/database/MemoryStream.java"},"clone_class":"543725bb-610e-400f-9662-648f79e69fa7","pairs":[{"type":3,"id":"2a8c3043-10ad-48ae-a410-ef1e24f81619"},{"type":3,"id":"f5c7ba60-7949-449b-8f77-abc3bcff186a"},{"type":3,"id":"86326d49-0632-4bc2-a71c-ad1041d279db"},{"type":3,"id":"a71a4fde-40d1-448f-9876-d84f2a2b3af6"}],"id":"d9ac1754-35d7-4785-843b-5b780d52fa19"}]