[{"src":"|project://smallsql0.21_src/src/smallsql/junit/TestAlterTable.java|(2888,612,<77,8>,<91,9>)","metadata":{"length":15,"sloc":15,"mass":56},"fragment":"try{\r\n            con.setTransactionIsolation( Connection.TRANSACTION_REPEATABLE_READ );\r\n            ResultSet rs = st.executeQuery(\"Select * From \" + table);\r\n            rs.next();\r\n            try {\r\n                st.execute(\"Alter Table \" + table + \" Add a Varchar(20)\");\r\n                fail(\"Alter Table should not work on a table with a lock.\");\r\n            } catch (SQLException ex) {\r\n                assertSQLException( \"01000\", 0, ex );\r\n            }\r\n            rs.next();\r\n        }finally{\r\n            con.setTransactionIsolation(isolation);\r\n            con.setAutoCommit(true);\r\n        }","location":{"offset":[2888,612],"column":8,"row":77,"file":"smallsql0.21_src/src/smallsql/junit/TestAlterTable.java"},"clone_class":"94ffd4d1-bb46-4066-9371-832c5193d5d1","pairs":[{"type":3,"id":"cc0e4871-0695-4f76-81d9-92ec9acd2482"}],"id":"f0a33f57-ddad-44e3-84c6-21bb0c287d73"},{"src":"|project://smallsql0.21_src/src/smallsql/junit/TestAlterTable.java|(3792,611,<100,8>,<114,9>)","metadata":{"length":15,"sloc":15,"mass":56},"fragment":"try{\r\n            con.setTransactionIsolation( Connection.TRANSACTION_READ_COMMITTED );\r\n            ResultSet rs = st.executeQuery(\"Select * From \" + table);\r\n            rs.next();\r\n            st.execute(\"Alter Table \" + table + \" Add a Varchar(20)\");\r\n            try {\r\n                rs.next();\r\n                fail(\"Alter Table should not work on a table with a lock.\");\r\n            } catch (SQLException ex) {\r\n                assertSQLException( \"01000\", 0, ex );\r\n            }\r\n        }finally{\r\n            con.setTransactionIsolation(isolation);\r\n            con.setAutoCommit(true);\r\n        }","location":{"offset":[3792,611],"column":8,"row":100,"file":"smallsql0.21_src/src/smallsql/junit/TestAlterTable.java"},"clone_class":"94ffd4d1-bb46-4066-9371-832c5193d5d1","pairs":[{"type":3,"id":"f0a33f57-ddad-44e3-84c6-21bb0c287d73"}],"id":"cc0e4871-0695-4f76-81d9-92ec9acd2482"}]