[{"src":"|project://smallsql0.21_src/src/smallsql/database/ExpressionArithmetic.java|(10231,887,<308,4>,<332,5>)","metadata":{"length":25,"sloc":25,"mass":91},"fragment":"float getFloat() throws java.lang.Exception {\r\n        if(isNull()) return 0;\r\n        int dataType = getDataType();\r\n        switch(dataType){\r\n            case SQLTokenizer.BIT:\r\n            case SQLTokenizer.BOOLEAN:\r\n\t\t\t\treturn getBoolean() ? 1 : 0;\r\n            case SQLTokenizer.TINYINT:\r\n            case SQLTokenizer.SMALLINT:\r\n            case SQLTokenizer.INT:\r\n\t\t\t\treturn getIntImpl();\r\n            case SQLTokenizer.BIGINT:\r\n                return getLongImpl();\r\n\t\t\tcase SQLTokenizer.REAL:\r\n                return getFloatImpl();\r\n\t\t\tcase SQLTokenizer.FLOAT:\r\n\t\t\tcase SQLTokenizer.DOUBLE:\r\n            case SQLTokenizer.MONEY:\r\n            case SQLTokenizer.SMALLMONEY:\r\n            case SQLTokenizer.NUMERIC:\r\n            case SQLTokenizer.DECIMAL:\r\n                return (float)getDoubleImpl();\r\n        }\r\n\t\tthrow createUnspportedConversion( SQLTokenizer.DOUBLE);\r\n    }","location":{"offset":[10231,887],"column":4,"row":308,"file":"smallsql0.21_src/src/smallsql/database/ExpressionArithmetic.java"},"clone_class":"33689e46-0d4e-4586-ae7e-e15edec09cff","pairs":[{"type":3,"id":"f149a0ae-7342-4108-9629-277e9f721c2e"},{"type":3,"id":"63b0512e-369a-4cb9-b231-dd2c9ef02d8a"}],"id":"15e949e2-dbec-4b0a-9665-9d49377d9732"},{"src":"|project://smallsql0.21_src/src/smallsql/database/ExpressionArithmetic.java|(8661,882,<261,4>,<285,5>)","metadata":{"length":25,"sloc":25,"mass":89},"fragment":"double getDouble() throws java.lang.Exception {\r\n        if(isNull()) return 0;\r\n        int dataType = getDataType();\r\n        switch(dataType){\r\n            case SQLTokenizer.BIT:\r\n            case SQLTokenizer.BOOLEAN:\r\n\t\t\t\treturn getBoolean() ? 1 : 0;\r\n            case SQLTokenizer.TINYINT:\r\n            case SQLTokenizer.SMALLINT:\r\n            case SQLTokenizer.INT:\r\n\t\t\t\treturn getIntImpl();\r\n            case SQLTokenizer.BIGINT:\r\n                return getLongImpl();\r\n\t\t\tcase SQLTokenizer.REAL:\r\n                return getFloatImpl();\r\n\t\t\tcase SQLTokenizer.FLOAT:\r\n\t\t\tcase SQLTokenizer.DOUBLE:\r\n            case SQLTokenizer.MONEY:\r\n            case SQLTokenizer.SMALLMONEY:\r\n            case SQLTokenizer.NUMERIC:\r\n            case SQLTokenizer.DECIMAL:\r\n                return getDoubleImpl();\r\n        }\r\n\t\tthrow createUnspportedConversion( SQLTokenizer.DOUBLE);\r\n    }","location":{"offset":[8661,882],"column":4,"row":261,"file":"smallsql0.21_src/src/smallsql/database/ExpressionArithmetic.java"},"clone_class":"33689e46-0d4e-4586-ae7e-e15edec09cff","pairs":[{"type":3,"id":"15e949e2-dbec-4b0a-9665-9d49377d9732"},{"type":3,"id":"63b0512e-369a-4cb9-b231-dd2c9ef02d8a"}],"id":"f149a0ae-7342-4108-9629-277e9f721c2e"},{"src":"|project://smallsql0.21_src/src/smallsql/database/ExpressionArithmetic.java|(7157,846,<219,43>,<243,5>)","metadata":{"length":25,"sloc":25,"mass":86},"fragment":"{\r\n        if(isNull()) return 0;\r\n        int dataType = getDataType();\r\n        switch(dataType){\r\n            case SQLTokenizer.BIT:\r\n            case SQLTokenizer.BOOLEAN:\r\n\t\t\t\treturn getBoolean() ? 1 : 0;\r\n            case SQLTokenizer.TINYINT:\r\n            case SQLTokenizer.SMALLINT:\r\n            case SQLTokenizer.INT:\r\n\t\t\t\treturn getIntImpl();\r\n            case SQLTokenizer.BIGINT:\r\n                return getLongImpl();\r\n\t\t\tcase SQLTokenizer.REAL:\r\n                return (long)getFloatImpl();\r\n\t\t\tcase SQLTokenizer.FLOAT:\r\n\t\t\tcase SQLTokenizer.DOUBLE:\r\n            case SQLTokenizer.MONEY:\r\n            case SQLTokenizer.SMALLMONEY:\r\n            case SQLTokenizer.NUMERIC:\r\n            case SQLTokenizer.DECIMAL:\r\n                return (long)getDoubleImpl();\r\n        }\r\n\t\tthrow createUnspportedConversion( SQLTokenizer.LONG);\r\n    }","location":{"offset":[7157,846],"column":43,"row":219,"file":"smallsql0.21_src/src/smallsql/database/ExpressionArithmetic.java"},"clone_class":"33689e46-0d4e-4586-ae7e-e15edec09cff","pairs":[{"type":3,"id":"15e949e2-dbec-4b0a-9665-9d49377d9732"},{"type":3,"id":"f149a0ae-7342-4108-9629-277e9f721c2e"}],"id":"63b0512e-369a-4cb9-b231-dd2c9ef02d8a"}]