[{"src":"|project://smallsql0.21_src/src/smallsql/junit/TestOrderBy.java|(19244,808,<729,1>,<757,2>)","metadata":{"length":29,"sloc":23,"mass":108},"fragment":"public void testOrderBy_ScollableDesc() throws Exception{\r\n\t\tinit();\r\n\t\tConnection con = AllTests.getConnection();\r\n\t\tStatement st = con.createStatement(ResultSet.TYPE_SCROLL_SENSITIVE, ResultSet.CONCUR_UPDATABLE);\r\n\t\tResultSet rs;\r\n\t\tint count;\r\n\t\t\r\n\t\trs = st.executeQuery(\"SELECT * FROM \" + table1 + \" ORDER  by i desc, d\");\r\n\t\t\r\n\t\t//jetzt irgendwo in die Mitte scrollen\r\n\t\trs.next();\r\n\t\trs.next();\r\n\t\trs.previous(); //dann soll der Zeiger nicht am Ende des bereits gefetchten stehen\r\n\t\t\r\n\t\trs.last();\r\n\t\tcount = 0;\r\n\t\twhile(rs.previous()) count++;\t\t\r\n\t\tassertEquals( valueCount, count );\r\n\r\n\t\trs.beforeFirst();\r\n\t\tcount = -1;\r\n\t\twhile(rs.next()) count++;\t\t\r\n\t\tassertEquals( valueCount, count );\r\n\r\n\t\trs.beforeFirst();\r\n\t\tcount = -1;\r\n\t\twhile(rs.next()) count++;\t\t\r\n\t\tassertEquals( valueCount, count );\r\n\t}","location":{"offset":[19244,808],"column":1,"row":729,"file":"smallsql0.21_src/src/smallsql/junit/TestOrderBy.java"},"clone_class":"8bc674ce-659f-4fff-b37e-572e6770d386","pairs":[{"type":2,"id":"652b2a58-eaaf-4051-9da0-403c0bcc3bfe"}],"id":"d01da117-b467-4d25-8320-5dd24ae6d7f0"},{"src":"|project://smallsql0.21_src/src/smallsql/junit/TestOrderBy.java|(18440,796,<698,1>,<726,2>)","metadata":{"length":29,"sloc":23,"mass":108},"fragment":"public void testOrderBy_Scollable() throws Exception{\r\n\t\tinit();\r\n\t\tConnection con = AllTests.getConnection();\r\n\t\tStatement st = con.createStatement(ResultSet.TYPE_SCROLL_SENSITIVE, ResultSet.CONCUR_UPDATABLE);\r\n\t\tResultSet rs;\r\n\t\tint count;\r\n\t\t\r\n\t\trs = st.executeQuery(\"SELECT * FROM \" + table1 + \" ORDER  by v\");\r\n\t\t\r\n\t\t//jetzt irgendwo in die Mitte scrollen\r\n\t\trs.next();\r\n\t\trs.next();\r\n\t\trs.previous(); //dann soll der Zeiger nicht am Ende des bereits gefetchten stehen\r\n\t\t\r\n\t\trs.last();\r\n\t\tcount = 0;\r\n\t\twhile(rs.previous()) count++;\t\t\r\n\t\tassertEquals( valueCount, count );\r\n\r\n\t\trs.beforeFirst();\r\n\t\tcount = -1;\r\n\t\twhile(rs.next()) count++;\t\t\r\n\t\tassertEquals( valueCount, count );\r\n\r\n\t\trs.beforeFirst();\r\n\t\tcount = -1;\r\n\t\twhile(rs.next()) count++;\t\t\r\n\t\tassertEquals( valueCount, count );\r\n\t}","location":{"offset":[18440,796],"column":1,"row":698,"file":"smallsql0.21_src/src/smallsql/junit/TestOrderBy.java"},"clone_class":"8bc674ce-659f-4fff-b37e-572e6770d386","pairs":[{"type":2,"id":"d01da117-b467-4d25-8320-5dd24ae6d7f0"}],"id":"652b2a58-eaaf-4051-9da0-403c0bcc3bfe"}]