[{"src":"|project://smallsql0.21_src/src/smallsql/junit/BenchTest.java|(15412,1090,<376,8>,<399,9>)","metadata":{"length":24,"sloc":24,"mass":130},"fragment":"try{\r\n            Statement st = con.createStatement( ResultSet.TYPE_SCROLL_SENSITIVE, ResultSet.CONCUR_UPDATABLE );\r\n            ResultSet rs = st.executeQuery(\"SELECT * FROM \" + tableName);\r\n            int colCount = rs.getMetaData().getColumnCount();\r\n            long time = -System.currentTimeMillis();\r\n            int count = 0;\r\n            while(rs.next()){\r\n                for (int i=2; i<=colCount; i++){\r\n                    rs.updateObject( i, rs.getObject(i) );\r\n                }\r\n                rs.updateRow();\r\n                count++;\r\n            }\r\n            time += System.currentTimeMillis();\r\n            if (count != rowCount)\r\n                 System.out.println( \"  Failed: Only \" + count + \" rows were updated.\");\r\n            else System.out.println( \"  Test time: \" + time + \" ms\");\r\n            st.close();\r\n        }catch(Exception e){\r\n            System.out.println(\"  Failed:\" + e);\r\n        }finally{\r\n            System.out.println();\r\n            System.out.println(\"===================================================================\");\r\n        }","location":{"offset":[15412,1090],"column":8,"row":376,"file":"smallsql0.21_src/src/smallsql/junit/BenchTest.java"},"clone_class":"b1dc0b52-378e-4c86-a3af-379c8b09c905","pairs":[{"type":3,"id":"50fde0b7-3821-44ce-8d17-582cf6a64410"}],"id":"01213ade-3a8e-44d9-b722-eef6bb2b0a76"},{"src":"|project://smallsql0.21_src/src/smallsql/junit/BenchTest.java|(6639,1030,<168,8>,<189,9>)","metadata":{"length":22,"sloc":22,"mass":125},"fragment":"try{\r\n            Statement st = con.createStatement( ResultSet.TYPE_SCROLL_SENSITIVE, ResultSet.CONCUR_UPDATABLE );\r\n            ResultSet rs = st.executeQuery(\"SELECT * FROM \"+tableName);\r\n            long time = -System.currentTimeMillis();\r\n            for (int i=0; i<rowCount; i++){\r\n                rs.moveToInsertRow();\r\n                rs.insertRow();\r\n            }\r\n            time += System.currentTimeMillis();\r\n            rs = st.executeQuery( \"SELECT count(*) FROM \" + tableName);\r\n            rs.next();\r\n            int count = rs.getInt(1);\r\n            if (count != rowCount)\r\n                 System.out.println( \"  Failed: Only \" + count + \" rows were inserted.\");\r\n            else System.out.println( \"  Test time: \" + time + \" ms\");\r\n            st.close();\r\n        }catch(Exception e){\r\n            System.out.println(\"  Failed:\"+e);\r\n        }finally{\r\n            System.out.println();\r\n            System.out.println(\"===================================================================\");\r\n        }","location":{"offset":[6639,1030],"column":8,"row":168,"file":"smallsql0.21_src/src/smallsql/junit/BenchTest.java"},"clone_class":"b1dc0b52-378e-4c86-a3af-379c8b09c905","pairs":[{"type":3,"id":"01213ade-3a8e-44d9-b722-eef6bb2b0a76"}],"id":"50fde0b7-3821-44ce-8d17-582cf6a64410"}]