[{"src":"|project://smallsql0.21_src/src/smallsql/junit/TestOrderBy.java|(9837,610,<355,1>,<378,2>)","metadata":{"length":24,"sloc":20,"mass":95},"fragment":"public void test_function() throws Exception{\r\n\t\tinit();\r\n\t\tConnection con = AllTests.getConnection();\r\n\t\tStatement st = con.createStatement();\r\n\t\tResultSet rs;\r\n\t\tint oldValue;\r\n\t\t\r\n\t\trs = st.executeQuery(\"SELECT * FROM \" + table1 + \" ORDER  by abs(i)\");\r\n\t\t\r\n\t\tassertTrue( rs.next() );\r\n\t\t\r\n\t\tassertNull(rs.getObject(\"i\"));\r\n\t\tassertTrue( rs.next() );\r\n\t\toldValue = Math.abs( rs.getInt(\"i\") );\r\n\t\t\r\n\t\tint count = 1;\r\n\t\twhile(rs.next()){\r\n\t\t\tint newValue = Math.abs( rs.getInt(\"i\") );\r\n\t\t\tassertTrue( oldValue <= newValue );\r\n\t\t\toldValue = newValue;\r\n\t\t\tcount++;\r\n\t\t}\r\n\t\tassertEquals( valueCount, count );\r\n\t}","location":{"offset":[9837,610],"column":1,"row":355,"file":"smallsql0.21_src/src/smallsql/junit/TestOrderBy.java"},"clone_class":"bdafc1e1-c6c3-49a1-aeef-fb08d8d6fdb3","pairs":[{"type":3,"id":"5b919966-a071-4cef-b008-3163d2a2b433"},{"type":3,"id":"b4e51401-5ba8-43df-a3eb-c3c0f38d9729"},{"type":3,"id":"de7c3322-6763-49fa-8cfe-1122c3d754c1"}],"id":"6f48bebd-68fb-484b-b5c5-0bdb60c38dfb"},{"src":"|project://smallsql0.21_src/src/smallsql/junit/TestOrderBy.java|(5248,660,<170,1>,<195,2>)","metadata":{"length":26,"sloc":22,"mass":102},"fragment":"public void testOrderBy_varchar_asc() throws Exception{\r\n\t\tinit();\r\n\t\tConnection con = AllTests.getConnection();\r\n\t\tStatement st = con.createStatement();\r\n\t\tResultSet rs;\r\n\t\tString oldValue;\r\n\t\t\r\n\t\trs = st.executeQuery(\"SELECT * FROM \" + table1 + \" ORDER  by v ASC\");\r\n\t\t\r\n\t\tassertTrue( rs.next() );\r\n\t\t\r\n\t\toldValue = rs.getString(\"v\");\r\n\t\tassertNull(oldValue);\r\n\t\tassertTrue( rs.next() );\r\n\t\toldValue = rs.getString(\"v\");\r\n\t\t\r\n\t\tint count = 1;\r\n\t\twhile(rs.next()){\r\n\t\t\tString newValue = rs.getString(\"v\");\r\n\t\t\tassertTrue( oldValue.compareTo( newValue ) < 0 );\r\n\t\t\toldValue = newValue;\r\n\t\t\tcount++;\r\n\t\t}\r\n\t\trs.close();\r\n\t\tassertEquals( valueCount, count );\r\n\t}","location":{"offset":[5248,660],"column":1,"row":170,"file":"smallsql0.21_src/src/smallsql/junit/TestOrderBy.java"},"clone_class":"bdafc1e1-c6c3-49a1-aeef-fb08d8d6fdb3","pairs":[{"type":3,"id":"6f48bebd-68fb-484b-b5c5-0bdb60c38dfb"},{"type":3,"id":"5b919966-a071-4cef-b008-3163d2a2b433"},{"type":3,"id":"de7c3322-6763-49fa-8cfe-1122c3d754c1"}],"id":"b4e51401-5ba8-43df-a3eb-c3c0f38d9729"},{"src":"|project://smallsql0.21_src/src/smallsql/junit/TestOrderBy.java|(7278,654,<254,1>,<277,2>)","metadata":{"length":24,"sloc":20,"mass":95},"fragment":"public void testOrderBy_varchar_GroupBy() throws Exception{\r\n\t\tinit();\r\n\t\tConnection con = AllTests.getConnection();\r\n\t\tStatement st = con.createStatement();\r\n\t\tResultSet rs;\r\n\t\tString oldValue;\r\n\t\t\r\n\t\trs = st.executeQuery(\"SELECT first(v) cc FROM \" + table1 + \" Group By i ORDER  by first(V)\");\r\n\t\t\r\n\t\tassertTrue( rs.next() );\r\n\t\t\r\n\t\toldValue = rs.getString(\"cc\");\r\n\t\tassertNull(oldValue);\r\n\t\tassertTrue( rs.next() );\r\n\t\toldValue = rs.getString(\"cc\");\r\n\t\t\r\n\t\tint count = 1;\r\n\t\twhile(rs.next()){\r\n\t\t\tassertTrue( oldValue.compareTo( rs.getString(\"cc\") ) < 0 );\r\n\t\t\toldValue = rs.getString(\"cc\");\r\n\t\t\tcount++;\r\n\t\t}\r\n\t\tassertEquals( valueCount, count );\r\n\t}","location":{"offset":[7278,654],"column":1,"row":254,"file":"smallsql0.21_src/src/smallsql/junit/TestOrderBy.java"},"clone_class":"bdafc1e1-c6c3-49a1-aeef-fb08d8d6fdb3","pairs":[{"type":3,"id":"6f48bebd-68fb-484b-b5c5-0bdb60c38dfb"},{"type":3,"id":"5b919966-a071-4cef-b008-3163d2a2b433"},{"type":3,"id":"b4e51401-5ba8-43df-a3eb-c3c0f38d9729"}],"id":"de7c3322-6763-49fa-8cfe-1122c3d754c1"}]