[{"src":"|project://smallsql0.21_src/src/smallsql/junit/TestTransactions.java|(3670,924,<110,58>,<135,2>)","metadata":{"length":26,"sloc":21,"mass":77},"fragment":"{\r\n\t\tConnection con = AllTests.getConnection();\r\n\t\ttry{\t\t\t\r\n\t\t\tcon.createStatement().execute(\"Create Table transactions (i int identity, v varchar(20))\");\r\n\t\t\tassertRowCount( 0, \"Select * from transactions\");\r\n\r\n\t\t\tcon.createStatement().execute(\"Insert Into transactions(v) Values('qwert')\");\r\n\t\t\tassertRowCount( 1, \"Select * from transactions\");\r\n\r\n\t\t\tcon.setAutoCommit(false);\r\n\t\t\tcon.createStatement().execute(\"Insert Into transactions(v) Select v From transactions\");\r\n\t\t\tassertRowCount( 2, \"Select * from transactions\");\r\n\r\n\t\t\tcon.createStatement().execute(\"Insert Into transactions (Select * From transactions)\");\r\n\t\t\tassertRowCount( 4, \"Select * from transactions\");\r\n\t\t\t\r\n\t\t\tcon.commit();\r\n\t\t\tassertRowCount( 4, \"Select * from transactions\");\r\n\t\t\t\r\n\t\t}finally{\r\n\t\t\ttry{\r\n\t\t\t\tcon.createStatement().execute(\"Drop Table transactions\");\r\n\t\t\t}catch(Throwable e){e.printStackTrace();}\r\n\t\t\tcon.setAutoCommit(true);\r\n\t\t}\r\n\t}","location":{"offset":[3670,924],"column":58,"row":110,"file":"smallsql0.21_src/src/smallsql/junit/TestTransactions.java"},"clone_class":"5e915330-b88b-4eb0-a85f-401ef7691c61","pairs":[{"type":3,"id":"41c69b23-359a-4c20-a888-5e5bf13e83e3"},{"type":3,"id":"01d74236-5ebf-49d0-b079-33c69b3de99a"},{"type":3,"id":"07df25be-ad88-478b-be39-536480c90934"},{"type":3,"id":"e9e2c2e1-e80e-4fcf-a720-88911951b057"}],"id":"bb06d102-20bc-48b6-b5c6-0de1f2b7798d"},{"src":"|project://smallsql0.21_src/src/smallsql/junit/TestTransactions.java|(5716,929,<169,60>,<194,2>)","metadata":{"length":26,"sloc":21,"mass":77},"fragment":"{\r\n\t\tConnection con = AllTests.getConnection();\r\n\t\ttry{\t\t\t\r\n\t\t\tcon.createStatement().execute(\"Create Table transactions (i int identity, v varchar(20))\");\r\n\t\t\tassertRowCount( 0, \"Select * from transactions\");\r\n\r\n\t\t\tcon.createStatement().execute(\"Insert Into transactions(v) Values('qwert')\");\r\n\t\t\tassertRowCount( 1, \"Select * from transactions\");\r\n\r\n\t\t\tcon.setAutoCommit(false);\r\n\t\t\tcon.createStatement().execute(\"Insert Into transactions(v) Select v From transactions\");\r\n\t\t\tassertRowCount( 2, \"Select * from transactions\");\r\n\r\n\t\t\tcon.createStatement().execute(\"Insert Into transactions(v) (Select v From transactions)\");\r\n\t\t\tassertRowCount( 4, \"Select * from transactions\");\r\n\t\t\t\r\n\t\t\tcon.rollback();\r\n\t\t\tassertRowCount( 1, \"Select * from transactions\");\r\n\t\t\t\r\n\t\t}finally{\r\n\t\t\ttry{\r\n\t\t\t\tcon.createStatement().execute(\"Drop Table transactions\");\r\n\t\t\t}catch(Throwable e){e.printStackTrace();}\r\n\t\t\tcon.setAutoCommit(true);\r\n\t\t}\r\n\t}","location":{"offset":[5716,929],"column":60,"row":169,"file":"smallsql0.21_src/src/smallsql/junit/TestTransactions.java"},"clone_class":"5e915330-b88b-4eb0-a85f-401ef7691c61","pairs":[{"type":3,"id":"41c69b23-359a-4c20-a888-5e5bf13e83e3"},{"type":3,"id":"bb06d102-20bc-48b6-b5c6-0de1f2b7798d"},{"type":3,"id":"07df25be-ad88-478b-be39-536480c90934"},{"type":3,"id":"e9e2c2e1-e80e-4fcf-a720-88911951b057"}],"id":"01d74236-5ebf-49d0-b079-33c69b3de99a"},{"src":"|project://smallsql0.21_src/src/smallsql/junit/TestTransactions.java|(2568,963,<79,1>,<104,2>)","metadata":{"length":26,"sloc":21,"mass":81},"fragment":"public void testCommit() throws Exception{\r\n\t\tConnection con = AllTests.getConnection();\r\n\t\ttry{\t\t\t\r\n\t\t\tcon.setAutoCommit(false);\r\n\t\t\tcon.createStatement().execute(\"Create Table transactions (i int identity, v varchar(20))\");\r\n\t\t\tassertRowCount( 0, \"Select * from transactions\");\r\n\r\n\t\t\tcon.createStatement().execute(\"Insert Into transactions(v) Values('qwert')\");\r\n\t\t\tassertRowCount( 1, \"Select * from transactions\");\r\n\r\n\t\t\tcon.createStatement().execute(\"Insert Into transactions(v) Select v From transactions\");\r\n\t\t\tassertRowCount( 2, \"Select * from transactions\");\r\n\r\n\t\t\tcon.createStatement().execute(\"Insert Into transactions Select * From transactions\");\r\n\t\t\tassertRowCount( 4, \"Select * from transactions\");\r\n\t\t\t\r\n\t\t\tcon.commit();\r\n\t\t\tassertRowCount( 4, \"Select * from transactions\");\r\n\t\t\t\r\n\t\t}finally{\r\n\t\t\ttry{\r\n\t\t\t\tcon.createStatement().execute(\"Drop Table transactions\");\r\n\t\t\t}catch(Throwable e){e.printStackTrace();}\r\n\t\t\tcon.setAutoCommit(true);\r\n\t\t}\r\n\t}","location":{"offset":[2568,963],"column":1,"row":79,"file":"smallsql0.21_src/src/smallsql/junit/TestTransactions.java"},"clone_class":"5e915330-b88b-4eb0-a85f-401ef7691c61","pairs":[{"type":3,"id":"41c69b23-359a-4c20-a888-5e5bf13e83e3"},{"type":3,"id":"bb06d102-20bc-48b6-b5c6-0de1f2b7798d"},{"type":3,"id":"01d74236-5ebf-49d0-b079-33c69b3de99a"},{"type":3,"id":"e9e2c2e1-e80e-4fcf-a720-88911951b057"}],"id":"07df25be-ad88-478b-be39-536480c90934"},{"src":"|project://smallsql0.21_src/src/smallsql/junit/TestTransactions.java|(4602,975,<138,1>,<163,2>)","metadata":{"length":26,"sloc":21,"mass":81},"fragment":"public void testRollback() throws Exception{\r\n\t\tConnection con = AllTests.getConnection();\r\n\t\ttry{\t\t\t\r\n\t\t    con.createStatement().execute(\"Create Table transactions (i int identity, v varchar(20))\");\r\n\t\t\tcon.setAutoCommit(false);\r\n\t\t\tassertRowCount( 0, \"Select * from transactions\");\r\n\r\n\t\t\tcon.createStatement().execute(\"Insert Into transactions(v) Values('qwert')\");\r\n\t\t\tassertRowCount( 1, \"Select * from transactions\");\r\n\r\n\t\t\tcon.createStatement().execute(\"Insert Into transactions(v) Select v From transactions\");\r\n\t\t\tassertRowCount( 2, \"Select * from transactions\");\r\n\r\n\t\t\tcon.createStatement().execute(\"Insert Into transactions(v) (Select v From transactions)\");\r\n\t\t\tassertRowCount( 4, \"Select * from transactions\");\r\n\t\t\t\r\n\t\t\tcon.rollback();\r\n\t\t\tassertRowCount( 0, \"Select * from transactions\");\r\n\t\t\t\r\n\t\t}finally{\r\n\t\t\ttry{\r\n\t\t\t\tcon.createStatement().execute(\"Drop Table transactions\");\r\n\t\t\t}catch(Throwable e){e.printStackTrace();}\r\n\t\t\tcon.setAutoCommit(true);\r\n\t\t}\r\n\t}","location":{"offset":[4602,975],"column":1,"row":138,"file":"smallsql0.21_src/src/smallsql/junit/TestTransactions.java"},"clone_class":"5e915330-b88b-4eb0-a85f-401ef7691c61","pairs":[{"type":3,"id":"41c69b23-359a-4c20-a888-5e5bf13e83e3"},{"type":3,"id":"bb06d102-20bc-48b6-b5c6-0de1f2b7798d"},{"type":3,"id":"01d74236-5ebf-49d0-b079-33c69b3de99a"},{"type":3,"id":"07df25be-ad88-478b-be39-536480c90934"}],"id":"e9e2c2e1-e80e-4fcf-a720-88911951b057"}]