[{"src":"|project://smallsql0.21_src/src/smallsql/junit/BenchTest.java|(4122,1320,<103,4>,<131,5>)","metadata":{"length":29,"sloc":24,"mass":145},"fragment":"/**\r\n      *  1. Test\r\n      *  Insert rows with default values with a classic insert statement.\r\n      */  \r\n    static void test_InsertClassic(Connection con){\r\n        System.out.println();\r\n        System.out.println( \"Test insert rows with default values with a classic insert statement: \" + rowCount + \" rows\");\r\n        \r\n        try{\r\n            Statement st = con.createStatement( ResultSet.TYPE_SCROLL_SENSITIVE, ResultSet.CONCUR_UPDATABLE );\r\n            long time = -System.currentTimeMillis();\r\n            for (int i=0; i<rowCount; i++){\r\n                st.execute(\"INSERT INTO \" + tableName + \"(i) VALUES(\" + i +\")\");\r\n            }\r\n            time += System.currentTimeMillis();\r\n            ResultSet rs = st.executeQuery( \"SELECT count(*) FROM \" + tableName);\r\n            rs.next();\r\n            int count = rs.getInt(1);\r\n            if (count != rowCount)\r\n                System.out.println( \"  Failed: Only \" + count + \" rows were inserted.\");\r\n            else System.out.println( \"  Test time: \" + time + \" ms\");\r\n            st.close();\r\n        }catch(Exception e){\r\n            System.out.println(\"  Failed:\"+e);\r\n        }finally{\r\n            System.out.println();\r\n            System.out.println(\"===================================================================\");\r\n        }\r\n    }","location":{"offset":[4122,1320],"column":4,"row":103,"file":"smallsql0.21_src/src/smallsql/junit/BenchTest.java"},"clone_class":"f62037b6-cc66-46e4-8245-d9e460c70a9e","pairs":[{"type":3,"id":"8af8a218-8d50-4f4b-a3c2-8905bde2cfb4"},{"type":3,"id":"508e5ed4-2f32-44c7-b4dd-fa51e812ae49"}],"id":"f7e8b465-96e8-4759-a1bb-811726a29cc9"},{"src":"|project://smallsql0.21_src/src/smallsql/junit/BenchTest.java|(6491,1185,<164,52>,<190,5>)","metadata":{"length":27,"sloc":26,"mass":141},"fragment":"{\r\n        System.out.println();\r\n        System.out.println( \"Test insert empty rows with insertRow(): \" + rowCount + \" rows\");\r\n        \r\n        try{\r\n            Statement st = con.createStatement( ResultSet.TYPE_SCROLL_SENSITIVE, ResultSet.CONCUR_UPDATABLE );\r\n            ResultSet rs = st.executeQuery(\"SELECT * FROM \"+tableName);\r\n            long time = -System.currentTimeMillis();\r\n            for (int i=0; i<rowCount; i++){\r\n                rs.moveToInsertRow();\r\n                rs.insertRow();\r\n            }\r\n            time += System.currentTimeMillis();\r\n            rs = st.executeQuery( \"SELECT count(*) FROM \" + tableName);\r\n            rs.next();\r\n            int count = rs.getInt(1);\r\n            if (count != rowCount)\r\n                 System.out.println( \"  Failed: Only \" + count + \" rows were inserted.\");\r\n            else System.out.println( \"  Test time: \" + time + \" ms\");\r\n            st.close();\r\n        }catch(Exception e){\r\n            System.out.println(\"  Failed:\"+e);\r\n        }finally{\r\n            System.out.println();\r\n            System.out.println(\"===================================================================\");\r\n        }\r\n    }","location":{"offset":[6491,1185],"column":52,"row":164,"file":"smallsql0.21_src/src/smallsql/junit/BenchTest.java"},"clone_class":"f62037b6-cc66-46e4-8245-d9e460c70a9e","pairs":[{"type":3,"id":"f7e8b465-96e8-4759-a1bb-811726a29cc9"},{"type":3,"id":"508e5ed4-2f32-44c7-b4dd-fa51e812ae49"}],"id":"8af8a218-8d50-4f4b-a3c2-8905bde2cfb4"},{"src":"|project://smallsql0.21_src/src/smallsql/junit/BenchTest.java|(15270,1239,<372,47>,<400,5>)","metadata":{"length":29,"sloc":28,"mass":146},"fragment":"{\r\n        System.out.println();\r\n        System.out.println( \"Test update rows with updateRow(): \" + rowCount + \" rows\");\r\n        \r\n        try{\r\n            Statement st = con.createStatement( ResultSet.TYPE_SCROLL_SENSITIVE, ResultSet.CONCUR_UPDATABLE );\r\n            ResultSet rs = st.executeQuery(\"SELECT * FROM \" + tableName);\r\n            int colCount = rs.getMetaData().getColumnCount();\r\n            long time = -System.currentTimeMillis();\r\n            int count = 0;\r\n            while(rs.next()){\r\n                for (int i=2; i<=colCount; i++){\r\n                    rs.updateObject( i, rs.getObject(i) );\r\n                }\r\n                rs.updateRow();\r\n                count++;\r\n            }\r\n            time += System.currentTimeMillis();\r\n            if (count != rowCount)\r\n                 System.out.println( \"  Failed: Only \" + count + \" rows were updated.\");\r\n            else System.out.println( \"  Test time: \" + time + \" ms\");\r\n            st.close();\r\n        }catch(Exception e){\r\n            System.out.println(\"  Failed:\" + e);\r\n        }finally{\r\n            System.out.println();\r\n            System.out.println(\"===================================================================\");\r\n        }\r\n    }","location":{"offset":[15270,1239],"column":47,"row":372,"file":"smallsql0.21_src/src/smallsql/junit/BenchTest.java"},"clone_class":"f62037b6-cc66-46e4-8245-d9e460c70a9e","pairs":[{"type":3,"id":"f7e8b465-96e8-4759-a1bb-811726a29cc9"},{"type":3,"id":"8af8a218-8d50-4f4b-a3c2-8905bde2cfb4"}],"id":"508e5ed4-2f32-44c7-b4dd-fa51e812ae49"}]