[{"src":"|project://smallsql0.21_src/src/smallsql/database/CommandSelect.java|(13107,518,<416,49>,<429,5>)","metadata":{"length":14,"sloc":14,"mass":79},"fragment":"{\r\n\t\t\t\t\tExpression src = newRowSources[i];\r\n\t\t\t\t\tif(src != null && (!(src instanceof ExpressionValue) || !((ExpressionValue)src).isEmpty())){\t\r\n\t\t\t\t\t\tExpression col = columnExpressions.get(i);\r\n\t\t\t\t\t\tif(!col.isDefinitelyWritable())\r\n\t\t\t\t\t\t\tthrow SmallSQLException.create(Language.COL_READONLY, new Integer(i));\r\n\t\t\t\t\t\tExpressionName exp = (ExpressionName)col;\r\n\t\t\t\t\t\tif(table == exp.getTable()){\r\n\t\t\t\t\t\t\tupdateValues[exp.getColumnIndex()] = src;\r\n\t\t\t\t\t\t\tisUpdateNeeded = true;\r\n\t\t\t\t\t\t\tcontinue;\r\n\t\t\t\t\t\t}\r\n\t\t\t\t\t}\r\n\t\t\t\t}","location":{"offset":[13107,518],"column":49,"row":416,"file":"smallsql0.21_src/src/smallsql/database/CommandSelect.java"},"clone_class":"c6f5061e-ee05-40d6-a9ad-debb70792545","pairs":[{"type":3,"id":"2619aaac-043a-4de8-bffa-6add2c3fba64"}],"id":"a6afa415-049b-47f7-a0f8-186a7d32c438"},{"src":"|project://smallsql0.21_src/src/smallsql/database/CommandSelect.java|(14661,559,<460,49>,<473,5>)","metadata":{"length":14,"sloc":14,"mass":81},"fragment":"{\r\n\t\t\t\t\tExpression src = newRowSources[i];\r\n\t\t\t\t\tif(src != null && (!(src instanceof ExpressionValue) || !((ExpressionValue)src).isEmpty())){\t\r\n\t\t\t\t\t\tExpression rsColumn = columnExpressions.get(i); // Column of the ResultSet\r\n\t\t\t\t\t\tif(!rsColumn.isDefinitelyWritable())\r\n\t\t\t\t\t\t\tthrow SmallSQLException.create(Language.COL_READONLY, new Integer(i));\r\n\t\t\t\t\t\tExpressionName exp = (ExpressionName)rsColumn;\r\n\t\t\t\t\t\tif(table == exp.getTable()){\r\n\t\t\t\t\t\t\tupdateValues[exp.getColumnIndex()] = src;\r\n\t\t\t\t\t\t\tcontinue;\r\n\t\t\t\t\t\t}\r\n\t\t\t\t\t}\r\n\t\t\t\t\tupdateValues[i] = null;\r\n\t\t\t\t}","location":{"offset":[14661,559],"column":49,"row":460,"file":"smallsql0.21_src/src/smallsql/database/CommandSelect.java"},"clone_class":"c6f5061e-ee05-40d6-a9ad-debb70792545","pairs":[{"type":3,"id":"a6afa415-049b-47f7-a0f8-186a7d32c438"}],"id":"2619aaac-043a-4de8-bffa-6add2c3fba64"}]