[{"src":"|project://smallsql0.21_src/src/smallsql/database/Utils.java|(4960,249,<160,4>,<167,5>)","metadata":{"length":8,"sloc":8,"mass":50},"fragment":"static int bytes2int( byte[] bytes ){\r\n        int result = 0;\r\n        int length = Math.min( 4, bytes.length);\r\n        for(int i=0; i<length; i++){\r\n            result = (result << 8) | (bytes[i] & 0xFF);\r\n        }\r\n        return result;\r\n    }","location":{"offset":[4960,249],"column":4,"row":160,"file":"smallsql0.21_src/src/smallsql/database/Utils.java"},"clone_class":"131327d1-d7b1-402a-91cd-bb1031072c65","pairs":[{"type":2,"id":"2d635ccb-0e18-4aca-8235-83d7fe47281e"}],"id":"2594277e-6d49-4fef-8970-d1a2d7c76ead"},{"src":"|project://smallsql0.21_src/src/smallsql/database/Utils.java|(4700,252,<151,4>,<158,5>)","metadata":{"length":8,"sloc":8,"mass":50},"fragment":"static long bytes2long( byte[] bytes ){\r\n        long result = 0;\r\n        int length = Math.min( 8, bytes.length);\r\n        for(int i=0; i<length; i++){\r\n            result = (result << 8) | (bytes[i] & 0xFF);\r\n        }\r\n        return result;\r\n    }","location":{"offset":[4700,252],"column":4,"row":151,"file":"smallsql0.21_src/src/smallsql/database/Utils.java"},"clone_class":"131327d1-d7b1-402a-91cd-bb1031072c65","pairs":[{"type":2,"id":"2594277e-6d49-4fef-8970-d1a2d7c76ead"}],"id":"2d635ccb-0e18-4aca-8235-83d7fe47281e"}]