[{"src":"|project://smallsql0.21_src/src/smallsql/database/CommandSelect.java|(14584,642,<459,3>,<474,4>)","metadata":{"length":16,"sloc":16,"mass":98},"fragment":"if(newRowSources != null){\r\n\t\t\t\tfor(int i=0; i<columnExpressions.size(); i++){\r\n\t\t\t\t\tExpression src = newRowSources[i];\r\n\t\t\t\t\tif(src != null && (!(src instanceof ExpressionValue) || !((ExpressionValue)src).isEmpty())){\t\r\n\t\t\t\t\t\tExpression rsColumn = columnExpressions.get(i); // Column of the ResultSet\r\n\t\t\t\t\t\tif(!rsColumn.isDefinitelyWritable())\r\n\t\t\t\t\t\t\tthrow SmallSQLException.create(Language.COL_READONLY, new Integer(i));\r\n\t\t\t\t\t\tExpressionName exp = (ExpressionName)rsColumn;\r\n\t\t\t\t\t\tif(table == exp.getTable()){\r\n\t\t\t\t\t\t\tupdateValues[exp.getColumnIndex()] = src;\r\n\t\t\t\t\t\t\tcontinue;\r\n\t\t\t\t\t\t}\r\n\t\t\t\t\t}\r\n\t\t\t\t\tupdateValues[i] = null;\r\n\t\t\t\t}\r\n\t\t\t}","location":{"offset":[14584,642],"column":3,"row":459,"file":"smallsql0.21_src/src/smallsql/database/CommandSelect.java"},"clone_class":"a8de9bc6-61e3-479b-9fa0-6e239c3696e0","pairs":[{"type":3,"id":"e36a0409-fc62-41b3-b363-9d3b96d83016"},{"type":3,"id":"d599229d-c93a-4d7a-a3e4-9ff126e31f17"},{"type":3,"id":"db52a753-3b00-4054-80d5-ce87114109b1"}],"id":"1c9b8a86-dac7-4904-ad3a-f706dcb870c5"},{"src":"|project://smallsql0.21_src/src/smallsql/database/CommandSelect.java|(13062,563,<416,4>,<429,5>)","metadata":{"length":14,"sloc":14,"mass":91},"fragment":"for(int i=0; i<columnExpressions.size(); i++){\r\n\t\t\t\t\tExpression src = newRowSources[i];\r\n\t\t\t\t\tif(src != null && (!(src instanceof ExpressionValue) || !((ExpressionValue)src).isEmpty())){\t\r\n\t\t\t\t\t\tExpression col = columnExpressions.get(i);\r\n\t\t\t\t\t\tif(!col.isDefinitelyWritable())\r\n\t\t\t\t\t\t\tthrow SmallSQLException.create(Language.COL_READONLY, new Integer(i));\r\n\t\t\t\t\t\tExpressionName exp = (ExpressionName)col;\r\n\t\t\t\t\t\tif(table == exp.getTable()){\r\n\t\t\t\t\t\t\tupdateValues[exp.getColumnIndex()] = src;\r\n\t\t\t\t\t\t\tisUpdateNeeded = true;\r\n\t\t\t\t\t\t\tcontinue;\r\n\t\t\t\t\t\t}\r\n\t\t\t\t\t}\r\n\t\t\t\t}","location":{"offset":[13062,563],"column":4,"row":416,"file":"smallsql0.21_src/src/smallsql/database/CommandSelect.java"},"clone_class":"a8de9bc6-61e3-479b-9fa0-6e239c3696e0","pairs":[{"type":3,"id":"1c9b8a86-dac7-4904-ad3a-f706dcb870c5"},{"type":3,"id":"e36a0409-fc62-41b3-b363-9d3b96d83016"},{"type":3,"id":"d599229d-c93a-4d7a-a3e4-9ff126e31f17"}],"id":"db52a753-3b00-4054-80d5-ce87114109b1"}]