[{"src":"|project://smallsql0.21_src/src/smallsql/database/ExpressionFunctionReplace.java|(2533,760,<80,1>,<103,2>)","metadata":{"length":24,"sloc":24,"mass":110},"fragment":"final String getString() throws Exception {\r\n\t\tif(isNull()) return null;\r\n\t\tString str1 = param1.getString();\r\n\t\tString str2  = param2.getString();\r\n        int length = str2.length();\r\n        if(length == 0){\r\n            return str1;\r\n        }\r\n        String str3  = param3.getString();\r\n        StringBuffer buffer = new StringBuffer();\r\n        int idx1 = 0;\r\n        int idx2 = str1.indexOf(str2,idx1);\r\n        while(idx2 >= 0){\r\n            buffer.append(str1.substring(idx1,idx2));\r\n            buffer.append(str3);\r\n            idx1 = idx2 + length;\r\n            idx2 = str1.indexOf(str2,idx1);\r\n        }\r\n        if(idx1 > 0){\r\n            buffer.append(str1.substring(idx1));\r\n            return buffer.toString();\r\n        }\r\n\t\treturn str1;\r\n\t}","location":{"offset":[2533,760],"column":1,"row":80,"file":"smallsql0.21_src/src/smallsql/database/ExpressionFunctionReplace.java"},"clone_class":"6d4f5603-b612-42bc-b627-043de786ccdc","pairs":[{"type":3,"id":"5a8d7e45-7ee5-435d-b729-3ff6fcf8c044"},{"type":3,"id":"5b4bde1e-2ed3-49d2-a090-6e9a1a5eadc6"}],"id":"af1f0b3f-48fc-49d0-a7dc-85da914222b2"},{"src":"|project://smallsql0.21_src/src/smallsql/database/ExpressionFunctionReplace.java|(1724,800,<54,1>,<77,2>)","metadata":{"length":24,"sloc":24,"mass":118},"fragment":"final byte[] getBytes() throws Exception{\r\n\t\tif(isNull()) return null;\r\n        byte[] str1 = param1.getBytes();\r\n        byte[] str2  = param2.getBytes();\r\n        int length = str2.length;\r\n        if(length == 0){\r\n            return str1;\r\n        }\r\n        byte[] str3  = param3.getBytes();\r\n        ByteArrayOutputStream buffer = new ByteArrayOutputStream();\r\n        int idx1 = 0;\r\n        int idx2 = Utils.indexOf(str2,str1,idx1);\r\n        while(idx2 > 0){\r\n            buffer.write(str1,idx1,idx2-idx1);\r\n            buffer.write(str3);\r\n            idx1 = idx2 + length;\r\n            idx2 = Utils.indexOf(str2,str1,idx1);\r\n        }\r\n        if(idx1 > 0){\r\n            buffer.write(str1,idx1,str1.length-idx1);\r\n            return buffer.toByteArray();\r\n        }\r\n        return str1;\r\n\t}","location":{"offset":[1724,800],"column":1,"row":54,"file":"smallsql0.21_src/src/smallsql/database/ExpressionFunctionReplace.java"},"clone_class":"6d4f5603-b612-42bc-b627-043de786ccdc","pairs":[{"type":3,"id":"af1f0b3f-48fc-49d0-a7dc-85da914222b2"},{"type":3,"id":"5a8d7e45-7ee5-435d-b729-3ff6fcf8c044"}],"id":"5b4bde1e-2ed3-49d2-a090-6e9a1a5eadc6"}]