[{"src":"|project://smallsql0.21_src/src/smallsql/junit/TestTransactions.java|(5584,1061,<166,1>,<194,2>)","metadata":{"length":29,"sloc":21,"mass":81},"fragment":"/**\r\n\t * In the table there is already one row that is commited.\r\n\t */\r\n\tpublic void testRollbackWithOneCommitRow() throws Exception{\r\n\t\tConnection con = AllTests.getConnection();\r\n\t\ttry{\t\t\t\r\n\t\t\tcon.createStatement().execute(\"Create Table transactions (i int identity, v varchar(20))\");\r\n\t\t\tassertRowCount( 0, \"Select * from transactions\");\r\n\r\n\t\t\tcon.createStatement().execute(\"Insert Into transactions(v) Values('qwert')\");\r\n\t\t\tassertRowCount( 1, \"Select * from transactions\");\r\n\r\n\t\t\tcon.setAutoCommit(false);\r\n\t\t\tcon.createStatement().execute(\"Insert Into transactions(v) Select v From transactions\");\r\n\t\t\tassertRowCount( 2, \"Select * from transactions\");\r\n\r\n\t\t\tcon.createStatement().execute(\"Insert Into transactions(v) (Select v From transactions)\");\r\n\t\t\tassertRowCount( 4, \"Select * from transactions\");\r\n\t\t\t\r\n\t\t\tcon.rollback();\r\n\t\t\tassertRowCount( 1, \"Select * from transactions\");\r\n\t\t\t\r\n\t\t}finally{\r\n\t\t\ttry{\r\n\t\t\t\tcon.createStatement().execute(\"Drop Table transactions\");\r\n\t\t\t}catch(Throwable e){e.printStackTrace();}\r\n\t\t\tcon.setAutoCommit(true);\r\n\t\t}\r\n\t}","location":{"offset":[5584,1061],"column":1,"row":166,"file":"smallsql0.21_src/src/smallsql/junit/TestTransactions.java"},"clone_class":"b58f6a33-2eee-4aee-85a3-68d50f820c8a","pairs":[{"type":3,"id":"41c69b23-359a-4c20-a888-5e5bf13e83e3"},{"type":3,"id":"e9e2c2e1-e80e-4fcf-a720-88911951b057"}],"id":"e174d020-d703-4c7f-b813-cf555b291849"},{"src":"|project://smallsql0.21_src/src/smallsql/junit/TestTransactions.java|(2609,922,<79,42>,<104,2>)","metadata":{"length":26,"sloc":21,"mass":77},"fragment":"{\r\n\t\tConnection con = AllTests.getConnection();\r\n\t\ttry{\t\t\t\r\n\t\t\tcon.setAutoCommit(false);\r\n\t\t\tcon.createStatement().execute(\"Create Table transactions (i int identity, v varchar(20))\");\r\n\t\t\tassertRowCount( 0, \"Select * from transactions\");\r\n\r\n\t\t\tcon.createStatement().execute(\"Insert Into transactions(v) Values('qwert')\");\r\n\t\t\tassertRowCount( 1, \"Select * from transactions\");\r\n\r\n\t\t\tcon.createStatement().execute(\"Insert Into transactions(v) Select v From transactions\");\r\n\t\t\tassertRowCount( 2, \"Select * from transactions\");\r\n\r\n\t\t\tcon.createStatement().execute(\"Insert Into transactions Select * From transactions\");\r\n\t\t\tassertRowCount( 4, \"Select * from transactions\");\r\n\t\t\t\r\n\t\t\tcon.commit();\r\n\t\t\tassertRowCount( 4, \"Select * from transactions\");\r\n\t\t\t\r\n\t\t}finally{\r\n\t\t\ttry{\r\n\t\t\t\tcon.createStatement().execute(\"Drop Table transactions\");\r\n\t\t\t}catch(Throwable e){e.printStackTrace();}\r\n\t\t\tcon.setAutoCommit(true);\r\n\t\t}\r\n\t}","location":{"offset":[2609,922],"column":42,"row":79,"file":"smallsql0.21_src/src/smallsql/junit/TestTransactions.java"},"clone_class":"b58f6a33-2eee-4aee-85a3-68d50f820c8a","pairs":[{"type":3,"id":"e174d020-d703-4c7f-b813-cf555b291849"},{"type":3,"id":"e9e2c2e1-e80e-4fcf-a720-88911951b057"}],"id":"41c69b23-359a-4c20-a888-5e5bf13e83e3"},{"src":"|project://smallsql0.21_src/src/smallsql/junit/TestTransactions.java|(4602,975,<138,1>,<163,2>)","metadata":{"length":26,"sloc":21,"mass":81},"fragment":"public void testRollback() throws Exception{\r\n\t\tConnection con = AllTests.getConnection();\r\n\t\ttry{\t\t\t\r\n\t\t    con.createStatement().execute(\"Create Table transactions (i int identity, v varchar(20))\");\r\n\t\t\tcon.setAutoCommit(false);\r\n\t\t\tassertRowCount( 0, \"Select * from transactions\");\r\n\r\n\t\t\tcon.createStatement().execute(\"Insert Into transactions(v) Values('qwert')\");\r\n\t\t\tassertRowCount( 1, \"Select * from transactions\");\r\n\r\n\t\t\tcon.createStatement().execute(\"Insert Into transactions(v) Select v From transactions\");\r\n\t\t\tassertRowCount( 2, \"Select * from transactions\");\r\n\r\n\t\t\tcon.createStatement().execute(\"Insert Into transactions(v) (Select v From transactions)\");\r\n\t\t\tassertRowCount( 4, \"Select * from transactions\");\r\n\t\t\t\r\n\t\t\tcon.rollback();\r\n\t\t\tassertRowCount( 0, \"Select * from transactions\");\r\n\t\t\t\r\n\t\t}finally{\r\n\t\t\ttry{\r\n\t\t\t\tcon.createStatement().execute(\"Drop Table transactions\");\r\n\t\t\t}catch(Throwable e){e.printStackTrace();}\r\n\t\t\tcon.setAutoCommit(true);\r\n\t\t}\r\n\t}","location":{"offset":[4602,975],"column":1,"row":138,"file":"smallsql0.21_src/src/smallsql/junit/TestTransactions.java"},"clone_class":"b58f6a33-2eee-4aee-85a3-68d50f820c8a","pairs":[{"type":3,"id":"e174d020-d703-4c7f-b813-cf555b291849"},{"type":3,"id":"41c69b23-359a-4c20-a888-5e5bf13e83e3"}],"id":"e9e2c2e1-e80e-4fcf-a720-88911951b057"}]