[{"src":"|project://smallsql0.21_src/src/smallsql/junit/TestOrderBy.java|(5916,667,<198,1>,<223,2>)","metadata":{"length":26,"sloc":22,"mass":102},"fragment":"public void testOrderBy_varchar_desc() throws Exception{\r\n\t\tinit();\r\n\t\tConnection con = AllTests.getConnection();\r\n\t\tStatement st = con.createStatement();\r\n\t\tResultSet rs;\r\n\t\tString oldValue;\r\n\t\t\r\n\t\trs = st.executeQuery(\"SELECT * FROM \" + table1 + \" ORDER  by v desc\");\r\n\t\t\r\n\t\tassertTrue( rs.next() );\r\n\t\toldValue = rs.getString(\"v\");\r\n\t\t\r\n\t\tint count = 1;\r\n\t\twhile(oldValue != null && rs.next()){\r\n\t\t\tString newValue = rs.getString(\"v\");\r\n\t\t\tif(newValue != null){\r\n\t\t\t\tassertTrue( oldValue.compareTo( newValue ) > 0 );\r\n\t\t\t\tcount++;\r\n\t\t\t}\r\n\t\t\toldValue = newValue;\r\n\t\t}\r\n\t\tassertNull(oldValue);\r\n\t\tassertFalse( rs.next() );\r\n\r\n\t\tassertEquals( valueCount, count );\r\n\t}","location":{"offset":[5916,667],"column":1,"row":198,"file":"smallsql0.21_src/src/smallsql/junit/TestOrderBy.java"},"clone_class":"8233639e-f191-4755-82e2-4ef7549ed88e","pairs":[{"type":3,"id":"7711944e-debf-4274-a50d-6fc015f65755"}],"id":"3ed17c0c-53db-4556-a564-e896329345fa"},{"src":"|project://smallsql0.21_src/src/smallsql/junit/TestOrderBy.java|(11991,630,<440,52>,<464,2>)","metadata":{"length":25,"sloc":22,"mass":104},"fragment":"{\r\n\t\tinit();\r\n\t\tConnection con = AllTests.getConnection();\r\n\t\tStatement st = con.createStatement();\r\n\t\tResultSet rs;\r\n\t\tInteger oldValue;\r\n\t\t\r\n\t\trs = st.executeQuery(\"SELECT * FROM \" + table1 + \" ORDER  by i Desc\");\r\n\t\t\r\n\t\tassertTrue( rs.next() );\r\n\t\toldValue = (Integer)rs.getObject(\"i\");\r\n\t\t\r\n\t\tint count = 1;\r\n\t\twhile(oldValue != null && rs.next()){\r\n\t\t\tInteger newValue = (Integer)rs.getObject(\"i\");\r\n\t\t\tif(newValue != null){\r\n\t\t\t\tassertTrue( oldValue.compareTo( newValue ) > 0 );\r\n\t\t\t\tcount++;\r\n\t\t\t}\r\n\t\t\toldValue = newValue;\r\n\t\t}\r\n\t\tassertNull(oldValue);\r\n\t\tassertFalse( rs.next() );\r\n\t\tassertEquals( valueCount, count );\r\n\t}","location":{"offset":[11991,630],"column":52,"row":440,"file":"smallsql0.21_src/src/smallsql/junit/TestOrderBy.java"},"clone_class":"8233639e-f191-4755-82e2-4ef7549ed88e","pairs":[{"type":3,"id":"3ed17c0c-53db-4556-a564-e896329345fa"}],"id":"7711944e-debf-4274-a50d-6fc015f65755"}]