[{"src":"|project://smallsql0.21_src/src/smallsql/database/StoreImpl.java|(14377,520,<402,19>,<412,5>)","metadata":{"length":11,"sloc":10,"mass":95},"fragment":"{\r\n        //return (((long)readInt()) << 32) | (readInt() & 0xFFFFFFFFL);\r\n        return  ((long)(page[ offset++ ]) << 56) |\r\n                ((long)(page[ offset++ ] & 0xFF) << 48) |\r\n                ((long)(page[ offset++ ] & 0xFF) << 40) |\r\n                ((long)(page[ offset++ ] & 0xFF) << 32) |\r\n                ((long)(page[ offset++ ] & 0xFF) << 24) |\r\n                ((page[ offset++ ] & 0xFF) << 16) |\r\n                ((page[ offset++ ] & 0xFF) << 8) |\r\n                ((page[ offset++ ] & 0xFF));\r\n    }","location":{"offset":[14377,520],"column":19,"row":402,"file":"smallsql0.21_src/src/smallsql/database/StoreImpl.java"},"clone_class":"c9b57f3f-7289-4958-af7b-7b1c62f06e37","pairs":[{"type":3,"id":"2a8c3043-10ad-48ae-a410-ef1e24f81619"},{"type":3,"id":"f5c7ba60-7949-449b-8f77-abc3bcff186a"},{"type":3,"id":"86326d49-0632-4bc2-a71c-ad1041d279db"},{"type":3,"id":"d9ac1754-35d7-4785-843b-5b780d52fa19"}],"id":"18b3e63f-5118-4001-bc40-11edb9b54a2e"},{"src":"|project://smallsql0.21_src/src/smallsql/database/MemoryStream.java|(3776,392,<137,1>,<146,2>)","metadata":{"length":10,"sloc":10,"mass":100},"fragment":"long readLong(){\r\n\t\treturn (((long)(puffer[ offset++ ] & 0xFF)) << 56)\r\n\t\t\t | (((long)(puffer[ offset++ ] & 0xFF)) << 48)\r\n\t\t\t | (((long)(puffer[ offset++ ] & 0xFF)) << 40)\r\n\t\t\t | (((long)(puffer[ offset++ ] & 0xFF)) << 32)\r\n\t\t\t | ((puffer[ offset++ ] & 0xFF) << 24)\r\n\t\t\t | ((puffer[ offset++ ] & 0xFF) << 16)\r\n\t\t\t | ((puffer[ offset++ ] & 0xFF) << 8)\r\n\t\t\t |  (puffer[ offset++ ] & 0xFF);\r\n\t}","location":{"offset":[3776,392],"column":1,"row":137,"file":"smallsql0.21_src/src/smallsql/database/MemoryStream.java"},"clone_class":"c9b57f3f-7289-4958-af7b-7b1c62f06e37","pairs":[{"type":3,"id":"18b3e63f-5118-4001-bc40-11edb9b54a2e"},{"type":3,"id":"2a8c3043-10ad-48ae-a410-ef1e24f81619"},{"type":3,"id":"f5c7ba60-7949-449b-8f77-abc3bcff186a"},{"type":3,"id":"86326d49-0632-4bc2-a71c-ad1041d279db"}],"id":"d9ac1754-35d7-4785-843b-5b780d52fa19"}]