[{"src":"|project://smallsql0.21_src/src/smallsql/database/Table.java|(18694,569,<532,6>,<551,7>)","metadata":{"length":20,"sloc":16,"mass":54},"fragment":"while(lock != null){\r\n\t\t\t\t\t\t\tif(lock == storePage){\r\n\t\t\t\t\t\t\t\t//lock entfernen\r\n\t\t\t\t\t\t\t\tif(lock == prev){\r\n\t\t\t\t\t\t\t\t\tif(lock.nextLock == null){\r\n\t\t\t\t\t\t\t\t\t\t// erste und einzige Lock in Liste\r\n\t\t\t\t\t\t\t\t\t\tlocks.remove(pageKey);\r\n\t\t\t\t\t\t\t\t\t}else{\r\n\t\t\t\t\t\t\t\t\t\t// the first lock in the list is removed\r\n\t\t\t\t\t\t\t\t\t\tlocks.put( pageKey, lock.nextLock );\r\n\t\t\t\t\t\t\t\t\t}\r\n\t\t\t\t\t\t\t\t}else{\r\n\t\t\t\t\t\t\t\t\t// a lock in the middle or end of the list is removed\r\n\t\t\t\t\t\t\t\t\tprev.nextLock = lock.nextLock;\r\n\t\t\t\t\t\t\t\t}\r\n\t\t\t\t\t\t\t\treturn;\r\n\t\t\t\t\t\t\t}\r\n\t\t\t\t\t\t\tprev = lock;\r\n\t\t\t\t\t\t\tlock = lock.nextLock;\r\n\t\t\t\t\t\t}","location":{"offset":[18694,569],"column":6,"row":532,"file":"smallsql0.21_src/src/smallsql/database/Table.java"},"clone_class":"c4716b30-8552-43b4-9eaa-915cb22406d1","pairs":[{"type":3,"id":"39088da0-eb6b-4aff-bda4-25fe1b582fd8"}],"id":"bfba3985-3511-4266-8262-cc763e9a765f"},{"src":"|project://smallsql0.21_src/src/smallsql/database/Table.java|(17914,569,<505,26>,<524,8>)","metadata":{"length":20,"sloc":16,"mass":51},"fragment":"{\r\n\t\t\t\t\t\t\t\tif(lock == storePage){\r\n\t\t\t\t\t\t\t\t\t//remove lock\r\n\t\t\t\t\t\t\t\t\tif(lock == prev){\r\n\t\t\t\t\t\t\t\t\t\tif(lock.nextLock == null){\r\n\t\t\t\t\t\t\t\t\t\t\t// the first lock is the only lock in the list\r\n\t\t\t\t\t\t\t\t\t\t\tlocksInsert.remove(i--);\r\n\t\t\t\t\t\t\t\t\t\t}else{\r\n\t\t\t\t\t\t\t\t\t\t\t// only the first lock of the list is remove\r\n\t\t\t\t\t\t\t\t\t\t\tlocksInsert.set( i, lock.nextLock );\r\n\t\t\t\t\t\t\t\t\t\t}\r\n\t\t\t\t\t\t\t\t\t}else{\r\n\t\t\t\t\t\t\t\t\t\t// a lock in the mid or end is removed\r\n\t\t\t\t\t\t\t\t\t\tprev.nextLock = lock.nextLock;\r\n\t\t\t\t\t\t\t\t\t}\r\n\t\t\t\t\t\t\t\t\treturn;\r\n\t\t\t\t\t\t\t\t}\r\n\t\t\t\t\t\t\t\tprev = lock;\r\n\t\t\t\t\t\t\t\tlock = lock.nextLock;\r\n\t\t\t\t\t\t\t}","location":{"offset":[17914,569],"column":26,"row":505,"file":"smallsql0.21_src/src/smallsql/database/Table.java"},"clone_class":"c4716b30-8552-43b4-9eaa-915cb22406d1","pairs":[{"type":3,"id":"bfba3985-3511-4266-8262-cc763e9a765f"}],"id":"39088da0-eb6b-4aff-bda4-25fe1b582fd8"}]