[{"src":"|project://smallsql0.21_src/src/smallsql/database/MutableNumeric.java|(14515,907,<512,4>,<533,5>)","metadata":{"length":22,"sloc":19,"mass":119},"fragment":"public double doubleValue(){\r\n        if(value.length == 0 || signum == 0){\r\n            return 0;\r\n        }else{\r\n            if (value.length == 1 && (value[0] > 0)){\r\n                // simple Integer Value\r\n                return value[0] / scaleDoubleFactor[scale] * signum;\r\n            }else\r\n            if (value.length == 1){\r\n                // overflow Integer Value\r\n                long temp = value[0] & 0xFFFFFFFFL;\r\n                return temp / scaleDoubleFactor[scale] * signum;\r\n            }else\r\n            if (value.length == 2 && (value[0] > 0)){\r\n                // simple Long Value\r\n                long temp = (((long)value[0]) << 32) | (value[1] & 0xFFFFFFFFL);\r\n                return temp / scaleDoubleFactor[scale] * signum;\r\n            }else{\r\n                return new BigDecimal( new BigInteger( toByteArray() ), scale ).doubleValue();\r\n            }\r\n        }\r\n    }","location":{"offset":[14515,907],"column":4,"row":512,"file":"smallsql0.21_src/src/smallsql/database/MutableNumeric.java"},"clone_class":"5bb22b87-4c70-40c4-8423-48d89bede7b8","pairs":[{"type":2,"id":"65a6340a-0a8b-47bf-b09a-d9ba8e248e31"}],"id":"8ec9abcc-f49a-4fb6-8f4a-27a9098a9333"},{"src":"|project://smallsql0.21_src/src/smallsql/database/MutableNumeric.java|(13606,901,<489,4>,<510,5>)","metadata":{"length":22,"sloc":19,"mass":119},"fragment":"public float floatValue(){\r\n        if(value.length == 0 || signum == 0){\r\n            return 0;\r\n        }else{\r\n            if (value.length == 1 && (value[0] > 0)){\r\n                // simple Integer Value\r\n                return value[0] / scaleFloatFactor[scale] * signum;\r\n            }else\r\n            if (value.length == 1){\r\n                // overflow Integer Value\r\n                long temp = value[0] & 0xFFFFFFFFL;\r\n                return temp / scaleFloatFactor[scale] * signum;\r\n            }else\r\n            if (value.length == 2 && (value[0] > 0)){\r\n                // simple Long Value\r\n                long temp = (((long)value[0]) << 32) | (value[1] & 0xFFFFFFFFL);\r\n                return temp / scaleFloatFactor[scale] * signum;\r\n            }else{\r\n                return new BigDecimal( new BigInteger( toByteArray() ), scale ).floatValue();\r\n            }\r\n        }\r\n    }","location":{"offset":[13606,901],"column":4,"row":489,"file":"smallsql0.21_src/src/smallsql/database/MutableNumeric.java"},"clone_class":"5bb22b87-4c70-40c4-8423-48d89bede7b8","pairs":[{"type":2,"id":"8ec9abcc-f49a-4fb6-8f4a-27a9098a9333"}],"id":"65a6340a-0a8b-47bf-b09a-d9ba8e248e31"}]