[{"src":"|project://smallsql0.21_src/src/smallsql/junit/TestTransactions.java|(2660,867,<81,2>,<103,3>)","metadata":{"length":23,"sloc":18,"mass":69},"fragment":"try{\t\t\t\r\n\t\t\tcon.setAutoCommit(false);\r\n\t\t\tcon.createStatement().execute(\"Create Table transactions (i int identity, v varchar(20))\");\r\n\t\t\tassertRowCount( 0, \"Select * from transactions\");\r\n\r\n\t\t\tcon.createStatement().execute(\"Insert Into transactions(v) Values('qwert')\");\r\n\t\t\tassertRowCount( 1, \"Select * from transactions\");\r\n\r\n\t\t\tcon.createStatement().execute(\"Insert Into transactions(v) Select v From transactions\");\r\n\t\t\tassertRowCount( 2, \"Select * from transactions\");\r\n\r\n\t\t\tcon.createStatement().execute(\"Insert Into transactions Select * From transactions\");\r\n\t\t\tassertRowCount( 4, \"Select * from transactions\");\r\n\t\t\t\r\n\t\t\tcon.commit();\r\n\t\t\tassertRowCount( 4, \"Select * from transactions\");\r\n\t\t\t\r\n\t\t}finally{\r\n\t\t\ttry{\r\n\t\t\t\tcon.createStatement().execute(\"Drop Table transactions\");\r\n\t\t\t}catch(Throwable e){e.printStackTrace();}\r\n\t\t\tcon.setAutoCommit(true);\r\n\t\t}","location":{"offset":[2660,867],"column":2,"row":81,"file":"smallsql0.21_src/src/smallsql/junit/TestTransactions.java"},"clone_class":"125bc478-4c7a-40f3-ae4b-24d6a370160d","pairs":[{"type":3,"id":"75270c78-f253-4db6-8054-1b9760d9d49b"},{"type":3,"id":"01d74236-5ebf-49d0-b079-33c69b3de99a"}],"id":"816d7705-8dc5-4d26-b5ed-725f1177a505"},{"src":"|project://smallsql0.21_src/src/smallsql/junit/TestTransactions.java|(4645,932,<138,44>,<163,2>)","metadata":{"length":26,"sloc":21,"mass":77},"fragment":"{\r\n\t\tConnection con = AllTests.getConnection();\r\n\t\ttry{\t\t\t\r\n\t\t    con.createStatement().execute(\"Create Table transactions (i int identity, v varchar(20))\");\r\n\t\t\tcon.setAutoCommit(false);\r\n\t\t\tassertRowCount( 0, \"Select * from transactions\");\r\n\r\n\t\t\tcon.createStatement().execute(\"Insert Into transactions(v) Values('qwert')\");\r\n\t\t\tassertRowCount( 1, \"Select * from transactions\");\r\n\r\n\t\t\tcon.createStatement().execute(\"Insert Into transactions(v) Select v From transactions\");\r\n\t\t\tassertRowCount( 2, \"Select * from transactions\");\r\n\r\n\t\t\tcon.createStatement().execute(\"Insert Into transactions(v) (Select v From transactions)\");\r\n\t\t\tassertRowCount( 4, \"Select * from transactions\");\r\n\t\t\t\r\n\t\t\tcon.rollback();\r\n\t\t\tassertRowCount( 0, \"Select * from transactions\");\r\n\t\t\t\r\n\t\t}finally{\r\n\t\t\ttry{\r\n\t\t\t\tcon.createStatement().execute(\"Drop Table transactions\");\r\n\t\t\t}catch(Throwable e){e.printStackTrace();}\r\n\t\t\tcon.setAutoCommit(true);\r\n\t\t}\r\n\t}","location":{"offset":[4645,932],"column":44,"row":138,"file":"smallsql0.21_src/src/smallsql/junit/TestTransactions.java"},"clone_class":"125bc478-4c7a-40f3-ae4b-24d6a370160d","pairs":[{"type":3,"id":"816d7705-8dc5-4d26-b5ed-725f1177a505"},{"type":3,"id":"01d74236-5ebf-49d0-b079-33c69b3de99a"}],"id":"75270c78-f253-4db6-8054-1b9760d9d49b"},{"src":"|project://smallsql0.21_src/src/smallsql/junit/TestTransactions.java|(5716,929,<169,60>,<194,2>)","metadata":{"length":26,"sloc":21,"mass":77},"fragment":"{\r\n\t\tConnection con = AllTests.getConnection();\r\n\t\ttry{\t\t\t\r\n\t\t\tcon.createStatement().execute(\"Create Table transactions (i int identity, v varchar(20))\");\r\n\t\t\tassertRowCount( 0, \"Select * from transactions\");\r\n\r\n\t\t\tcon.createStatement().execute(\"Insert Into transactions(v) Values('qwert')\");\r\n\t\t\tassertRowCount( 1, \"Select * from transactions\");\r\n\r\n\t\t\tcon.setAutoCommit(false);\r\n\t\t\tcon.createStatement().execute(\"Insert Into transactions(v) Select v From transactions\");\r\n\t\t\tassertRowCount( 2, \"Select * from transactions\");\r\n\r\n\t\t\tcon.createStatement().execute(\"Insert Into transactions(v) (Select v From transactions)\");\r\n\t\t\tassertRowCount( 4, \"Select * from transactions\");\r\n\t\t\t\r\n\t\t\tcon.rollback();\r\n\t\t\tassertRowCount( 1, \"Select * from transactions\");\r\n\t\t\t\r\n\t\t}finally{\r\n\t\t\ttry{\r\n\t\t\t\tcon.createStatement().execute(\"Drop Table transactions\");\r\n\t\t\t}catch(Throwable e){e.printStackTrace();}\r\n\t\t\tcon.setAutoCommit(true);\r\n\t\t}\r\n\t}","location":{"offset":[5716,929],"column":60,"row":169,"file":"smallsql0.21_src/src/smallsql/junit/TestTransactions.java"},"clone_class":"125bc478-4c7a-40f3-ae4b-24d6a370160d","pairs":[{"type":3,"id":"816d7705-8dc5-4d26-b5ed-725f1177a505"},{"type":3,"id":"75270c78-f253-4db6-8054-1b9760d9d49b"}],"id":"01d74236-5ebf-49d0-b079-33c69b3de99a"}]