[{"src":"|project://smallsql0.21_src/src/smallsql/junit/TestOrderBy.java|(4576,664,<143,1>,<167,2>)","metadata":{"length":25,"sloc":21,"mass":104},"fragment":"public void testOrderBy_varchar() throws Exception{\r\n\t\tinit();\r\n\t\tConnection con = AllTests.getConnection();\r\n\t\tStatement st = con.createStatement();\r\n\t\tResultSet rs;\r\n\t\tString oldValue;\r\n\t\t\r\n\t\trs = st.executeQuery(\"SELECT * FROM \" + table1 + \" ORDER  by v\");\r\n\t\t\r\n\t\tassertTrue( rs.next() );\r\n\t\t\r\n\t\toldValue = rs.getString(\"v\");\r\n\t\tassertNull(oldValue);\r\n\t\tassertTrue( rs.next() );\r\n\t\toldValue = rs.getString(\"v\");\r\n\t\t\r\n\t\tint count = 1;\r\n\t\twhile(rs.next()){\r\n\t\t\tString newValue = rs.getString(\"v\");\r\n\t\t\tassertTrue( oldValue + \"<\" + newValue, oldValue.compareTo( newValue ) < 0 );\r\n\t\t\toldValue = newValue;\r\n\t\t\tcount++;\r\n\t\t}\r\n\t\tassertEquals( valueCount, count );\r\n\t}","location":{"offset":[4576,664],"column":1,"row":143,"file":"smallsql0.21_src/src/smallsql/junit/TestOrderBy.java"},"clone_class":"fb500731-ded8-4d95-bcaa-def869614a3c","pairs":[{"type":3,"id":"1f43038f-5149-4015-988a-61ac872480ee"},{"type":3,"id":"034491fe-b990-4b60-9955-3cb389af092f"},{"type":3,"id":"b4e51401-5ba8-43df-a3eb-c3c0f38d9729"}],"id":"d2691a1a-5736-4e7f-98f5-9516cfc94439"},{"src":"|project://smallsql0.21_src/src/smallsql/junit/TestOrderBy.java|(3939,629,<115,48>,<140,2>)","metadata":{"length":26,"sloc":22,"mass":103},"fragment":"{\r\n\t\tinit();\r\n\t\tConnection con = AllTests.getConnection();\r\n\t\tStatement st = con.createStatement();\r\n\t\tResultSet rs;\r\n\t\tString oldValue;\r\n\t\t\r\n\t\trs = st.executeQuery(\"SELECT * FROM \" + table1 + \" ORDER  by c\");\r\n\t\t\r\n\t\tassertTrue( rs.next() );\r\n\t\t\r\n\t\toldValue = rs.getString(\"c\");\r\n\t\tassertNull(oldValue);\r\n\t\tassertTrue( rs.next() );\r\n\t\toldValue = rs.getString(\"c\");\r\n\t\t\r\n\t\tint count = 1;\r\n\t\twhile(rs.next()){\r\n\t\t\tString newValue = rs.getString(\"c\");\r\n\t\t\tassertTrue( oldValue + \"<\" + newValue, oldValue.compareTo( newValue ) < 0 );\r\n\t\t\toldValue = newValue;\r\n\t\t\tcount++;\r\n\t\t}\r\n\t\trs.close();\r\n\t\tassertEquals( valueCount, count );\r\n\t}","location":{"offset":[3939,629],"column":48,"row":115,"file":"smallsql0.21_src/src/smallsql/junit/TestOrderBy.java"},"clone_class":"fb500731-ded8-4d95-bcaa-def869614a3c","pairs":[{"type":3,"id":"d2691a1a-5736-4e7f-98f5-9516cfc94439"},{"type":3,"id":"1f43038f-5149-4015-988a-61ac872480ee"},{"type":3,"id":"b4e51401-5ba8-43df-a3eb-c3c0f38d9729"}],"id":"034491fe-b990-4b60-9955-3cb389af092f"},{"src":"|project://smallsql0.21_src/src/smallsql/junit/TestOrderBy.java|(5248,660,<170,1>,<195,2>)","metadata":{"length":26,"sloc":22,"mass":102},"fragment":"public void testOrderBy_varchar_asc() throws Exception{\r\n\t\tinit();\r\n\t\tConnection con = AllTests.getConnection();\r\n\t\tStatement st = con.createStatement();\r\n\t\tResultSet rs;\r\n\t\tString oldValue;\r\n\t\t\r\n\t\trs = st.executeQuery(\"SELECT * FROM \" + table1 + \" ORDER  by v ASC\");\r\n\t\t\r\n\t\tassertTrue( rs.next() );\r\n\t\t\r\n\t\toldValue = rs.getString(\"v\");\r\n\t\tassertNull(oldValue);\r\n\t\tassertTrue( rs.next() );\r\n\t\toldValue = rs.getString(\"v\");\r\n\t\t\r\n\t\tint count = 1;\r\n\t\twhile(rs.next()){\r\n\t\t\tString newValue = rs.getString(\"v\");\r\n\t\t\tassertTrue( oldValue.compareTo( newValue ) < 0 );\r\n\t\t\toldValue = newValue;\r\n\t\t\tcount++;\r\n\t\t}\r\n\t\trs.close();\r\n\t\tassertEquals( valueCount, count );\r\n\t}","location":{"offset":[5248,660],"column":1,"row":170,"file":"smallsql0.21_src/src/smallsql/junit/TestOrderBy.java"},"clone_class":"fb500731-ded8-4d95-bcaa-def869614a3c","pairs":[{"type":3,"id":"d2691a1a-5736-4e7f-98f5-9516cfc94439"},{"type":3,"id":"1f43038f-5149-4015-988a-61ac872480ee"},{"type":3,"id":"034491fe-b990-4b60-9955-3cb389af092f"}],"id":"b4e51401-5ba8-43df-a3eb-c3c0f38d9729"}]