[{"src":"|project://smallsql0.21_src/src/smallsql/junit/TestAlterTable2.java|(498,610,<29,4>,<38,5>)","metadata":{"length":10,"sloc":10,"mass":78},"fragment":"public void testWithPrimaryKey() throws Exception{\r\n        Connection con = AllTests.getConnection();\r\n        Statement st = con.createStatement();\r\n        st.execute(\"create table \"+table+\" (keyField varchar(2) primary key)\");\r\n        st.execute(\"alter table \"+table+\" add anotherField varchar(4)\");\r\n        ResultSet rs = st.executeQuery(\"Select * From \" + table);\r\n        assertRSMetaData( rs, new String[]{\"keyField\", \"anotherField\"},  new int[]{Types.VARCHAR, Types.VARCHAR} );\r\n        rs = con.getMetaData().getIndexInfo( null, null, table, false, false );\r\n        assertRowCount( 1, rs );\r\n    }","location":{"offset":[498,610],"column":4,"row":29,"file":"smallsql0.21_src/src/smallsql/junit/TestAlterTable2.java"},"clone_class":"b1482de6-e1e0-4963-b75d-b68ac15f2edb","pairs":[{"type":2,"id":"5bf2add5-410d-4b65-abfe-34fa8faa8904"},{"type":2,"id":"5fafa08c-807b-4efd-ae03-608e60acf67f"}],"id":"78387f99-2842-4fb6-a814-a776b93d9654"},{"src":"|project://smallsql0.21_src/src/smallsql/junit/TestAlterTable2.java|(2472,575,<71,4>,<80,5>)","metadata":{"length":10,"sloc":10,"mass":78},"fragment":"public void testAdd2Keys() throws Exception{\r\n        Connection con = AllTests.getConnection();\r\n        Statement st = con.createStatement();\r\n        st.execute(\"create table \"+table+\" (a varchar(2) unique)\");\r\n        st.execute(\"alter table \"+table+\" add b varchar(4) primary key\");\r\n        ResultSet rs = st.executeQuery(\"Select * From \" + table);\r\n        assertRSMetaData( rs, new String[]{\"a\", \"b\"},  new int[]{Types.VARCHAR, Types.VARCHAR} );\r\n        rs = con.getMetaData().getIndexInfo( null, null, table, false, false );\r\n        assertRowCount( 2, rs );\r\n    }","location":{"offset":[2472,575],"column":4,"row":71,"file":"smallsql0.21_src/src/smallsql/junit/TestAlterTable2.java"},"clone_class":"b1482de6-e1e0-4963-b75d-b68ac15f2edb","pairs":[{"type":2,"id":"78387f99-2842-4fb6-a814-a776b93d9654"},{"type":2,"id":"5fafa08c-807b-4efd-ae03-608e60acf67f"}],"id":"5bf2add5-410d-4b65-abfe-34fa8faa8904"},{"src":"|project://smallsql0.21_src/src/smallsql/junit/TestAlterTable2.java|(1126,573,<41,4>,<50,5>)","metadata":{"length":10,"sloc":10,"mass":78},"fragment":"public void testAddPrimaryKey() throws Exception{\r\n        Connection con = AllTests.getConnection();\r\n        Statement st = con.createStatement();\r\n        st.execute(\"create table \"+table+\" (a varchar(2))\");\r\n        st.execute(\"alter table \"+table+\" add b varchar(4) primary key\");\r\n        ResultSet rs = st.executeQuery(\"Select * From \" + table);\r\n        assertRSMetaData( rs, new String[]{\"a\", \"b\"},  new int[]{Types.VARCHAR, Types.VARCHAR} );\r\n        rs = con.getMetaData().getIndexInfo( null, null, table, false, false );\r\n        assertRowCount( 1, rs );\r\n    }","location":{"offset":[1126,573],"column":4,"row":41,"file":"smallsql0.21_src/src/smallsql/junit/TestAlterTable2.java"},"clone_class":"b1482de6-e1e0-4963-b75d-b68ac15f2edb","pairs":[{"type":2,"id":"78387f99-2842-4fb6-a814-a776b93d9654"},{"type":2,"id":"5bf2add5-410d-4b65-abfe-34fa8faa8904"}],"id":"5fafa08c-807b-4efd-ae03-608e60acf67f"}]